0.681332,-0.035466,0.781354,0.026687,0.030086,0.997126,0.064205,-0.093293,0.121235,0.362465,0.358547,-0.213773,-0.087192,0.006597,-0.342850,-0.200673,0.546498,-0.238328,0.225703,0.037064,-0.066108,0.108453,0.247645,0.140542,0.106711,0.701877,0.565445,0.432766,0.271106,0.279972,-0.303274,0.231763,0.511764,-0.941427,0.352401,0.124140
0.687464,-0.025934,0.782349,0.023957,0.029741,0.997084,0.066071,-0.099445,0.136827,0.363020,0.343518,-0.191289,-0.097778,0.044873,-0.324479,-0.245268,0.462258,-0.258244,0.221683,0.047536,-0.058744,0.104774,0.262652,0.154166,0.157860,0.703992,0.569556,0.432628,0.281291,0.256884,-0.301425,0.235767,0.519469,-0.941120,0.347067,0.123137
0.694880,-0.015555,0.783866,0.020031,0.025776,0.997196,0.067337,-0.111073,0.162046,0.359938,0.330313,-0.165702,-0.110477,0.069546,-0.291228,-0.285027,0.388978,-0.256482,0.193639,0.054668,-0.048030,0.103521,0.273647,0.162129,0.195319,0.688961,0.572285,0.433850,0.291619,0.230757,-0.293301,0.238394,0.526908,-0.939377,0.342829,0.116195
0.703590,-0.004869,0.784767,0.015479,0.021275,0.997544,0.064908,-0.133783,0.187911,0.347588,0.326969,-0.140446,-0.120946,0.077740,-0.256336,-0.317382,0.343074,-0.253762,0.160133,0.056984,-0.034853,0.105236,0.290499,0.166367,0.208192,0.671756,0.577063,0.423844,0.299901,0.210712,-0.287279,0.234284,0.522507,-0.932855,0.338953,0.104403
0.713561,0.005547,0.784513,0.010553,0.017193,0.998158,0.057222,-0.168885,0.209896,0.324315,0.333574,-0.117128,-0.129188,0.066923,-0.227523,-0.339264,0.333667,-0.261570,0.136069,0.054228,-0.019805,0.110056,0.305000,0.171114,0.190499,0.659181,0.587688,0.408669,0.293940,0.199017,-0.284859,0.223515,0.504561,-0.921976,0.333005,0.086638
0.724329,0.015456,0.783511,0.006409,0.012246,0.998823,0.046493,-0.208981,0.229937,0.292975,0.344347,-0.094216,-0.140328,0.045093,-0.202603,-0.355083,0.347086,-0.271339,0.120301,0.048306,-0.002212,0.118365,0.315618,0.178367,0.150845,0.648307,0.598431,0.390153,0.270170,0.194512,-0.281925,0.206999,0.476809,-0.906121,0.323838,0.063190
0.735443,0.024854,0.781822,0.001655,0.007155,0.999424,0.033141,-0.251961,0.245258,0.256701,0.350363,-0.064032,-0.150219,0.021198,-0.180926,-0.380716,0.360582,-0.279774,0.104429,0.041007,0.017726,0.129957,0.321341,0.187493,0.098262,0.636392,0.606607,0.367903,0.236797,0.200019,-0.275056,0.175499,0.440773,-0.885750,0.312647,0.032795
0.746392,0.033359,0.780988,-0.002930,0.003549,0.999827,0.018010,-0.290382,0.252428,0.224873,0.345052,-0.023297,-0.163969,0.001525,-0.165032,-0.416705,0.368132,-0.286737,0.082347,0.032367,0.037846,0.142037,0.323559,0.191708,0.032534,0.621520,0.621250,0.347901,0.199764,0.205492,-0.267403,0.138464,0.412072,-0.861398,0.308356,-0.000319
0.756768,0.040392,0.780632,-0.005766,0.001313,0.999981,0.001496,-0.315195,0.255138,0.213835,0.325573,0.011295,-0.195105,-0.013203,-0.156831,-0.457082,0.373844,-0.291750,0.062975,0.022036,0.056632,0.151703,0.332570,0.198793,-0.041877,0.598456,0.641931,0.320558,0.161979,0.212286,-0.262862,0.103301,0.397745,-0.838487,0.311167,-0.029360
0.766458,0.045298,0.782896,-0.007141,-0.000015,0.999847,-0.015958,-0.327045,0.261544,0.253118,0.302726,0.007674,-0.245277,-0.025041,-0.155171,-0.492989,0.380031,-0.288916,0.050352,0.008630,0.074207,0.158483,0.342827,0.203190,-0.124634,0.561190,0.672347,0.290026,0.132487,0.214231,-0.253049,0.076914,0.403841,-0.827003,0.327676,-0.052665
0.775944,0.049581,0.787193,-0.007043,0.001328,0.999414,-0.033472,-0.326373,0.251819,0.325113,0.304829,-0.018621,-0.247700,-0.033005,-0.160437,-0.523627,0.382644,-0.277096,0.040592,-0.006482,0.088066,0.163018,0.350233,0.203002,-0.198093,0.518034,0.701579,0.259825,0.123726,0.214987,-0.248683,0.052405,0.423373,-0.825871,0.348870,-0.062239
0.784945,0.052996,0.789785,-0.005795,0.005453,0.998975,-0.044566,-0.303746,0.251634,0.326795,0.322229,-0.052070,-0.247571,-0.040884,-0.171412,-0.543537,0.385700,-0.263634,0.031642,-0.012364,0.096259,0.165499,0.355683,0.194580,-0.250979,0.473138,0.713967,0.238090,0.133718,0.215611,-0.246998,0.035214,0.452266,-0.831515,0.372397,-0.061351
0.793673,0.055820,0.791811,-0.003971,0.009938,0.998639,-0.051055,-0.270023,0.255169,0.312004,0.350106,-0.075199,-0.244510,-0.048716,-0.182347,-0.556982,0.387824,-0.250338,0.020690,-0.012809,0.101768,0.166400,0.358626,0.184530,-0.291106,0.430260,0.714686,0.224643,0.154156,0.217175,-0.250235,0.032039,0.485510,-0.843123,0.391254,-0.049452
0.802167,0.058123,0.793158,-0.001035,0.012940,0.998348,-0.055963,-0.229071,0.258000,0.319432,0.386264,-0.103428,-0.241915,-0.055802,-0.190549,-0.564921,0.392687,-0.239188,0.011354,-0.013460,0.105718,0.165732,0.357453,0.181417,-0.326715,0.392451,0.710622,0.215510,0.171386,0.220986,-0.259691,0.044110,0.520153,-0.860045,0.399293,-0.024760
0.810577,0.060192,0.793742,0.002370,0.014233,0.998132,-0.059364,-0.185262,0.265220,0.321949,0.431484,-0.134403,-0.240502,-0.063495,-0.194503,-0.566640,0.399975,-0.231537,0.005147,-0.014611,0.107992,0.163866,0.347744,0.185288,-0.358183,0.362634,0.692293,0.209077,0.169738,0.229206,-0.276440,0.061881,0.548410,-0.877834,0.392335,0.011902
0.819153,0.062173,0.793686,0.005489,0.014463,0.997960,-0.061942,-0.143607,0.274133,0.310898,0.485117,-0.154980,-0.235418,-0.072252,-0.195461,-0.565527,0.407520,-0.227399,0.000736,-0.016892,0.108849,0.160928,0.327169,0.196078,-0.387698,0.342188,0.676129,0.204737,0.153816,0.235519,-0.287261,0.081921,0.563600,-0.895092,0.386401,0.051985
0.828129,0.063971,0.793047,0.007928,0.013764,0.997818,-0.064086,-0.105956,0.283221,0.289559,0.544324,-0.169693,-0.233098,-0.083883,-0.194714,-0.563348,0.416400,-0.225073,-0.004761,-0.021048,0.108589,0.157526,0.301797,0.205748,-0.412821,0.321701,0.666010,0.208844,0.128487,0.235929,-0.292406,0.091761,0.570896,-0.902919,0.382911,0.081161
0.837630,0.065442,0.792001,0.010110,0.012703,0.997700,-0.065815,-0.072050,0.289324,0.258494,0.605216,-0.177035,-0.231171,-0.097706,-0.194570,-0.562361,0.426905,-0.222345,-0.011419,-0.026652,0.107662,0.154015,0.273831,0.214727,-0.428915,0.304068,0.655966,0.217374,0.102482,0.241959,-0.289354,0.082318,0.563150,-0.900826,0.381900,0.087778
0.847717,0.066426,0.790737,0.012226,0.011064,0.997552,-0.067962,-0.041767,0.293024,0.222574,0.664845,-0.182404,-0.233642,-0.112364,-0.195594,-0.564964,0.437768,-0.216197,-0.018003,-0.033459,0.106289,0.150432,0.243440,0.220850,-0.437085,0.291428,0.645063,0.227700,0.080890,0.252436,-0.277197,0.056323,0.543537,-0.888682,0.384223,0.071687
0.858398,0.066863,0.789433,0.014566,0.009047,0.997309,-0.071275,-0.015396,0.296466,0.186581,0.722383,-0.184767,-0.235639,-0.126359,-0.196966,-0.568434,0.446554,-0.206049,-0.023173,-0.041371,0.104519,0.146389,0.212191,0.223980,-0.438454,0.285279,0.637355,0.239759,0.070704,0.265000,-0.258844,0.022748,0.518471,-0.870896,0.387656,0.043734
0.869675,0.066593,0.788083,0.017058,0.006705,0.997023,-0.074901,0.007516,0.301018,0.156044,0.776899,-0.176896,-0.240644,-0.139155,-0.198658,-0.573356,0.452107,-0.194242,-0.028657,-0.050539,0.102323,0.141820,0.183968,0.222423,-0.432525,0.285340,0.633167,0.251952,0.074190,0.277130,-0.238137,-0.011848,0.492948,-0.853048,0.392989,0.014344
0.881717,0.065534,0.786645,0.019620,0.004924,0.996692,-0.078713,0.025273,0.297003,0.123500,0.827171,-0.154705,-0.246894,-0.151512,-0.202521,-0.578981,0.455069,-0.182967,-0.034658,-0.060297,0.098862,0.137199,0.161886,0.215708,-0.419232,0.289718,0.629599,0.262201,0.088687,0.287341,-0.217285,-0.044610,0.468821,-0.836880,0.398212,-0.011315
0.894778,0.063623,0.784930,0.022252,0.003638,0.996237,-0.083684,0.036724,0.277650,0.087464,0.871064,-0.140194,-0.247764,-0.164706,-0.209704,-0.585611,0.458074,-0.173194,-0.041542,-0.070978,0.093264,0.133017,0.145604,0.206261,-0.400178,0.295494,0.620171,0.271754,0.107019,0.296593,-0.197438,-0.071533,0.447931,-0.826457,0.402904,-0.030813
0.908960,0.060834,0.782896,0.024969,0.002718,0.995591,-0.090371,0.043301,0.251465,0.047889,0.903576,-0.147335,-0.247811,-0.178998,-0.221347,-0.594110,0.462901,-0.163105,-0.046137,-0.082051,0.085848,0.129347,0.132724,0.199387,-0.382824,0.301573,0.607920,0.277360,0.124582,0.304947,-0.177372,-0.093781,0.430790,-0.818562,0.406345,-0.045783
0.924237,0.057170,0.780562,0.027815,0.002024,0.994844,-0.097510,0.047206,0.234760,0.015349,0.914470,-0.148831,-0.247815,-0.193297,-0.235788,-0.604008,0.466822,-0.152090,-0.051869,-0.092364,0.077836,0.126126,0.123107,0.195731,-0.369564,0.309548,0.594873,0.280067,0.136988,0.312376,-0.159157,-0.108827,0.419555,-0.813219,0.407708,-0.056551
0.940791,0.052471,0.777814,0.030335,0.000721,0.994068,-0.104442,0.049286,0.224864,-0.009591,0.890171,-0.141288,-0.247815,-0.209614,-0.250780,-0.612333,0.469610,-0.138490,-0.056656,-0.100837,0.070488,0.123706,0.115921,0.195146,-0.360290,0.321079,0.584840,0.281427,0.145998,0.318002,-0.144612,-0.113700,0.415756,-0.812269,0.408308,-0.062050
0.958749,0.046564,0.774527,0.032540,-0.000706,0.993652,-0.107688,0.056544,0.207766,-0.041602,0.824157,-0.128887,-0.247810,-0.231198,-0.265665,-0.613141,0.473348,-0.120019,-0.060078,-0.105270,0.064886,0.122548,0.113691,0.193510,-0.350579,0.336078,0.576367,0.283487,0.152469,0.320812,-0.137302,-0.105588,0.418648,-0.817840,0.406611,-0.058743
0.978612,0.039620,0.769994,0.033502,-0.000656,0.993739,-0.106580,0.067835,0.173876,-0.090300,0.758591,-0.099116,-0.247733,-0.260743,-0.281751,-0.605072,0.475111,-0.096193,-0.063261,-0.105195,0.060456,0.123143,0.115726,0.187269,-0.338789,0.353778,0.569887,0.286807,0.158996,0.319884,-0.138365,-0.087206,0.423182,-0.828262,0.403117,-0.048432
1.001157,0.031568,0.764727,0.032183,-0.003686,0.993829,-0.106086,0.069976,0.166137,-0.091125,0.728700,-0.211662,-0.246495,-0.306412,-0.298583,-0.593448,0.487775,-0.066414,-0.067895,-0.105510,0.057186,0.127365,0.118531,0.183930,-0.325299,0.372435,0.567029,0.290794,0.166073,0.316239,-0.140786,-0.062311,0.426142,-0.838138,0.396599,-0.035624
1.025525,0.022588,0.757933,0.029413,-0.006883,0.994181,-0.103405,0.072367,0.175268,-0.032864,0.690437,-0.354600,-0.222331,-0.354692,-0.311117,-0.579670,0.486694,-0.026676,-0.073934,-0.105674,0.054778,0.133192,0.124679,0.179034,-0.310602,0.393951,0.563340,0.294078,0.174119,0.311347,-0.147487,-0.031401,0.424917,-0.849144,0.385487,-0.020490
1.050610,0.012595,0.751092,0.025603,-0.008563,0.994900,-0.097191,0.075266,0.174220,0.045259,0.640943,-0.484085,-0.181525,-0.399114,-0.319611,-0.563857,0.465277,0.022170,-0.073928,-0.103927,0.051489,0.140212,0.132933,0.170800,-0.297193,0.421300,0.558722,0.298726,0.183859,0.306749,-0.160417,0.001582,0.418010,-0.862439,0.370841,-0.003774
1.075336,0.002655,0.745972,0.023135,-0.003710,0.995798,-0.088534,0.071947,0.150014,0.115688,0.592403,-0.552836,-0.138855,-0.424272,-0.329864,-0.551555,0.411975,0.068896,-0.048515,-0.098521,0.043013,0.149351,0.140371,0.155470,-0.290313,0.463206,0.554102,0.303212,0.191169,0.306316,-0.178099,0.026253,0.404638,-0.878251,0.353046,0.010148
1.099256,-0.006669,0.747436,0.022651,0.004250,0.996707,-0.077748,0.055880,0.110755,0.150578,0.570712,-0.569752,-0.098408,-0.429729,-0.341643,-0.562595,0.335249,0.061543,-0.025528,-0.086828,0.027158,0.160808,0.153396,0.141077,-0.286302,0.515766,0.557523,0.312784,0.194191,0.307596,-0.184178,0.039725,0.399300,-0.892409,0.340264,0.006329
1.122811,-0.014372,0.750655,0.023496,0.013921,0.997622,-0.063275,0.030966,0.075917,0.182222,0.570267,-0.562400,-0.074272,-0.414684,-0.353084,-0.625862,0.263448,0.000329,-0.021676,-0.070354,0.004775,0.170975,0.163765,0.130538,-0.275942,0.589428,0.563074,0.331448,0.194104,0.327182,-0.190148,0.050572,0.391151,-0.896546,0.330311,0.003315
1.145616,-0.021270,0.753622,0.023443,0.023087,0.998519,-0.043337,0.006633,0.049295,0.226221,0.565668,-0.536409,-0.053438,-0.376391,-0.381746,-0.800726,0.248885,-0.034176,-0.003853,-0.047377,-0.019319,0.176904,0.184052,0.124833,-0.253324,0.661674,0.568735,0.357244,0.192695,0.337326,-0.195071,0.075263,0.404224,-0.895306,0.327155,0.014502
1.167691,-0.027702,0.758084,0.023005,0.027748,0.999082,-0.023139,-0.010423,0.033034,0.270160,0.541764,-0.499362,-0.032932,-0.325092,-0.411197,-0.959542,0.299716,-0.061609,-0.043045,-0.027087,-0.036956,0.178931,0.212916,0.121499,-0.218664,0.725292,0.572982,0.384407,0.190716,0.333574,-0.212114,0.116277,0.436280,-0.899751,0.318959,0.049545
1.188994,-0.033270,0.763582,0.023453,0.028433,0.999294,-0.007225,-0.019918,0.025276,0.305381,0.504776,-0.459136,-0.014569,-0.284718,-0.427895,-0.982378,0.395823,-0.101407,-0.082445,-0.017762,-0.046606,0.179764,0.249539,0.113723,-0.177243,0.768565,0.578181,0.418375,0.194129,0.315708,-0.246706,0.150943,0.468421,-0.907570,0.298889,0.099383
1.210107,-0.037899,0.768823,0.024760,0.028099,0.999288,0.004594,-0.029043,0.020761,0.331969,0.468366,-0.418759,-0.000223,-0.263018,-0.436951,-0.904046,0.523899,-0.159635,-0.097559,-0.017296,-0.052694,0.180407,0.290723,0.100383,-0.141018,0.802583,0.584283,0.441925,0.200435,0.294729,-0.281969,0.170561,0.485729,-0.913012,0.285412,0.126886
1.231405,-0.041882,0.772844,0.026246,0.027710,0.999183,0.013271,-0.042993,0.017695,0.352602,0.439236,-0.379889,0.013775,-0.243382,-0.441705,-0.804176,0.663188,-0.219311,-0.107046,-0.020084,-0.058791,0.179100,0.329533,0.092237,-0.127126,0.832551,0.597301,0.450536,0.189297,0.272078,-0.310700,0.174963,0.489819,-0.908322,0.285400,0.123907
1.252817,-0.045427,0.775025,0.027090,0.028069,0.999039,0.019975,-0.064203,0.014487,0.368080,0.420155,-0.344427,0.028191,-0.214616,-0.444495,-0.717079,0.795273,-0.265835,-0.107014,-0.022561,-0.065155,0.174669,0.364593,0.096490,-0.140512,0.858529,0.622126,0.440888,0.151906,0.252693,-0.330121,0.168462,0.482029,-0.898341,0.291964,0.102867
1.274089,-0.048734,0.775607,0.026989,0.029267,0.998844,0.026935,-0.089081,0.011973,0.384870,0.406263,-0.312132,0.037319,-0.167071,-0.451787,-0.662564,0.901233,-0.288327,-0.114019,-0.021444,-0.071555,0.166778,0.387674,0.108789,-0.166728,0.875706,0.653367,0.426087,0.099709,0.224978,-0.348262,0.164701,0.472532,-0.884980,0.302672,0.079303
1.295079,-0.051908,0.775243,0.026998,0.031083,0.998555,0.034533,-0.112786,0.009507,0.402706,0.392538,-0.279844,0.047103,-0.101071,-0.463624,-0.634891,0.971375,-0.283909,-0.125063,-0.015461,-0.077494,0.156915,0.400900,0.121441,-0.179187,0.877822,0.674960,0.413016,0.053367,0.191559,-0.362480,0.165794,0.465941,-0.870756,0.317404,0.058494
1.315932,-0.054917,0.774287,0.027660,0.033205,0.998160,0.042539,-0.135836,0.007692,0.419818,0.381419,-0.247199,0.060540,-0.026673,-0.468408,-0.611676,1.001923,-0.263030,-0.120875,-0.005495,-0.082441,0.147308,0.403492,0.127510,-0.163173,0.864967,0.681503,0.413388,0.034829,0.144829,-0.375345,0.176616,0.470929,-0.851251,0.335947,0.043862
1.337063,-0.057708,0.772827,0.028837,0.035427,0.997578,0.052461,-0.159106,0.009354,0.441496,0.374061,-0.216938,0.075049,0.047946,-0.461005,-0.584400,0.993137,-0.241804,-0.102688,0.006963,-0.085532,0.138625,0.405244,0.124407,-0.119745,0.836998,0.674296,0.418608,0.055382,0.095202,-0.385357,0.199658,0.479847,-0.840481,0.352323,0.037713
1.358813,-0.060193,0.771156,0.030133,0.037147,0.996780,0.064354,-0.182588,0.015767,0.467078,0.368052,-0.188884,0.088386,0.114626,-0.441357,-0.549628,0.952030,-0.206775,-0.069819,0.020236,-0.085765,0.131105,0.405660,0.111057,-0.064287,0.798740,0.660236,0.420071,0.105641,0.040073,-0.396254,0.237720,0.490489,-0.841653,0.360946,0.044234
1.381449,-0.062286,0.769906,0.030616,0.037429,0.995807,0.077649,-0.206378,0.028012,0.493705,0.359175,-0.156802,0.101022,0.167717,-0.411936,-0.508876,0.884685,-0.124276,-0.008195,0.033334,-0.082594,0.125161,0.401255,0.090871,-0.011831,0.755599,0.642779,0.411517,0.166878,-0.018771,-0.407995,0.287571,0.498261,-0.853909,0.358616,0.059712
1.405726,-0.063985,0.769058,0.030008,0.037235,0.994574,0.092389,-0.234385,0.045906,0.522241,0.351686,-0.121748,0.113669,0.203552,-0.371820,-0.458357,0.791356,-0.030637,0.098878,0.045588,-0.076326,0.121897,0.394027,0.067001,0.028272,0.711388,0.623152,0.393029,0.225232,-0.067948,-0.420527,0.338558,0.490101,-0.879510,0.342192,0.075947
1.432362,-0.065297,0.767703,0.027021,0.039777,0.992771,0.109969,-0.275853,0.069044,0.556552,0.356608,-0.086061,0.124506,0.230918,-0.334313,-0.428508,0.671664,-0.109816,0.162323,0.058499,-0.068689,0.122163,0.379718,0.042051,0.047705,0.666669,0.602881,0.369218,0.263386,-0.125404,-0.439533,0.389883,0.475825,-0.906836,0.318699,0.090426
1.459649,-0.066332,0.764797,0.022301,0.039471,0.990809,0.127443,-0.315251,0.098464,0.589679,0.347456,-0.046637,0.126167,0.241442,-0.307638,-0.439179,0.576337,-0.254512,0.183732,0.071211,-0.058793,0.125275,0.360186,0.027209,0.047340,0.617283,0.583041,0.343694,0.275134,-0.180098,-0.452746,0.433072,0.454580,-0.926452,0.293204,0.094060
1.487196,-0.066948,0.761572,0.017386,0.034887,0.989107,0.141945,-0.346601,0.133086,0.616385,0.322114,-0.015427,0.089826,0.234969,-0.278316,-0.469012,0.504947,-0.364152,0.186347,0.079959,-0.045278,0.132138,0.339999,0.028029,0.029433,0.561051,0.565386,0.313437,0.267405,-0.222787,-0.454668,0.460261,0.425488,-0.931500,0.268531,0.083379
1.514677,-0.067267,0.762883,0.012740,0.025391,0.988059,0.151437,-0.380169,0.173823,0.629676,0.290228,-0.016884,0.021712,0.208894,-0.236012,-0.486643,0.461526,-0.421949,0.158799,0.081468,-0.027220,0.143135,0.324086,0.046502,-0.002523,0.500117,0.554472,0.279628,0.253097,-0.247557,-0.445671,0.467239,0.389917,-0.918781,0.249109,0.058610
1.540478,-0.068178,0.765989,0.009647,0.016080,0.987358,0.157394,-0.403269,0.201074,0.631043,0.254966,-0.061949,-0.045446,0.172260,-0.198209,-0.487443,0.447526,-0.452710,0.131417,0.075643,-0.004743,0.155131,0.327349,0.075578,-0.046865,0.445611,0.558628,0.234589,0.245849,-0.250120,-0.440788,0.460476,0.350679,-0.890967,0.232060,0.025958
1.564372,-0.070092,0.764743,0.008724,0.006406,0.987142,0.159478,-0.412947,0.220214,0.620364,0.236800,-0.106571,-0.131603,0.131198,-0.169387,-0.480759,0.458280,-0.464960,0.111097,0.062939,0.018442,0.164957,0.331771,0.100783,-0.102303,0.397118,0.578217,0.206672,0.239442,-0.229796,-0.435276,0.453421,0.322757,-0.859446,0.220284,-0.016909
1.586754,-0.072579,0.767311,0.007630,0.000344,0.987659,0.156433,-0.414071,0.240037,0.634259,0.263596,-0.105553,-0.141232,0.094256,-0.148339,-0.484537,0.464057,-0.445172,0.085275,0.046545,0.039557,0.172335,0.324195,0.123769,-0.171747,0.369817,0.600738,0.196691,0.227649,-0.187587,-0.439299,0.430113,0.302579,-0.830412,0.214673,-0.052252
1.607683,-0.075925,0.771437,0.007823,-0.001559,0.988302,0.152300,-0.404562,0.250189,0.626180,0.317705,-0.109383,-0.096688,0.062144,-0.139570,-0.491733,0.465080,-0.413421,0.061257,0.032699,0.055238,0.177878,0.307041,0.147379,-0.250787,0.363982,0.621073,0.201163,0.197894,-0.117478,-0.439220,0.384738,0.293645,-0.802350,0.224216,-0.082626
1.627155,-0.080118,0.775989,0.008383,-0.000723,0.988522,0.150840,-0.379115,0.253891,0.616398,0.374987,-0.123882,-0.078240,0.032768,-0.138654,-0.495995,0.460463,-0.379050,0.040898,0.021121,0.066057,0.180882,0.290437,0.169302,-0.324646,0.365845,0.633169,0.213434,0.150750,-0.033027,-0.427221,0.325751,0.301165,-0.775056,0.250946,-0.104916
1.645346,-0.084758,0.779944,0.009078,0.000972,0.988065,0.153764,-0.343891,0.255680,0.592585,0.433745,-0.160398,-0.081428,0.005623,-0.138549,-0.491916,0.451572,-0.350093,0.026128,0.012517,0.073184,0.181672,0.281119,0.186547,-0.380734,0.363020,0.632341,0.229088,0.099043,0.050351,-0.405531,0.262238,0.327582,-0.750969,0.288194,-0.120637
1.662704,-0.089516,0.782736,0.009640,0.001670,0.987165,0.159404,-0.304743,0.258888,0.554464,0.500046,-0.211337,-0.087853,-0.019741,-0.134457,-0.483114,0.440747,-0.329295,0.013264,0.006374,0.078027,0.180726,0.278534,0.198794,-0.414472,0.353537,0.622808,0.247008,0.068799,0.123815,-0.380738,0.199782,0.373834,-0.731915,0.332482,-0.128706
1.679551,-0.094132,0.784526,0.009580,0.001100,0.986092,0.165921,-0.259693,0.267067,0.522971,0.571911,-0.254543,-0.093675,-0.041714,-0.125118,-0.476036,0.424242,-0.313704,-0.002630,0.000416,0.081932,0.177612,0.277585,0.208056,-0.432032,0.343641,0.622988,0.269819,0.073566,0.180157,-0.360302,0.147757,0.440944,-0.724758,0.386022,-0.122717
1.696029,-0.098666,0.785511,0.008806,-0.001215,0.985104,0.171728,-0.209025,0.280486,0.501364,0.646741,-0.286700,-0.098114,-0.060939,-0.111039,-0.471385,0.404103,-0.297486,-0.014836,-0.007280,0.086089,0.172528,0.266495,0.215341,-0.440650,0.353437,0.627338,0.284214,0.084443,0.231752,-0.348461,0.099178,0.515291,-0.729585,0.439521,-0.101989
1.712451,-0.103232,0.785838,0.007782,-0.004539,0.984443,0.175475,-0.156409,0.292459,0.478768,0.720590,-0.304981,-0.090542,-0.080268,-0.095187,-0.467307,0.385443,-0.276637,-0.028066,-0.016799,0.091328,0.166347,0.257812,0.215664,-0.440424,0.373258,0.629676,0.296066,0.086873,0.277901,-0.338693,0.044695,0.604734,-0.748766,0.477849,-0.077009
1.728999,-0.107941,0.785502,0.006308,-0.007947,0.984083,0.177421,-0.105025,0.295854,0.447290,0.784551,-0.304872,-0.099723,-0.102557,-0.081641,-0.466948,0.372251,-0.253648,-0.040023,-0.027204,0.097099,0.160038,0.245220,0.206858,-0.434269,0.402929,0.620839,0.312230,0.078705,0.322663,-0.331006,-0.037305,0.706237,-0.781031,0.485219,-0.059549
1.745765,-0.112969,0.784562,0.005086,-0.011505,0.983929,0.178117,-0.058648,0.283259,0.394505,0.834076,-0.282619,-0.138865,-0.128332,-0.070986,-0.468529,0.366969,-0.228739,-0.053984,-0.037724,0.101680,0.154578,0.226684,0.200677,-0.433660,0.438029,0.615242,0.331033,0.063219,0.364707,-0.317963,-0.138031,0.794710,-0.820306,0.485672,-0.056072
1.762818,-0.118355,0.783071,0.004279,-0.014938,0.983917,0.177947,-0.013861,0.257819,0.334035,0.862654,-0.261505,-0.208676,-0.156725,-0.063630,-0.472129,0.368183,-0.204118,-0.066751,-0.049654,0.103434,0.149895,0.204713,0.205445,-0.445581,0.470564,0.626898,0.344454,0.044079,0.402434,-0.293544,-0.246875,0.851543,-0.852799,0.485713,-0.065100
1.780334,-0.124097,0.781294,0.004040,-0.017459,0.984309,0.175542,0.028714,0.218970,0.280984,0.862247,-0.239624,-0.246115,-0.185484,-0.060548,-0.478073,0.371448,-0.181468,-0.079356,-0.064323,0.100628,0.145935,0.181711,0.217301,-0.460439,0.494999,0.645744,0.349793,0.024321,0.434463,-0.257947,-0.341027,0.871650,-0.874211,0.485697,-0.072822
1.798451,-0.130253,0.779544,0.003691,-0.018294,0.985060,0.171198,0.068597,0.166720,0.225527,0.817747,-0.195828,-0.247670,-0.215303,-0.062840,-0.486111,0.374675,-0.159123,-0.093731,-0.079744,0.093067,0.142483,0.157734,0.227881,-0.462932,0.508608,0.652572,0.349315,0.010458,0.460328,-0.217921,-0.390799,0.861666,-0.894393,0.485527,-0.064170
1.817307,-0.136831,0.777704,0.002768,-0.018487,0.985545,0.168382,0.109457,0.119570,0.142738,0.720335,-0.139995,-0.245756,-0.245725,-0.065797,-0.494859,0.374516,-0.137677,-0.106240,-0.091009,0.083650,0.139488,0.133823,0.233503,-0.449837,0.514168,0.645559,0.347367,0.011807,0.481733,-0.181340,-0.390548,0.835053,-0.919108,0.484070,-0.041942
1.837782,-0.144144,0.774679,0.000016,-0.020418,0.986000,0.165492,0.144577,0.100073,0.075396,0.602132,-0.178856,-0.199885,-0.283091,-0.065531,-0.505021,0.374513,-0.112774,-0.122992,-0.099797,0.074713,0.138755,0.109345,0.235398,-0.423481,0.515760,0.630721,0.347163,0.028023,0.497931,-0.150486,-0.351113,0.805307,-0.949735,0.476807,-0.012793
1.859808,-0.152601,0.769497,-0.006077,-0.024807,0.986854,0.159584,0.153948,0.111075,0.101552,0.528636,-0.311942,-0.141065,-0.334151,-0.065185,-0.520445,0.380917,-0.083734,-0.142854,-0.111782,0.066267,0.142336,0.082179,0.235434,-0.385985,0.514242,0.613785,0.349868,0.054020,0.502319,-0.125206,-0.291637,0.779286,-0.983290,0.456041,0.019258
1.881863,-0.161354,0.764124,-0.011455,-0.025247,0.986905,0.158901,0.146696,0.116067,0.146004,0.478347,-0.411189,-0.108774,-0.382068,-0.067992,-0.528869,0.376239,-0.047854,-0.154156,-0.120321,0.057045,0.149135,0.060217,0.222348,-0.336684,0.510554,0.594198,0.352764,0.086902,0.490344,-0.109641,-0.230353,0.752120,-1.014267,0.425410,0.051523
1.902880,-0.170161,0.759195,-0.016258,-0.024230,0.985999,0.164178,0.131761,0.116464,0.194963,0.441736,-0.485597,-0.092050,-0.426006,-0.069315,-0.529819,0.367262,-0.018641,-0.132834,-0.123632,0.045738,0.158056,0.050129,0.202438,-0.275844,0.503638,0.576112,0.352080,0.131041,0.465341,-0.093889,-0.177853,0.719003,-1.034569,0.390477,0.078924
1.922632,-0.178404,0.757549,-0.018523,-0.023331,0.984602,0.172251,0.111095,0.113760,0.222829,0.421301,-0.532689,-0.082383,-0.457515,-0.068718,-0.530306,0.347384,-0.013165,-0.056858,-0.119576,0.033168,0.167644,0.051479,0.181328,-0.217898,0.495663,0.560914,0.346787,0.179725,0.441141,-0.073567,-0.135591,0.674374,-1.040486,0.352192,0.092433
1.940537,-0.185238,0.761423,-0.017815,-0.019632,0.982946,0.181971,0.091486,0.104428,0.239346,0.411526,-0.534420,-0.070810,-0.466622,-0.076878,-0.545765,0.329822,-0.029312,0.015760,-0.108629,0.018683,0.175751,0.060380,0.159543,-0.171480,0.495233,0.544710,0.335783,0.223376,0.420642,-0.059760,-0.092678,0.623321,-1.038208,0.309293,0.088958
1.957039,-0.191285,0.765371,-0.017411,-0.015204,0.980516,0.195073,0.078544,0.094188,0.261838,0.390962,-0.508471,-0.060308,-0.453822,-0.101568,-0.598416,0.337650,-0.052127,0.012602,-0.092716,0.003704,0.179982,0.079539,0.141731,-0.132631,0.505381,0.530774,0.323142,0.254932,0.396871,-0.062162,-0.032974,0.580592,-1.045464,0.266590,0.074239
1.972675,-0.196493,0.769310,-0.016283,-0.011607,0.978034,0.207484,0.067089,0.087980,0.284889,0.372304,-0.476524,-0.051122,-0.431231,-0.137242,-0.634232,0.396045,-0.093222,-0.033952,-0.078258,-0.007878,0.182122,0.107562,0.120756,-0.105340,0.527963,0.522203,0.324204,0.274588,0.376948,-0.080107,0.036099,0.537386,-1.064141,0.235739,0.062647
1.987879,-0.200938,0.772458,-0.015113,-0.008230,0.976910,0.212955,0.044269,0.085023,0.294578,0.373485,-0.452769,-0.045730,-0.412201,-0.181260,-0.620037,0.509922,-0.143072,-0.064655,-0.069054,-0.015371,0.184477,0.137253,0.107468,-0.096900,0.553737,0.524043,0.332496,0.273526,0.351727,-0.107552,0.094727,0.494034,-1.070951,0.219519,0.060683
2.002736,-0.204574,0.774500,-0.014329,-0.004580,0.977631,0.209789,0.011380,0.082867,0.289256,0.388761,-0.437936,-0.040543,-0.395560,-0.226882,-0.561900,0.653115,-0.198574,-0.088860,-0.064424,-0.020320,0.186453,0.164427,0.107040,-0.110376,0.584434,0.535994,0.334481,0.249264,0.320895,-0.139133,0.136189,0.449992,-1.049355,0.211846,0.057243
2.016962,-0.207299,0.775379,-0.013928,-0.000318,0.979251,0.202172,-0.023069,0.078973,0.276477,0.405604,-0.430253,-0.038380,-0.363747,-0.273320,-0.510886,0.786659,-0.243826,-0.099530,-0.060273,-0.024457,0.186139,0.185622,0.113863,-0.147748,0.617180,0.556810,0.339516,0.211014,0.296366,-0.173690,0.159277,0.398990,-1.003515,0.204320,0.045473
2.030174,-0.209238,0.775642,-0.013735,0.005021,0.980688,0.195033,-0.051860,0.070704,0.262467,0.414324,-0.421668,-0.037538,-0.312080,-0.314135,-0.472093,0.884154,-0.258814,-0.109735,-0.054833,-0.027986,0.183183,0.198728,0.117172,-0.191627,0.642860,0.575092,0.355790,0.161678,0.264056,-0.203828,0.178125,0.362219,-0.951236,0.206683,0.026189
2.042215,-0.210498,0.776047,-0.013647,0.010702,0.981827,0.188982,-0.072227,0.060100,0.251081,0.411552,-0.407899,-0.037741,-0.243697,-0.335807,-0.436679,0.923803,-0.230534,-0.111300,-0.047236,-0.031275,0.178385,0.217308,0.121253,-0.226528,0.659101,0.587772,0.366477,0.119652,0.225088,-0.228645,0.194233,0.346202,-0.907449,0.221459,0.008139
2.053569,-0.211039,0.776666,-0.014834,0.015598,0.982747,0.183699,-0.095524,0.052810,0.240381,0.414151,-0.395782,-0.036501,-0.164372,-0.321996,-0.395598,0.877600,-0.178133,-0.033613,-0.036464,-0.033640,0.172525,0.240330,0.124274,-0.242634,0.666864,0.595857,0.375933,0.098741,0.179135,-0.241247,0.205364,0.354320,-0.881753,0.250554,-0.002630
2.065071,-0.210862,0.775934,-0.018164,0.023909,0.982757,0.182446,-0.138323,0.046537,0.237018,0.447797,-0.388805,-0.032968,-0.077125,-0.287513,-0.377842,0.718300,-0.272532,0.121301,-0.020201,-0.035096,0.166414,0.269283,0.119601,-0.234534,0.666933,0.597332,0.386679,0.106355,0.133214,-0.242343,0.206031,0.375559,-0.880880,0.290722,-0.005599
2.075391,-0.210740,0.777174,-0.025701,0.022840,0.982738,0.181779,-0.186595,0.059579,0.229990,0.481754,-0.370556,-0.032203,-0.011549,-0.253568,-0.427639,0.554799,-0.314398,0.152354,0.000956,-0.031069,0.162475,0.287254,0.114296,-0.201572,0.661615,0.593518,0.404911,0.133085,0.068181,-0.220397,0.204490,0.421115,-0.883987,0.339019,-0.009040
2.086804,-0.210179,0.779394,-0.033971,0.018013,0.982731,0.181001,-0.253233,0.084740,0.215211,0.544317,-0.336473,-0.037753,0.013120,-0.219640,-0.483280,0.453979,-0.300040,0.128583,0.019786,-0.020109,0.164959,0.301527,0.101456,-0.151373,0.656580,0.585550,0.423781,0.169480,0.000557,-0.189213,0.194925,0.478528,-0.890405,0.384401,-0.022730
2.098640,-0.209195,0.784176,-0.041289,0.014067,0.982614,0.180461,-0.331445,0.108971,0.192258,0.624650,-0.274903,-0.045740,0.007907,-0.192174,-0.511113,0.405650,-0.281494,0.113516,0.032391,-0.005519,0.172223,0.315740,0.072681,-0.098560,0.652129,0.576945,0.439526,0.205801,-0.067311,-0.165655,0.186490,0.543791,-0.900607,0.420535,-0.031615
2.110472,-0.208227,0.786504,-0.045762,0.011766,0.982610,0.179568,-0.400926,0.127790,0.172122,0.690516,-0.204251,-0.057649,-0.017623,-0.176346,-0.503990,0.406886,-0.274069,0.109851,0.038489,0.009289,0.183407,0.330193,0.040658,-0.072747,0.647721,0.571239,0.442552,0.221397,-0.129027,-0.155511,0.189768,0.607365,-0.919500,0.441905,-0.018706
2.121560,-0.207184,0.788243,-0.046777,0.010187,0.982729,0.178750,-0.444008,0.139699,0.155749,0.722079,-0.140958,-0.066784,-0.042253,-0.167437,-0.497358,0.422905,-0.266877,0.101352,0.041033,0.022823,0.196895,0.342275,0.029766,-0.106637,0.644608,0.581882,0.423872,0.192789,-0.177974,-0.153663,0.202632,0.655843,-0.945427,0.445846,0.007222
2.132051,-0.206206,0.789628,-0.045148,0.009828,0.983341,0.175799,-0.462857,0.143348,0.144483,0.722323,-0.095729,-0.074974,-0.065589,-0.165992,-0.496919,0.450377,-0.259756,0.083379,0.040060,0.035430,0.211434,0.352782,0.048588,-0.192948,0.631676,0.620865,0.385825,0.126625,-0.209104,-0.150838,0.212152,0.681980,-0.967855,0.434275,0.017263
2.142368,-0.205593,0.790190,-0.043115,0.012086,0.984387,0.170227,-0.475646,0.135586,0.132539,0.711309,-0.062080,-0.077734,-0.106054,-0.179734,-0.492000,0.514668,-0.256891,0.063564,0.035407,0.047242,0.226389,0.356341,0.084259,-0.284978,0.599768,0.668978,0.345833,0.068855,-0.224237,-0.146584,0.205614,0.675331,-0.974943,0.415065,0.005331
2.152322,-0.205154,0.790057,-0.039315,0.015591,0.985995,0.161320,-0.484527,0.121660,0.121051,0.700076,-0.039409,-0.080467,-0.162314,-0.207216,-0.477030,0.615790,-0.238360,0.057908,0.027540,0.058263,0.241060,0.359034,0.118478,-0.346107,0.547132,0.692555,0.317096,0.035675,-0.218999,-0.138149,0.189621,0.642502,-0.963360,0.389493,-0.023802
2.161107,-0.204617,0.789679,-0.034110,0.018747,0.988105,0.148774,-0.486869,0.105517,0.110414,0.685246,-0.019869,-0.080616,-0.198309,-0.233709,-0.471087,0.689644,-0.215366,0.066229,0.018640,0.069704,0.254007,0.354869,0.158974,-0.392957,0.492310,0.722559,0.304090,0.025383,-0.196291,-0.127938,0.171882,0.595354,-0.936113,0.357115,-0.061168
2.168537,-0.203834,0.788794,-0.029668,0.021852,0.990649,0.131364,-0.485656,0.085544,0.094973,0.665780,-0.011633,-0.087686,-0.193298,-0.250205,-0.490432,0.700605,-0.226514,0.088591,0.010057,0.080943,0.261141,0.335150,0.195088,-0.423751,0.456990,0.759238,0.310667,0.018460,-0.162328,-0.121115,0.155052,0.550289,-0.899807,0.322179,-0.100359
2.174864,-0.203660,0.787684,-0.024736,0.023157,0.992787,0.115001,-0.474562,0.068267,0.075290,0.643626,-0.030053,-0.113370,-0.168760,-0.254309,-0.515738,0.677601,-0.252625,0.104464,0.002614,0.092479,0.261552,0.310963,0.201062,-0.410843,0.441695,0.744140,0.338941,0.003851,-0.119490,-0.117270,0.152111,0.523386,-0.872258,0.292133,-0.129664
2.179952,-0.204471,0.787808,-0.020709,0.022257,0.993570,0.109060,-0.453873,0.072801,0.077397,0.623102,-0.067538,-0.164622,-0.147820,-0.251857,-0.535738,0.648633,-0.267731,0.114081,-0.004754,0.105754,0.258322,0.295364,0.189939,-0.361348,0.428316,0.683516,0.365851,0.003721,-0.080397,-0.116901,0.169168,0.523136,-0.863793,0.276207,-0.136183
2.184656,-0.206691,0.793599,-0.019119,0.021077,0.993373,0.111360,-0.431460,0.113834,0.131065,0.612171,-0.093140,-0.180939,-0.140261,-0.246510,-0.535414,0.623563,-0.262428,0.130318,-0.014678,0.120109,0.252829,0.274643,0.176952,-0.338306,0.424258,0.654364,0.379238,0.013437,-0.059237,-0.121463,0.203101,0.553304,-0.874567,0.280696,-0.116868
2.188653,-0.209389,0.800432,-0.017946,0.020119,0.992327,0.120664,-0.396126,0.160304,0.195327,0.609071,-0.112129,-0.164208,-0.143285,-0.240545,-0.514381,0.607660,-0.249905,0.150108,-0.024400,0.132846,0.245871,0.241351,0.192741,-0.386613,0.445982,0.713230,0.384546,-0.003750,-0.051664,-0.130747,0.245021,0.610707,-0.900563,0.294613,-0.076223
2.189257,-0.214378,0.801018,-0.015809,0.019825,0.990536,0.134893,-0.356722,0.191109,0.218502,0.611506,-0.129930,-0.160474,-0.148553,-0.235268,-0.479310,0.599281,-0.236767,0.172555,-0.031251,0.141543,0.237134,0.199230,0.216586,-0.466244,0.484323,0.807991,0.372824,-0.044805,-0.051137,-0.143348,0.285853,0.684158,-0.940439,0.312145,-0.010580
2.189292,-0.219499,0.801250,-0.013368,0.018575,0.988358,0.150414,-0.319099,0.209203,0.201618,0.619142,-0.156150,-0.177526,-0.153311,-0.227799,-0.440465,0.592873,-0.227460,0.194478,-0.037581,0.147823,0.227350,0.161590,0.220602,-0.496749,0.511300,0.840290,0.359448,-0.081174,-0.049419,-0.153149,0.313283,0.751046,-0.980562,0.332701,0.058499
2.188547,-0.224874,0.801087,-0.011138,0.016748,0.985869,0.166309,-0.281729,0.224001,0.168312,0.628393,-0.171372,-0.199784,-0.156006,-0.219070,-0.399195,0.584870,-0.221868,0.224827,-0.045066,0.152468,0.215957,0.131280,0.203711,-0.464214,0.524364,0.800916,0.368701,-0.078053,-0.041778,-0.157828,0.317339,0.799795,-1.012169,0.358615,0.104999
2.187099,-0.230474,0.800604,-0.009274,0.014765,0.983051,0.182503,-0.241700,0.243177,0.140939,0.634775,-0.174958,-0.221110,-0.158875,-0.207721,-0.356878,0.576702,-0.220362,0.245620,-0.053512,0.156008,0.203333,0.105484,0.176952,-0.394621,0.523691,0.701449,0.382585,-0.044616,-0.017535,-0.159804,0.293578,0.827924,-1.024485,0.383552,0.106473
2.185101,-0.236271,0.800004,-0.007859,0.011692,0.979562,0.200651,-0.198573,0.271313,0.128222,0.638107,-0.174169,-0.232888,-0.163898,-0.191100,-0.317201,0.569391,-0.216359,0.247428,-0.061295,0.159222,0.190395,0.076828,0.168347,-0.344933,0.518649,0.616355,0.380272,0.001493,0.005700,-0.160546,0.245305,0.828285,-1.016444,0.407093,0.092592
2.182442,-0.242693,0.799280,-0.007240,0.007729,0.975626,0.219184,-0.157638,0.302862,0.121274,0.641233,-0.173663,-0.238201,-0.168593,-0.177958,-0.280406,0.561547,-0.208336,0.247432,-0.068554,0.161697,0.177968,0.051089,0.180519,-0.335617,0.505577,0.583192,0.364297,0.052706,0.033427,-0.161871,0.181765,0.814145,-0.990491,0.418151,0.064723
2.179255,-0.249835,0.798379,-0.006212,0.004839,0.971593,0.236528,-0.122144,0.327565,0.108550,0.647972,-0.175972,-0.236187,-0.169577,-0.174445,-0.251590,0.551551,-0.202627,0.246360,-0.075705,0.161474,0.166424,0.025831,0.201532,-0.352152,0.489893,0.596217,0.342527,0.090169,0.064880,-0.168795,0.121066,0.787404,-0.958964,0.423678,0.037918
2.175926,-0.257568,0.797332,-0.003858,0.002831,0.967870,0.251405,-0.093445,0.343990,0.088903,0.657885,-0.175522,-0.236190,-0.167217,-0.174768,-0.232842,0.540824,-0.200596,0.237654,-0.081898,0.158158,0.156290,-0.003748,0.225603,-0.361881,0.477079,0.618759,0.317337,0.113966,0.095702,-0.186078,0.070581,0.758693,-0.932875,0.423844,0.016573
2.172586,-0.266118,0.796069,-0.000406,0.000890,0.965162,0.261652,-0.076247,0.352131,0.055552,0.672228,-0.170000,-0.239318,-0.163587,-0.177579,-0.215026,0.532575,-0.198908,0.234233,-0.086746,0.153025,0.147828,-0.044451,0.243935,-0.347271,0.472252,0.622155,0.297480,0.128996,0.127513,-0.210206,0.030004,0.730287,-0.917355,0.424535,-0.002021
2.169259,-0.275580,0.794371,0.003624,-0.001072,0.963228,0.268658,-0.068903,0.360264,0.023006,0.687139,-0.167447,-0.243801,-0.161119,-0.183465,-0.196917,0.529628,-0.199671,0.242236,-0.091289,0.146713,0.140387,-0.094555,0.257570,-0.307890,0.478664,0.610162,0.290615,0.146729,0.157282,-0.237528,-0.002723,0.705667,-0.909132,0.426109,-0.015871
2.166022,-0.285887,0.792243,0.007041,-0.003524,0.961645,0.274185,-0.069549,0.373542,0.000210,0.697383,-0.168625,-0.246538,-0.161866,-0.188394,-0.184085,0.530209,-0.201877,0.247109,-0.095471,0.140155,0.133619,-0.150191,0.273505,-0.257781,0.491992,0.599705,0.292444,0.163691,0.180361,-0.264738,-0.031443,0.687490,-0.904115,0.431192,-0.025363
2.162686,-0.297101,0.789609,0.009608,-0.007300,0.960098,0.279403,-0.075598,0.389777,-0.017918,0.701270,-0.173183,-0.247297,-0.164742,-0.189701,-0.173991,0.532353,-0.205000,0.247498,-0.099176,0.134596,0.127475,-0.206307,0.293764,-0.205592,0.507806,0.594368,0.298805,0.180367,0.195494,-0.290399,-0.056986,0.676156,-0.903041,0.440106,-0.028749
