-2.248151,-0.713580,0.733432,0.051684,-0.036064,-0.151713,0.986413,-0.207639,-0.089678,0.348638,0.749763,-0.479931,0.113870,-0.697211,-0.222783,0.157761,1.469143,-0.049155,0.064947,-0.048852,-0.029917,0.202747,-0.161499,0.341312,-0.472076,-0.393875,0.672498,-0.138075,-0.165489,0.473334,-0.437009,0.326779,-0.512236,-0.506991,-0.021800,-0.052576
-2.219102,-0.702185,0.730922,0.057949,-0.033195,-0.152412,0.986058,-0.163959,-0.137550,0.363378,0.720911,-0.505808,0.132709,-0.727933,-0.191437,0.083672,1.360039,-0.109752,0.101948,-0.065969,-0.033516,0.197900,-0.248116,0.327440,-0.519118,-0.384994,0.666578,-0.144496,-0.160417,0.538048,-0.422570,0.309880,-0.520725,-0.504169,-0.028769,-0.050965
-2.190222,-0.691060,0.728282,0.060902,-0.026832,-0.154219,0.985793,-0.125271,-0.178117,0.374978,0.688221,-0.525990,0.152395,-0.740912,-0.151391,-0.001904,1.209610,-0.154617,0.138577,-0.086486,-0.034518,0.190019,-0.343706,0.317763,-0.578783,-0.379292,0.660537,-0.153112,-0.151569,0.589034,-0.406137,0.295729,-0.528162,-0.502910,-0.037825,-0.051492
-2.161563,-0.680196,0.725576,0.061242,-0.017531,-0.154753,0.985897,-0.087482,-0.216386,0.378055,0.642860,-0.537431,0.173440,-0.741674,-0.089470,-0.067271,1.044942,-0.168141,0.179265,-0.108088,-0.032184,0.179546,-0.450743,0.316503,-0.657052,-0.372014,0.651987,-0.166067,-0.143509,0.629975,-0.384810,0.274459,-0.534568,-0.520705,-0.048112,-0.050629
-2.132942,-0.669811,0.722331,0.059801,-0.007872,-0.152792,0.986416,-0.046221,-0.254658,0.367267,0.589333,-0.542124,0.188191,-0.738467,-0.013931,-0.093044,0.899428,-0.162160,0.235882,-0.129342,-0.027558,0.167736,-0.568578,0.325302,-0.750809,-0.355960,0.646854,-0.177544,-0.133889,0.666663,-0.351979,0.243517,-0.540143,-0.550198,-0.057350,-0.054740
-2.104252,-0.660085,0.718260,0.058147,0.001583,-0.149207,0.987094,-0.002837,-0.291527,0.348467,0.536387,-0.543804,0.201324,-0.739074,0.060404,-0.087986,0.801536,-0.156080,0.250618,-0.149453,-0.020867,0.155478,-0.690226,0.344777,-0.853258,-0.327611,0.650724,-0.183392,-0.116411,0.701172,-0.306581,0.207505,-0.544870,-0.571574,-0.062380,-0.060767
-2.075583,-0.651091,0.714061,0.056392,0.011929,-0.145102,0.987736,0.035723,-0.322966,0.329355,0.494446,-0.542095,0.213585,-0.742565,0.119952,-0.065683,0.754868,-0.157981,0.250536,-0.169336,-0.010994,0.143700,-0.804273,0.373288,-0.954635,-0.285229,0.671127,-0.187156,-0.103971,0.729722,-0.257350,0.167512,-0.549660,-0.582816,-0.067753,-0.067483
-2.046629,-0.642701,0.713365,0.052174,0.022586,-0.137036,0.988933,0.069697,-0.345341,0.307007,0.474543,-0.528937,0.219158,-0.741669,0.148696,-0.037814,0.753951,-0.174322,0.228431,-0.190941,0.003418,0.133740,-0.892900,0.401863,-1.045940,-0.225930,0.699173,-0.185642,-0.105558,0.751775,-0.208041,0.124056,-0.553843,-0.593095,-0.073717,-0.076504
-2.017553,-0.635089,0.711077,0.047274,0.032711,-0.123316,0.990701,0.088079,-0.352984,0.284202,0.489435,-0.499689,0.208151,-0.734808,0.140631,-0.052517,0.787960,-0.226092,0.038164,-0.211528,0.019050,0.125622,-0.950513,0.423484,-1.120145,-0.151840,0.722564,-0.174702,-0.102908,0.768207,-0.158322,0.077100,-0.555040,-0.606193,-0.078717,-0.089039
-1.988269,-0.628383,0.713399,0.042089,0.041295,-0.103132,0.992918,0.084293,-0.342929,0.263024,0.555808,-0.431236,0.161725,-0.729865,0.112202,-0.083188,0.824734,-0.260805,-0.090152,-0.231699,0.033275,0.120180,-0.975221,0.441330,-1.171268,-0.072502,0.752991,-0.146771,-0.094675,0.774989,-0.111715,0.030957,-0.551481,-0.625956,-0.081607,-0.097791
-1.958989,-0.622221,0.716094,0.040541,0.044588,-0.080661,0.994918,0.043074,-0.326528,0.237193,0.701553,-0.304391,0.049705,-0.721619,0.076546,-0.098148,0.876985,-0.286260,-0.165186,-0.251588,0.040750,0.118652,-0.963915,0.466133,-1.194198,0.000921,0.774923,-0.110691,-0.104045,0.769850,-0.080071,-0.006369,-0.540790,-0.655339,-0.087459,-0.100899
-1.929150,-0.615771,0.718859,0.041572,0.043191,-0.058896,0.996463,-0.024114,-0.331280,0.176369,0.896375,-0.155736,-0.163827,-0.701444,0.035192,-0.105317,0.937341,-0.356216,-0.164775,-0.267597,0.039557,0.119401,-0.920679,0.509638,-1.184650,0.053743,0.772294,-0.076254,-0.126273,0.755715,-0.065674,-0.020172,-0.526422,-0.680840,-0.100249,-0.095256
-1.899031,-0.609502,0.720426,0.044419,0.038721,-0.033629,0.997696,-0.114413,-0.340367,0.159618,1.108923,-0.066723,-0.247588,-0.664273,-0.016541,-0.120465,0.982248,-0.422354,-0.148964,-0.283913,0.031754,0.120774,-0.855167,0.577789,-1.141413,0.068541,0.773728,-0.046038,-0.133309,0.729519,-0.070154,-0.002685,-0.513612,-0.673438,-0.117922,-0.081079
-1.868518,-0.603247,0.722683,0.044633,0.034987,-0.013294,0.998302,-0.221859,-0.266029,0.155820,1.312720,-0.121415,-0.251099,-0.615207,-0.057609,-0.140289,1.004914,-0.477771,-0.129597,-0.287405,0.023423,0.123787,-0.761781,0.665967,-1.060422,0.051971,0.768755,-0.012046,-0.134250,0.685674,-0.101239,0.038935,-0.497357,-0.646489,-0.132179,-0.065585
-1.837034,-0.596375,0.727251,0.041944,0.032586,-0.003267,0.998583,-0.337912,-0.135438,0.145234,1.452070,-0.191020,-0.244066,-0.550287,-0.080439,-0.155909,0.994006,-0.515238,-0.105379,-0.272486,0.020399,0.127912,-0.630403,0.751480,-0.936826,0.022929,0.737698,0.038396,-0.126964,0.618678,-0.165520,0.090820,-0.472615,-0.633458,-0.137344,-0.046877
-1.804374,-0.588611,0.734401,0.035710,0.030385,0.001368,0.998899,-0.450853,-0.002168,0.134544,1.489522,-0.228463,-0.156630,-0.466415,-0.088926,-0.170497,0.946513,-0.530832,-0.075796,-0.243465,0.022260,0.130847,-0.470683,0.820258,-0.788954,-0.009514,0.716569,0.088107,-0.124479,0.545760,-0.241615,0.147668,-0.441393,-0.636711,-0.137047,-0.020838
-1.770276,-0.579943,0.743065,0.026405,0.029225,0.004112,0.999216,-0.547330,0.113830,0.127104,1.422923,-0.248063,-0.063844,-0.370707,-0.088676,-0.188911,0.871096,-0.522988,-0.048003,-0.204273,0.026718,0.129778,-0.294853,0.867717,-0.628990,-0.041961,0.733787,0.126699,-0.135299,0.483412,-0.302781,0.203812,-0.406035,-0.650001,-0.132184,0.002551
-1.734221,-0.570282,0.752034,0.014786,0.030280,0.006072,0.999414,-0.614088,0.201860,0.134830,1.262918,-0.257323,-0.001838,-0.270067,-0.081200,-0.207822,0.776789,-0.491075,-0.014535,-0.159859,0.032977,0.122899,-0.106964,0.889904,-0.456275,-0.073447,0.793439,0.152849,-0.151191,0.436431,-0.340400,0.257283,-0.369850,-0.654687,-0.120078,0.016331
-1.695716,-0.559551,0.760749,0.003475,0.032353,0.007517,0.999442,-0.639112,0.253733,0.163559,1.022714,-0.253045,0.008966,-0.165176,-0.072170,-0.221707,0.672902,-0.433030,0.020752,-0.115920,0.040292,0.109632,0.093259,0.877124,-0.271707,-0.104352,0.883323,0.175662,-0.164069,0.401084,-0.363430,0.304741,-0.334718,-0.643494,-0.102555,0.021150
-1.654753,-0.548208,0.771095,-0.005095,0.032782,0.007924,0.999418,-0.619791,0.265864,0.203910,0.733047,-0.230750,-0.030133,-0.051865,-0.069335,-0.233335,0.570095,-0.353022,0.057425,-0.076031,0.047409,0.091468,0.295620,0.824815,-0.085410,-0.134634,0.988009,0.181703,-0.173945,0.372745,-0.383710,0.345432,-0.301581,-0.626683,-0.083283,0.016309
-1.613152,-0.536099,0.776135,-0.010108,0.030931,0.006833,0.999447,-0.575393,0.235636,0.195195,0.448336,-0.208056,-0.136281,0.060450,-0.075446,-0.242822,0.473296,-0.260475,0.091612,-0.039477,0.053018,0.070846,0.489423,0.735019,0.091567,-0.170567,1.082618,0.183192,-0.175325,0.345151,-0.406351,0.379685,-0.267429,-0.613649,-0.064665,0.007005
-1.572984,-0.523716,0.776230,-0.009590,0.028382,0.001025,0.999551,-0.538608,0.185238,0.065615,0.251332,-0.194017,-0.162859,0.149455,-0.092648,-0.230396,0.412808,-0.178748,0.123806,-0.003589,0.054909,0.050833,0.625156,0.625602,0.236965,-0.187663,1.162648,0.187167,-0.183474,0.304066,-0.426326,0.411124,-0.225910,-0.609121,-0.044579,-0.003640
-1.535229,-0.511430,0.770561,-0.013787,0.024548,-0.001571,0.999602,-0.529490,0.173625,0.041929,0.214293,-0.181972,-0.172305,0.202372,-0.104168,-0.205773,0.425279,-0.138686,0.143296,0.019626,0.061061,0.033619,0.743230,0.516588,0.377361,-0.192692,1.200491,0.191004,-0.176911,0.245963,-0.438719,0.446346,-0.170627,-0.603854,-0.017468,-0.017421
-1.500360,-0.499589,0.761877,-0.013019,0.018893,-0.004148,0.999728,-0.537715,0.157569,0.033645,0.296948,-0.088528,-0.210043,0.237941,-0.128462,-0.189621,0.470812,-0.113544,0.145286,0.037283,0.065683,0.021853,0.808055,0.406506,0.484889,-0.168748,1.204402,0.210172,-0.169346,0.195729,-0.448174,0.472896,-0.112206,-0.615634,0.016212,-0.036572
-1.467411,-0.488066,0.751118,-0.002395,0.009224,-0.003863,0.999947,-0.536322,0.113582,0.024229,0.385859,0.090376,-0.151183,0.274928,-0.173404,-0.183021,0.524280,-0.064297,0.137561,0.049095,0.062936,0.015782,0.827655,0.307730,0.554483,-0.113148,1.198488,0.243796,-0.172698,0.157394,-0.452176,0.482782,-0.045010,-0.643806,0.061893,-0.056815
-1.437663,-0.476087,0.744739,0.010815,0.001067,0.005863,0.999924,-0.559627,0.060349,0.038865,0.537003,0.031192,-0.057585,0.278328,-0.225781,-0.172313,0.632916,0.000678,0.131118,0.054745,0.049868,0.019764,0.796968,0.244523,0.596295,-0.026457,1.229457,0.291309,-0.200147,0.130297,-0.434807,0.456730,0.041877,-0.681489,0.135731,-0.066479
-1.409249,-0.466126,0.741497,0.017686,-0.007201,0.018879,0.999639,-0.562534,0.017826,0.037468,0.659815,-0.062884,-0.029744,0.256270,-0.257522,-0.153139,0.767493,0.091222,0.107640,0.058518,0.030943,0.026786,0.725862,0.213645,0.630364,0.095891,1.319392,0.337606,-0.253429,0.127140,-0.360817,0.398561,0.160785,-0.698437,0.242224,-0.058972
-1.383987,-0.458444,0.742806,0.026071,-0.015501,0.024126,0.999249,-0.510599,-0.011657,0.049107,0.676766,-0.119772,-0.016164,0.198632,-0.294295,-0.133200,0.902683,0.170610,0.065387,0.061943,0.011620,0.034159,0.627811,0.171480,0.661616,0.235339,1.425334,0.365775,-0.320785,0.129388,-0.265690,0.323056,0.282970,-0.669846,0.335622,-0.042724
-1.362436,-0.452673,0.746839,0.037644,-0.020651,0.020005,0.998878,-0.445074,-0.035907,0.069595,0.641364,-0.140770,-0.006938,0.111960,-0.325811,-0.101177,1.033470,0.128022,0.006165,0.062329,-0.009022,0.041974,0.518862,0.103678,0.695613,0.353859,1.488692,0.383350,-0.366378,0.115253,-0.209284,0.269850,0.389195,-0.629475,0.390763,-0.024175
-1.343856,-0.449085,0.751063,0.046781,-0.021834,0.015062,0.998553,-0.395583,-0.052198,0.086017,0.604256,-0.150784,-0.005602,0.004539,-0.310236,-0.059629,1.145606,-0.013963,-0.010406,0.055174,-0.027352,0.049368,0.411290,0.035278,0.709263,0.440402,1.482026,0.378942,-0.381169,0.090477,-0.210014,0.278702,0.477653,-0.625999,0.412407,0.013913
-1.326530,-0.446816,0.755740,0.050393,-0.020241,0.014380,0.998421,-0.352616,-0.061497,0.091712,0.561499,-0.154840,-0.004066,-0.106322,-0.289167,-0.053372,1.216206,-0.096696,-0.011910,0.041938,-0.040751,0.053834,0.310650,-0.015353,0.684317,0.506730,1.412488,0.339314,-0.369123,0.076324,-0.238877,0.317282,0.534755,-0.651472,0.403542,0.054898
-1.309887,-0.445155,0.759777,0.053229,-0.015383,0.017289,0.998314,-0.319533,-0.072492,0.091214,0.522110,-0.159805,-0.004313,-0.211724,-0.310269,-0.107916,1.237186,-0.169989,0.003234,0.026250,-0.051818,0.055629,0.214023,-0.043043,0.617969,0.570342,1.324567,0.280511,-0.356378,0.085791,-0.269898,0.323519,0.551686,-0.668572,0.381907,0.062608
-1.293113,-0.443759,0.762504,0.058439,-0.008341,0.023851,0.997971,-0.293818,-0.091305,0.086419,0.490582,-0.171609,-0.002712,-0.305595,-0.363495,-0.199832,1.212191,-0.246352,-0.015206,0.010381,-0.063531,0.056077,0.115412,-0.047411,0.494978,0.628453,1.274597,0.223314,-0.330684,0.120999,-0.286655,0.269448,0.532271,-0.643047,0.365320,0.025428
-1.275519,-0.442600,0.764401,0.065838,-0.002659,0.030558,0.997359,-0.259239,-0.114375,0.080562,0.454065,-0.188205,-0.000709,-0.377061,-0.422932,-0.303216,1.138556,-0.287829,-0.056448,-0.004930,-0.076928,0.056289,0.015946,-0.035259,0.319107,0.676528,1.286746,0.170893,-0.269797,0.173290,-0.308786,0.220763,0.495794,-0.618019,0.353702,-0.021949
-1.257169,-0.441914,0.765486,0.075207,0.000222,0.034772,0.996562,-0.214209,-0.136933,0.078241,0.414755,-0.204927,-0.004894,-0.430920,-0.456694,-0.382529,1.022775,-0.309802,-0.096570,-0.021171,-0.091258,0.057319,-0.075944,-0.013068,0.115733,0.699004,1.346540,0.115996,-0.203711,0.222870,-0.334537,0.194403,0.465626,-0.616124,0.351374,-0.048179
-1.238714,-0.441432,0.765862,0.081159,0.001205,0.037743,0.995986,-0.166425,-0.152544,0.069863,0.379446,-0.224736,-0.009706,-0.483581,-0.432621,-0.387169,0.888341,-0.301927,-0.103483,-0.038622,-0.102119,0.059975,-0.161826,0.012839,-0.062890,0.697009,1.425556,0.080924,-0.147719,0.253633,-0.354079,0.185452,0.460035,-0.629546,0.356789,-0.052146
-1.221060,-0.440971,0.765810,0.083718,0.000930,0.039175,0.995719,-0.127269,-0.161054,0.059759,0.361200,-0.245429,-0.009440,-0.524467,-0.375236,-0.329129,0.750018,-0.248730,-0.063129,-0.054063,-0.107231,0.063842,-0.246365,0.023791,-0.188614,0.689412,1.487938,0.075692,-0.110956,0.270046,-0.363956,0.184571,0.475222,-0.639480,0.371410,-0.048952
-1.204364,-0.440728,0.766139,0.082866,-0.000093,0.040838,0.995724,-0.091027,-0.162070,0.048567,0.344979,-0.261401,-0.007824,-0.535079,-0.316043,-0.252410,0.620325,-0.170775,-0.057340,-0.066084,-0.107763,0.067576,-0.318354,0.016728,-0.255895,0.686970,1.502998,0.087401,-0.081925,0.271370,-0.360999,0.192560,0.519442,-0.646976,0.399476,-0.036093
-1.188219,-0.441101,0.766903,0.079971,-0.001462,0.041963,0.995913,-0.055961,-0.156061,0.039438,0.330185,-0.276715,-0.008850,-0.519272,-0.267702,-0.183063,0.520113,-0.093287,-0.071543,-0.075326,-0.104032,0.069957,-0.369989,0.002329,-0.278059,0.687085,1.470268,0.107571,-0.066809,0.262062,-0.346515,0.205279,0.584701,-0.659027,0.430222,-0.028185
-1.172307,-0.442202,0.768124,0.075949,-0.002446,0.041113,0.996261,-0.025864,-0.144915,0.034443,0.324767,-0.296423,-0.011151,-0.487738,-0.226683,-0.132326,0.446496,-0.011027,-0.063624,-0.081646,-0.095655,0.070498,-0.399888,-0.006283,-0.280376,0.675256,1.408905,0.121465,-0.069574,0.250773,-0.323618,0.208904,0.649413,-0.668966,0.450372,-0.040072
-1.157347,-0.444040,0.770668,0.070782,-0.002084,0.038631,0.996741,-0.003002,-0.129920,0.031732,0.326901,-0.319215,-0.015274,-0.445722,-0.197792,-0.121404,0.388995,0.039858,-0.059546,-0.084058,-0.083155,0.069130,-0.410032,-0.002276,-0.280825,0.644313,1.337221,0.128799,-0.085861,0.246188,-0.296722,0.199711,0.697780,-0.669641,0.456201,-0.062454
-1.142703,-0.446483,0.772306,0.063363,0.000938,0.037445,0.997287,0.003194,-0.109692,0.027717,0.348507,-0.348599,-0.019266,-0.408569,-0.180048,-0.144939,0.352826,0.015513,-0.049085,-0.083573,-0.067255,0.066339,-0.405468,0.017215,-0.292857,0.593258,1.275097,0.134426,-0.101520,0.249991,-0.265920,0.177507,0.721006,-0.655500,0.446993,-0.092916
-1.129303,-0.449219,0.773619,0.049920,0.005814,0.039035,0.997973,-0.015418,-0.076417,0.022431,0.404903,-0.376472,-0.022460,-0.384692,-0.153597,-0.174519,0.334498,0.004000,-0.052557,-0.082629,-0.047352,0.064736,-0.389074,0.051944,-0.315803,0.531621,1.226337,0.140790,-0.105268,0.256433,-0.231964,0.165339,0.732437,-0.644312,0.432574,-0.107872
-1.116552,-0.452595,0.775772,0.035139,0.009289,0.042875,0.998419,-0.064240,-0.034042,0.032368,0.526195,-0.392174,-0.022955,-0.369033,-0.126885,-0.204392,0.341508,-0.019181,-0.051281,-0.082774,-0.023358,0.067300,-0.361240,0.090189,-0.338820,0.475640,1.184595,0.157124,-0.086947,0.264276,-0.199187,0.157568,0.737157,-0.637420,0.416672,-0.118123
-1.105334,-0.455635,0.775724,0.020838,0.012421,0.047341,0.998584,-0.139245,0.008787,0.038529,0.684852,-0.371334,-0.028392,-0.359734,-0.101406,-0.228854,0.353870,-0.043441,-0.047691,-0.083077,0.001874,0.073147,-0.327761,0.127471,-0.359194,0.440351,1.157465,0.184842,-0.053099,0.270610,-0.168657,0.149522,0.735842,-0.631576,0.400414,-0.130565
-1.095355,-0.458222,0.775360,0.010170,0.016933,0.051144,0.998496,-0.222543,0.043269,0.035665,0.839076,-0.323409,-0.063804,-0.358646,-0.081570,-0.245281,0.368687,-0.066126,-0.047643,-0.082731,0.023903,0.079259,-0.294883,0.160507,-0.374664,0.434397,1.147622,0.221251,-0.025438,0.271141,-0.145622,0.150579,0.732169,-0.629260,0.386471,-0.127846
-1.085677,-0.460366,0.778103,0.004687,0.022084,0.051972,0.998393,-0.295488,0.071127,0.040669,0.956972,-0.287878,-0.077046,-0.357714,-0.068090,-0.252961,0.378023,-0.083235,-0.050520,-0.081443,0.040020,0.083781,-0.261279,0.186108,-0.381501,0.455895,1.148308,0.261533,-0.017872,0.265919,-0.133151,0.157793,0.722156,-0.627319,0.371995,-0.125273
-1.076608,-0.461674,0.779302,0.002192,0.027301,0.049112,0.998418,-0.347807,0.106878,0.076697,1.009581,-0.285084,-0.073877,-0.356843,-0.056985,-0.251483,0.380620,-0.096805,-0.052409,-0.079754,0.050428,0.086885,-0.224388,0.207224,-0.377733,0.497531,1.154587,0.300111,-0.023253,0.254795,-0.131705,0.178079,0.712063,-0.629738,0.359963,-0.116590
-1.068059,-0.462059,0.780464,0.002176,0.033093,0.043715,0.998493,-0.380469,0.140155,0.127410,0.995650,-0.285934,-0.059984,-0.356320,-0.049549,-0.242982,0.378328,-0.106472,-0.051129,-0.075930,0.057032,0.088551,-0.186653,0.221654,-0.361526,0.555531,1.156029,0.332316,-0.030190,0.238376,-0.138623,0.203873,0.705265,-0.632325,0.354910,-0.102283
-1.060047,-0.461664,0.781746,0.003443,0.040100,0.038396,0.998452,-0.401735,0.156285,0.169257,0.929979,-0.279282,-0.048885,-0.359681,-0.046639,-0.232222,0.378036,-0.115497,-0.049447,-0.069633,0.061226,0.088872,-0.150275,0.227413,-0.331700,0.628773,1.145825,0.360364,-0.035989,0.221989,-0.149265,0.221808,0.700013,-0.630615,0.356903,-0.088322
-1.052369,-0.460800,0.783181,0.006348,0.047859,0.032646,0.998300,-0.413819,0.149857,0.191519,0.825391,-0.262545,-0.041896,-0.365621,-0.047722,-0.219387,0.379646,-0.125486,-0.047303,-0.061594,0.062997,0.087756,-0.116702,0.226679,-0.293808,0.715641,1.129581,0.388150,-0.046595,0.209549,-0.161476,0.225718,0.693791,-0.620150,0.365866,-0.074210
-1.044958,-0.459746,0.784717,0.010080,0.056140,0.026236,0.998027,-0.417243,0.125902,0.190661,0.695071,-0.253882,-0.055470,-0.370603,-0.049692,-0.205850,0.376282,-0.133364,-0.045177,-0.053897,0.062443,0.085467,-0.086487,0.218282,-0.253121,0.811579,1.108412,0.411502,-0.063376,0.205606,-0.174031,0.216259,0.680494,-0.604603,0.377187,-0.065649
-1.037828,-0.458541,0.786197,0.013864,0.063790,0.019648,0.997674,-0.410398,0.093296,0.162856,0.558161,-0.240409,-0.082558,-0.370836,-0.050881,-0.191033,0.365127,-0.136947,-0.043486,-0.047586,0.060186,0.082116,-0.056478,0.216908,-0.219877,0.902492,1.093709,0.425582,-0.097784,0.200898,-0.190982,0.205004,0.675097,-0.590751,0.389047,-0.065500
-1.031161,-0.457310,0.787121,0.018367,0.069958,0.012983,0.997296,-0.395843,0.055114,0.100513,0.440823,-0.203787,-0.063640,-0.363436,-0.052493,-0.175804,0.342944,-0.136236,-0.041576,-0.042101,0.056429,0.078620,-0.022767,0.223331,-0.202654,0.977584,1.091563,0.419172,-0.147027,0.193852,-0.211747,0.195230,0.681820,-0.578856,0.399821,-0.069723
-1.025349,-0.456072,0.785140,0.022287,0.075034,0.008322,0.996897,-0.381147,0.021593,0.036675,0.367750,-0.137093,-0.026511,-0.355446,-0.055015,-0.165386,0.319807,-0.135191,-0.037129,-0.038362,0.052153,0.075634,0.010370,0.227496,-0.194769,1.031017,1.099467,0.406948,-0.192520,0.194064,-0.229869,0.179293,0.689297,-0.566172,0.406026,-0.080118
-1.020355,-0.454629,0.785995,0.023785,0.079981,0.006366,0.996492,-0.372058,0.008797,0.012955,0.336182,-0.107832,-0.018478,-0.352948,-0.056550,-0.158616,0.308839,-0.135809,-0.033295,-0.037927,0.049085,0.073408,0.048841,0.232660,-0.177475,1.049860,1.104608,0.396417,-0.203750,0.202195,-0.248252,0.154991,0.699117,-0.550679,0.400212,-0.091337
-1.015449,-0.452767,0.786370,0.023654,0.084422,0.004947,0.996137,-0.366111,0.006118,0.007455,0.322140,-0.114173,-0.031016,-0.355479,-0.057917,-0.154038,0.309690,-0.141401,-0.027693,-0.038080,0.047074,0.072182,0.088512,0.229613,-0.146732,1.039919,1.103403,0.398019,-0.186504,0.210032,-0.259859,0.135835,0.713936,-0.540420,0.396687,-0.100909
-1.010964,-0.450775,0.786952,0.024432,0.088097,0.004446,0.995802,-0.361840,0.002179,0.004315,0.311793,-0.109194,-0.043669,-0.355653,-0.062026,-0.150988,0.307952,-0.144531,-0.023122,-0.037253,0.044772,0.071408,0.129531,0.221750,-0.102776,1.010085,1.092284,0.398606,-0.158914,0.222697,-0.271684,0.124039,0.730501,-0.534269,0.393739,-0.102818
-1.006888,-0.448406,0.787240,0.024280,0.090800,0.004179,0.995564,-0.361479,-0.002008,-0.000555,0.312735,-0.113347,-0.045609,-0.356531,-0.065726,-0.149080,0.310176,-0.147855,-0.017744,-0.034762,0.042123,0.071284,0.165970,0.211533,-0.049187,0.968529,1.071579,0.396150,-0.136525,0.238622,-0.281162,0.118372,0.748510,-0.529895,0.391059,-0.102513
-1.003121,-0.445950,0.787373,0.023713,0.092757,0.004658,0.995395,-0.361142,-0.005558,-0.002061,0.315488,-0.120001,-0.042401,-0.356561,-0.069158,-0.148144,0.313385,-0.151860,-0.012695,-0.031661,0.039626,0.071207,0.194197,0.203650,-0.001360,0.929599,1.057874,0.389145,-0.115790,0.256945,-0.286039,0.122723,0.762877,-0.529164,0.396578,-0.104578
-0.999536,-0.443536,0.787495,0.022947,0.093527,0.005361,0.995338,-0.357024,-0.007777,0.001591,0.314773,-0.125207,-0.033950,-0.353400,-0.072172,-0.147719,0.315519,-0.156416,-0.008011,-0.029238,0.037076,0.070642,0.209738,0.192900,0.030407,0.894110,1.054879,0.385186,-0.103885,0.280792,-0.293524,0.128533,0.772175,-0.528678,0.395982,-0.103817
-0.996177,-0.441245,0.787484,0.021361,0.093125,0.005265,0.995411,-0.348678,-0.007969,0.004168,0.310399,-0.134179,-0.028160,-0.348559,-0.072382,-0.145255,0.318500,-0.160773,-0.003995,-0.028302,0.034652,0.069795,0.220296,0.190039,0.050395,0.863664,1.060008,0.379351,-0.094398,0.300842,-0.302301,0.136595,0.780872,-0.529601,0.393841,-0.103636
-0.993200,-0.439298,0.787185,0.018394,0.092483,0.003749,0.995537,-0.339748,-0.004280,0.002875,0.305526,-0.147282,-0.029090,-0.345873,-0.067918,-0.140488,0.324366,-0.164039,-0.000640,-0.029108,0.032870,0.068785,0.224811,0.192909,0.066977,0.841326,1.064830,0.376686,-0.084959,0.316081,-0.310817,0.142023,0.786353,-0.528363,0.390701,-0.101328
-0.990784,-0.437817,0.786155,0.015285,0.092102,0.000373,0.995632,-0.339451,0.002494,0.004874,0.315133,-0.161787,-0.030068,-0.354418,-0.060089,-0.128487,0.347415,-0.173258,-0.000392,-0.032334,0.031538,0.068635,0.223424,0.198088,0.089817,0.828490,1.062369,0.380351,-0.074674,0.325100,-0.320161,0.137063,0.788178,-0.522532,0.390056,-0.101487
-0.988714,-0.436844,0.783692,0.014803,0.091425,-0.005615,0.995686,-0.348396,0.007711,0.014021,0.344892,-0.183966,-0.028228,-0.386917,-0.053802,-0.104579,0.415433,-0.198257,-0.004186,-0.037927,0.028707,0.070219,0.220310,0.202716,0.125395,0.825851,1.051093,0.393058,-0.062491,0.329060,-0.333701,0.119418,0.786522,-0.516161,0.391475,-0.105239
-0.986261,-0.436201,0.780446,0.016474,0.088576,-0.013683,0.995839,-0.352038,0.011259,0.027856,0.376689,-0.209293,-0.027278,-0.423054,-0.042972,-0.064731,0.498924,-0.231022,-0.020531,-0.045712,0.023127,0.072075,0.221572,0.210039,0.173440,0.830743,1.033614,0.411720,-0.046808,0.329942,-0.346490,0.085430,0.781741,-0.510300,0.398159,-0.113318
-0.983038,-0.435734,0.778327,0.019027,0.083050,-0.020008,0.996163,-0.341229,0.011157,0.040944,0.392713,-0.226186,-0.024965,-0.427480,-0.024777,-0.014916,0.534195,-0.268632,-0.024626,-0.054329,0.016112,0.071690,0.222775,0.229247,0.220211,0.845822,1.021268,0.430127,-0.034846,0.328404,-0.353381,0.039819,0.780187,-0.507969,0.409447,-0.132028
-0.978916,-0.434962,0.779188,0.020332,0.077299,-0.021079,0.996578,-0.316321,0.007253,0.045716,0.380387,-0.227072,-0.021193,-0.395034,-0.019537,0.002225,0.504442,-0.274190,-0.033348,-0.059537,0.009657,0.067281,0.218105,0.271290,0.248959,0.867665,1.031695,0.444118,-0.033381,0.323261,-0.350066,-0.009157,0.788250,-0.505994,0.421678,-0.143243
-0.974398,-0.433972,0.781395,0.021831,0.072579,-0.017615,0.996968,-0.287164,-0.000974,0.043675,0.353512,-0.217898,-0.017735,-0.352860,-0.029688,-0.004418,0.455139,-0.267235,-0.017691,-0.059700,0.004360,0.060189,0.203925,0.318735,0.272806,0.886566,1.052077,0.457716,-0.021025,0.324201,-0.346834,-0.065067,0.795998,-0.500055,0.426243,-0.146739
-0.969960,-0.433203,0.783894,0.022534,0.068998,-0.015430,0.997243,-0.256475,-0.005879,0.042862,0.320347,-0.206425,-0.016093,-0.316417,-0.038033,-0.014182,0.408729,-0.248629,-0.007007,-0.055286,0.000851,0.052289,0.190715,0.361053,0.317496,0.891431,1.053099,0.466555,0.010345,0.325839,-0.351405,-0.118896,0.806054,-0.497986,0.425118,-0.145630
-0.965604,-0.432845,0.786031,0.022279,0.066181,-0.018771,0.997382,-0.228513,-0.003567,0.050866,0.292681,-0.198031,-0.016859,-0.284541,-0.038352,-0.015478,0.365289,-0.229554,0.000763,-0.049355,0.000169,0.044134,0.188027,0.395289,0.372481,0.888413,1.039273,0.470330,0.046682,0.326873,-0.373293,-0.161689,0.817588,-0.508302,0.427971,-0.137210
-0.961490,-0.432679,0.787643,0.021603,0.064741,-0.025315,0.997347,-0.204672,0.001380,0.063232,0.266957,-0.191195,-0.017736,-0.258259,-0.034613,-0.010262,0.326455,-0.214354,0.006005,-0.044062,0.001738,0.035070,0.198048,0.436466,0.426132,0.884154,1.024961,0.472348,0.060634,0.320161,-0.406945,-0.218717,0.830125,-0.512996,0.432401,-0.138996
-0.957590,-0.432740,0.788738,0.020484,0.064167,-0.029942,0.997280,-0.185295,0.005991,0.072603,0.243598,-0.185218,-0.017503,-0.236133,-0.030361,-0.006037,0.294635,-0.204841,0.008813,-0.040021,0.003682,0.025298,0.213276,0.487271,0.479113,0.881874,1.018125,0.478442,0.072456,0.314346,-0.446426,-0.300583,0.839254,-0.501389,0.435985,-0.148394
-0.953923,-0.433053,0.789421,0.018857,0.063884,-0.030913,0.997300,-0.170644,0.009798,0.075000,0.225400,-0.181616,-0.017371,-0.217670,-0.026604,-0.007066,0.270783,-0.198841,0.009050,-0.037156,0.004677,0.016126,0.228647,0.546769,0.534898,0.885421,1.016501,0.484193,0.082979,0.314284,-0.489878,-0.395063,0.845495,-0.482104,0.439195,-0.160197
-0.950431,-0.433572,0.789737,0.017133,0.063127,-0.029559,0.997421,-0.161397,0.013351,0.072610,0.218854,-0.182334,-0.018886,-0.202176,-0.023224,-0.011070,0.255537,-0.196752,0.007817,-0.035814,0.004393,0.009259,0.243861,0.609626,0.603086,0.888472,1.004527,0.486231,0.096541,0.321822,-0.542970,-0.481663,0.851499,-0.468914,0.437928,-0.162132
-0.947081,-0.433948,0.789776,0.015903,0.061815,-0.027758,0.997575,-0.154770,0.015295,0.068664,0.219756,-0.186387,-0.020068,-0.190557,-0.021574,-0.015357,0.250014,-0.199198,0.007168,-0.035441,0.003669,0.005034,0.256814,0.665375,0.697652,0.883990,0.966130,0.485166,0.100623,0.329937,-0.600218,-0.554176,0.861500,-0.470157,0.437882,-0.162263
-0.943922,-0.434066,0.789751,0.015087,0.059475,-0.026217,0.997771,-0.147002,0.015979,0.065879,0.222434,-0.190713,-0.019731,-0.180128,-0.021306,-0.019113,0.249797,-0.202525,0.007989,-0.035204,0.003093,0.002699,0.259686,0.710764,0.806910,0.878841,0.897477,0.483442,0.088750,0.338349,-0.662613,-0.613731,0.873127,-0.479225,0.440599,-0.159802
-0.940924,-0.433924,0.789752,0.014578,0.056498,-0.025403,0.997973,-0.134404,0.015656,0.064863,0.218371,-0.193504,-0.018014,-0.168592,-0.021700,-0.021497,0.248641,-0.205468,0.008712,-0.034571,0.002554,0.000889,0.262589,0.751008,0.902425,0.875932,0.829929,0.482156,0.074861,0.343090,-0.725779,-0.670052,0.886211,-0.489924,0.442913,-0.161368
-0.938116,-0.433623,0.789735,0.014350,0.053814,-0.024845,0.998139,-0.121521,0.014882,0.065033,0.212120,-0.195648,-0.017020,-0.157204,-0.022541,-0.023005,0.245905,-0.208766,0.009169,-0.033687,0.001846,-0.001105,0.273411,0.805841,0.959966,0.885095,0.789367,0.479430,0.062720,0.348958,-0.788923,-0.726108,0.894963,-0.495658,0.442183,-0.157219
-0.935557,-0.433122,0.789737,0.014416,0.051962,-0.024495,0.998245,-0.111339,0.013368,0.065077,0.206611,-0.196579,-0.017091,-0.148146,-0.024254,-0.023986,0.243511,-0.211441,0.010453,-0.033259,0.001047,-0.003212,0.294338,0.860788,0.980357,0.900009,0.784376,0.477066,0.054815,0.352556,-0.851006,-0.782912,0.900277,-0.495058,0.440643,-0.150443
-0.933197,-0.432444,0.789751,0.014566,0.050436,-0.024284,0.998326,-0.102342,0.011359,0.064980,0.201518,-0.196937,-0.016520,-0.140402,-0.026309,-0.024453,0.241702,-0.213484,0.012001,-0.033178,0.000327,-0.005213,0.317145,0.913155,0.980901,0.918038,0.797274,0.473534,0.051714,0.357299,-0.910517,-0.830470,0.901920,-0.495614,0.432856,-0.140883
-0.931045,-0.431650,0.789729,0.014777,0.049131,-0.024139,0.998391,-0.093847,0.009107,0.065367,0.196232,-0.197631,-0.015110,-0.133995,-0.028435,-0.024259,0.240741,-0.215774,0.013696,-0.032984,-0.000266,-0.007215,0.339399,0.961007,0.969567,0.938943,0.818061,0.467078,0.046520,0.365815,-0.967911,-0.860919,0.904532,-0.503688,0.425009,-0.127566
-0.929110,-0.430800,0.789660,0.014963,0.048383,-0.024520,0.998416,-0.087182,0.007204,0.066633,0.192076,-0.199154,-0.014095,-0.130288,-0.030199,-0.023285,0.241717,-0.218350,0.014790,-0.032679,-0.000817,-0.009175,0.362950,1.004152,0.950091,0.961784,0.844359,0.459317,0.040090,0.373914,-1.024186,-0.881672,0.910512,-0.514319,0.419162,-0.114788
-0.927371,-0.429917,0.789615,0.015056,0.047904,-0.025180,0.998421,-0.082969,0.005841,0.068642,0.191167,-0.200590,-0.013215,-0.127553,-0.031688,-0.022251,0.242687,-0.219932,0.015866,-0.032212,-0.001338,-0.010957,0.388832,1.045095,0.921031,0.987415,0.879202,0.449439,0.033475,0.379626,-1.077962,-0.900313,0.921799,-0.523067,0.416857,-0.103878
-0.925784,-0.428995,0.789601,0.015196,0.047640,-0.026024,0.998410,-0.079573,0.004481,0.071360,0.190551,-0.201073,-0.012181,-0.125793,-0.033326,-0.021364,0.243936,-0.221195,0.017386,-0.031365,-0.001851,-0.012285,0.413782,1.083513,0.891192,1.014480,0.916580,0.438420,0.031414,0.383920,-1.128865,-0.917637,0.937254,-0.528787,0.416314,-0.094128
-0.924305,-0.428058,0.789613,0.015229,0.047328,-0.027205,0.998393,-0.076203,0.003427,0.074061,0.190177,-0.201734,-0.011791,-0.124645,-0.034572,-0.019872,0.245942,-0.221579,0.018522,-0.030226,-0.002321,-0.013314,0.433081,1.116484,0.872017,1.039642,0.946168,0.431106,0.037242,0.389428,-1.177866,-0.930998,0.957224,-0.535268,0.413272,-0.085154
-0.922909,-0.427132,0.789664,0.015162,0.047064,-0.028527,0.998369,-0.072673,0.002709,0.077390,0.189163,-0.201978,-0.011035,-0.123437,-0.035475,-0.018263,0.247217,-0.220804,0.019569,-0.028583,-0.002480,-0.014698,0.440052,1.143246,0.876767,1.061967,0.954896,0.429390,0.046919,0.395386,-1.220637,-0.945925,0.977148,-0.542311,0.411810,-0.077656
-0.921570,-0.426207,0.789697,0.014970,0.047143,-0.029814,0.998331,-0.069532,0.002335,0.081282,0.187313,-0.202133,-0.009962,-0.122266,-0.036138,-0.016952,0.247117,-0.220335,0.021498,-0.026641,-0.002442,-0.016768,0.440966,1.165921,0.892976,1.079933,0.953295,0.433069,0.054467,0.398798,-1.267903,-0.950965,1.000630,-0.548070,0.410791,-0.063451
-0.920280,-0.425254,0.789723,0.014782,0.047665,-0.030984,0.998273,-0.067064,0.001656,0.084102,0.184436,-0.201746,-0.009540,-0.121937,-0.036959,-0.015979,0.247089,-0.219922,0.022490,-0.024544,-0.002465,-0.019395,0.444282,1.185486,0.906169,1.095103,0.953142,0.436618,0.058879,0.403499,-1.307274,-0.954403,1.021214,-0.554698,0.405004,-0.059741
-0.919029,-0.424257,0.789716,0.014572,0.048341,-0.031859,0.998216,-0.065373,0.000843,0.086652,0.182348,-0.201852,-0.008265,-0.122234,-0.037982,-0.014960,0.247805,-0.219937,0.024878,-0.022362,-0.002568,-0.022016,0.451670,1.203669,0.919022,1.108133,0.953607,0.435181,0.066182,0.407953,-1.344840,-0.959649,1.039010,-0.559159,0.398777,-0.056961
-0.917829,-0.423284,0.789676,0.014593,0.048907,-0.032674,0.998162,-0.064300,-0.000385,0.089261,0.181546,-0.202395,-0.007007,-0.122219,-0.039464,-0.013995,0.248436,-0.220514,0.026610,-0.020617,-0.002560,-0.024418,0.459784,1.218219,0.928048,1.118906,0.955698,0.437098,0.070956,0.411234,-1.375792,-0.960323,1.052578,-0.562634,0.395752,-0.050492
-0.916694,-0.422363,0.789595,0.014692,0.049317,-0.033332,0.998119,-0.063591,-0.001840,0.090969,0.181722,-0.203869,-0.005877,-0.122294,-0.040888,-0.012620,0.249879,-0.221694,0.027933,-0.019271,-0.002440,-0.026664,0.466180,1.229830,0.939631,1.128091,0.955696,0.441953,0.075741,0.412360,-1.402446,-0.965120,1.064968,-0.562970,0.393117,-0.051082
-0.915603,-0.421493,0.789504,0.014777,0.049367,-0.033508,0.998109,-0.063040,-0.003208,0.092625,0.183550,-0.205475,-0.004586,-0.121730,-0.042561,-0.012689,0.251700,-0.223345,0.028840,-0.018060,-0.002455,-0.028646,0.469032,1.238489,0.952213,1.135644,0.952782,0.444009,0.078756,0.413018,-1.423986,-0.967944,1.078180,-0.563379,0.392006,-0.050305
-0.914581,-0.420670,0.789442,0.014996,0.049036,-0.033439,0.998124,-0.060849,-0.005254,0.092733,0.183124,-0.205858,-0.003115,-0.120615,-0.044651,-0.013221,0.253910,-0.225055,0.029816,-0.016939,-0.002683,-0.030477,0.472821,1.244570,0.957288,1.141986,0.953820,0.439775,0.078555,0.412811,-1.440777,-0.966142,1.089393,-0.563869,0.390049,-0.045215
-0.913621,-0.419906,0.789426,0.015276,0.048927,-0.032893,0.998144,-0.059148,-0.007364,0.092761,0.182261,-0.205169,-0.002738,-0.119734,-0.046909,-0.014206,0.255680,-0.226196,0.030548,-0.015837,-0.003036,-0.032310,0.476054,1.248103,0.955355,1.147425,0.958451,0.433600,0.076963,0.411965,-1.452043,-0.962488,1.097227,-0.564931,0.386237,-0.045697
-0.912701,-0.419207,0.789427,0.015606,0.049275,-0.032383,0.998138,-0.058089,-0.009412,0.092713,0.180648,-0.203992,-0.001868,-0.119347,-0.049306,-0.015539,0.256364,-0.226849,0.031919,-0.015039,-0.003417,-0.034657,0.477335,1.249074,0.951014,1.152357,0.964138,0.428950,0.077668,0.411791,-1.458937,-0.952128,1.101424,-0.567046,0.380514,-0.040924
-0.911764,-0.418574,0.789410,0.015647,0.049753,-0.031126,0.998154,-0.057251,-0.011113,0.090898,0.178661,-0.203785,-0.001260,-0.117889,-0.051212,-0.018005,0.255159,-0.226967,0.032694,-0.014491,-0.003840,-0.037333,0.475700,1.248307,0.947399,1.155358,0.969018,0.424372,0.079340,0.411282,-1.461861,-0.941093,1.104314,-0.568288,0.374759,-0.037899
-0.910834,-0.417977,0.789321,0.015667,0.049994,-0.029362,0.998195,-0.056894,-0.012903,0.088153,0.178690,-0.205291,-0.000673,-0.115807,-0.053247,-0.020958,0.254115,-0.228338,0.034051,-0.014063,-0.004186,-0.039934,0.471270,1.247531,0.944601,1.157658,0.972844,0.423134,0.077575,0.408392,-1.461803,-0.935472,1.107904,-0.565150,0.369853,-0.037668
-0.909895,-0.417412,0.789250,0.015828,0.049673,-0.027388,0.998264,-0.055844,-0.015069,0.084848,0.179733,-0.206167,0.000310,-0.112410,-0.055771,-0.024491,0.253044,-0.229769,0.035075,-0.013444,-0.004506,-0.041921,0.465298,1.247005,0.942271,1.159064,0.976143,0.422043,0.078670,0.407248,-1.461640,-0.932043,1.114837,-0.560522,0.366756,-0.030437
-0.909024,-0.416857,0.789201,0.016008,0.049077,-0.025573,0.998339,-0.053321,-0.017480,0.081212,0.178779,-0.206184,0.001638,-0.109228,-0.058287,-0.027716,0.253087,-0.230871,0.036489,-0.012682,-0.004948,-0.043318,0.459397,1.247049,0.940290,1.159464,0.979701,0.423370,0.081222,0.408809,-1.462689,-0.929991,1.123973,-0.557188,0.364497,-0.023253
-0.908266,-0.416366,0.789106,0.016207,0.048193,-0.023698,0.998425,-0.050915,-0.019709,0.077947,0.179083,-0.207578,0.002766,-0.106014,-0.060743,-0.031061,0.253992,-0.232698,0.036989,-0.011789,-0.005430,-0.044331,0.453906,1.248339,0.936294,1.159588,0.984230,0.422747,0.081131,0.413390,-1.465679,-0.927195,1.132575,-0.556916,0.364590,-0.018511
-0.907647,-0.415986,0.788987,0.016416,0.047158,-0.022008,0.998510,-0.049290,-0.021627,0.074402,0.181265,-0.210030,0.003149,-0.102622,-0.062760,-0.033829,0.254644,-0.234630,0.037446,-0.010922,-0.005719,-0.045064,0.448985,1.250384,0.932431,1.159243,0.988267,0.420661,0.080670,0.417187,-1.470184,-0.927595,1.138034,-0.555653,0.365340,-0.015478
-0.907163,-0.415670,0.788883,0.016708,0.046208,-0.020639,0.998579,-0.047756,-0.023421,0.072156,0.182877,-0.211940,0.004007,-0.099636,-0.064759,-0.036445,0.255180,-0.236372,0.037303,-0.010338,-0.005827,-0.045552,0.444241,1.251520,0.931879,1.157622,0.989857,0.420351,0.081209,0.419586,-1.475158,-0.931216,1.139274,-0.553206,0.364953,-0.019611
-0.906801,-0.415447,0.788802,0.016898,0.045278,-0.019647,0.998638,-0.045769,-0.024696,0.070154,0.183313,-0.213351,0.004145,-0.097174,-0.066171,-0.038336,0.256060,-0.237768,0.037790,-0.010223,-0.005893,-0.045889,0.442366,1.251877,0.932734,1.158006,0.991323,0.420676,0.082947,0.422935,-1.479302,-0.930619,1.136782,-0.552812,0.363843,-0.021717
-0.906584,-0.415288,0.788747,0.017072,0.044528,-0.019052,0.998681,-0.044579,-0.025664,0.068803,0.184285,-0.214149,0.004747,-0.095494,-0.067118,-0.039155,0.256939,-0.238993,0.037868,-0.010457,-0.005986,-0.046214,0.442492,1.251271,0.937876,1.160890,0.990529,0.422303,0.083938,0.423680,-1.482372,-0.928671,1.132315,-0.551943,0.361563,-0.025042
-0.906498,-0.415178,0.788736,0.017302,0.044228,-0.018924,0.998692,-0.044025,-0.026449,0.068528,0.184392,-0.214031,0.004834,-0.095087,-0.067900,-0.039182,0.257552,-0.239503,0.038366,-0.010954,-0.005975,-0.046667,0.443792,1.249371,0.945458,1.164646,0.988380,0.425038,0.083195,0.418619,-1.483903,-0.928778,1.127523,-0.546965,0.359958,-0.027817
-0.906493,-0.415117,0.788756,0.017325,0.044235,-0.018643,0.998697,-0.043693,-0.026822,0.067981,0.183555,-0.213826,0.004673,-0.095214,-0.068270,-0.039730,0.257538,-0.238895,0.038390,-0.011022,-0.005972,-0.047417,0.445269,1.247429,0.951752,1.168208,0.986785,0.426018,0.082177,0.415055,-1.485184,-0.924533,1.125133,-0.544546,0.360416,-0.026334
-0.906518,-0.415166,0.788751,0.017212,0.044358,-0.018234,0.998701,-0.044195,-0.026690,0.067249,0.184030,-0.214523,0.005294,-0.094938,-0.068218,-0.040724,0.256351,-0.238569,0.038779,-0.010544,-0.005924,-0.048194,0.448019,1.246066,0.953769,1.171094,0.988117,0.424812,0.080386,0.411628,-1.486221,-0.919767,1.124457,-0.542477,0.361167,-0.024193
-0.906572,-0.415323,0.788748,0.017041,0.044642,-0.017723,0.998700,-0.046150,-0.026235,0.065855,0.186522,-0.215145,0.004982,-0.095137,-0.067918,-0.041980,0.255579,-0.238266,0.038689,-0.009512,-0.005960,-0.048666,0.451526,1.245576,0.952661,1.172800,0.991683,0.422475,0.079899,0.408952,-1.487428,-0.915683,1.125623,-0.540895,0.362594,-0.023823
-0.906623,-0.415559,0.788743,0.016676,0.044710,-0.017088,0.998715,-0.046944,-0.025339,0.064488,0.187665,-0.215797,0.004783,-0.095164,-0.067060,-0.043369,0.255513,-0.237862,0.038523,-0.008121,-0.006215,-0.048883,0.452583,1.246775,0.954929,1.172965,0.992622,0.419995,0.083497,0.406578,-1.488374,-0.912320,1.126761,-0.539527,0.364652,-0.023571
-0.906683,-0.415871,0.788722,0.016305,0.044534,-0.016367,0.998741,-0.047384,-0.024352,0.062929,0.188917,-0.216603,0.004475,-0.094456,-0.066176,-0.045094,0.255291,-0.237927,0.037622,-0.006676,-0.006605,-0.048988,0.453440,1.249090,0.957440,1.172965,0.993467,0.419001,0.086320,0.404947,-1.489222,-0.908129,1.127304,-0.539212,0.366276,-0.022889
-0.906770,-0.416268,0.788687,0.016044,0.044181,-0.015541,0.998774,-0.048212,-0.023452,0.061196,0.191411,-0.217610,0.004571,-0.093301,-0.065378,-0.046744,0.255038,-0.238548,0.037474,-0.005416,-0.007091,-0.049139,0.452323,1.252684,0.960586,1.173216,0.993565,0.419270,0.088118,0.403683,-1.490348,-0.902819,1.126160,-0.539278,0.365891,-0.022182
-0.906849,-0.416704,0.788676,0.015693,0.043654,-0.014570,0.998817,-0.048264,-0.022375,0.059030,0.193045,-0.218382,0.003533,-0.091153,-0.064391,-0.048888,0.253759,-0.238509,0.036992,-0.004373,-0.007667,-0.049195,0.449297,1.256614,0.964884,1.171619,0.992059,0.418959,0.091047,0.401998,-1.491351,-0.897444,1.123872,-0.538608,0.365901,-0.021449
-0.906977,-0.417127,0.788671,0.015365,0.043266,-0.013388,0.998856,-0.048557,-0.021444,0.056666,0.194352,-0.219098,0.003129,-0.089302,-0.063540,-0.051196,0.252315,-0.238271,0.036634,-0.003364,-0.008300,-0.049100,0.447834,1.260057,0.965365,1.170270,0.993565,0.418615,0.094857,0.401821,-1.492856,-0.890146,1.122952,-0.539549,0.365531,-0.021057
-0.907127,-0.417533,0.788652,0.015262,0.042870,-0.012712,0.998883,-0.049083,-0.020843,0.055140,0.196434,-0.219640,0.002682,-0.087373,-0.062906,-0.052284,0.250506,-0.238815,0.036873,-0.002579,-0.008829,-0.048918,0.446975,1.262745,0.964369,1.170013,0.996148,0.418501,0.097764,0.399526,-1.494912,-0.883751,1.123548,-0.539195,0.365357,-0.021447
-0.907301,-0.417866,0.788668,0.015393,0.042708,-0.012232,0.998894,-0.049586,-0.020748,0.054522,0.197623,-0.218977,0.002064,-0.085888,-0.062838,-0.053019,0.248561,-0.239201,0.036343,-0.001865,-0.009419,-0.048716,0.445077,1.263692,0.963928,1.169355,0.997709,0.417589,0.100534,0.392554,-1.496816,-0.880976,1.125498,-0.534467,0.365380,-0.021543
-0.907343,-0.418158,0.788742,0.015608,0.042948,-0.011906,0.998884,-0.049024,-0.021093,0.053739,0.196490,-0.217651,0.001860,-0.084209,-0.062807,-0.053204,0.245896,-0.237761,0.036589,-0.001123,-0.010077,-0.048758,0.443648,1.263801,0.963446,1.168939,0.999216,0.417493,0.102617,0.382985,-1.497711,-0.881976,1.128245,-0.527007,0.365757,-0.024125
