-2.523427,2.695842,0.851365,0.014416,0.000055,-0.783029,0.621818,-0.235162,-0.002520,0.077507,0.556594,0.062222,-0.066217,-0.199366,-0.026055,-0.097114,0.583064,-0.008630,0.011199,0.068162,0.007123,0.060013,0.429205,-0.016850,0.481142,0.451745,0.470965,0.159944,-0.128659,0.211956,0.089455,-0.715944,0.552649,-0.096165,0.266897,-0.031611
-2.521379,2.699652,0.840592,0.013704,-0.006394,-0.772275,0.635109,-0.238673,-0.063235,-0.019509,0.608188,0.064230,-0.094612,-0.207980,0.020261,-0.012149,0.634007,-0.011048,0.018478,0.067721,0.004005,0.061021,0.385303,-0.034563,0.686944,0.404595,0.267880,0.147557,-0.065081,0.221340,0.132877,-0.937578,0.519182,0.129308,0.218748,-0.060626
-2.519307,2.703919,0.823340,0.011722,-0.012261,-0.761925,0.647443,-0.241637,-0.111190,-0.096673,0.677106,0.057597,-0.111905,-0.217461,0.035859,0.017110,0.691465,-0.013677,0.000722,0.065141,-0.000172,0.063774,0.297514,-0.042420,0.917658,0.336454,-0.053423,0.138068,0.026581,0.201725,0.137388,-1.136625,0.472682,0.367078,0.151189,-0.146262
-2.517166,2.708944,0.797182,0.008848,-0.018029,-0.750709,0.660328,-0.254601,-0.142324,-0.145365,0.768888,-0.013816,-0.078245,-0.236542,0.035398,0.022139,0.772116,-0.095908,-0.063297,0.058034,-0.004797,0.070564,0.165785,-0.011009,1.129251,0.246811,-0.519133,0.100595,0.122180,0.155715,0.095658,-1.306735,0.406516,0.626869,0.054995,-0.273319
-2.515615,2.715400,0.768882,0.006070,-0.027091,-0.739977,0.672059,-0.272598,-0.183281,-0.183231,0.870317,-0.216688,-0.028264,-0.264204,0.024440,0.011896,0.897295,-0.313688,-0.094279,0.048480,-0.010572,0.082989,0.061998,0.080397,1.254137,0.134464,-0.948343,0.033109,0.206223,0.107636,0.004455,-1.436416,0.300733,0.901823,-0.071338,-0.434737
-2.513826,2.723621,0.737635,0.002117,-0.036412,-0.729729,0.682763,-0.304479,-0.202097,-0.172131,0.978547,-0.405349,0.011641,-0.301971,0.002742,-0.011045,1.020444,-0.494600,-0.091396,0.034075,-0.015713,0.102865,0.068884,0.207959,1.267824,0.011597,-1.068036,-0.017695,0.240943,0.113928,-0.112887,-1.473939,0.158672,1.106915,-0.147689,-0.545884
-2.512052,2.731270,0.723070,0.005604,-0.037724,-0.725263,0.687415,-0.334741,-0.214238,-0.165770,1.014347,-0.494020,0.025414,-0.342314,-0.016502,-0.023211,1.084710,-0.562412,-0.081786,0.021674,-0.020031,0.119607,0.119954,0.310874,1.244282,-0.111306,-1.065946,-0.052760,0.183353,0.187417,-0.208883,-1.435668,0.009217,1.102012,-0.171869,-0.517221
-2.510394,2.738074,0.735326,0.011462,-0.033253,-0.726865,0.685879,-0.328140,-0.209998,-0.168903,0.938572,-0.432234,0.023090,-0.343264,-0.026740,-0.028235,1.014477,-0.500178,-0.076637,0.016415,-0.023427,0.120633,0.199385,0.347320,1.196878,-0.208279,-0.978648,-0.072692,0.072096,0.260267,-0.259238,-1.366680,-0.095462,0.953879,-0.193658,-0.394018
-2.509049,2.743522,0.771722,0.014933,-0.026165,-0.733951,0.678534,-0.261425,-0.181722,-0.175449,0.735019,-0.222509,0.008344,-0.281119,-0.020379,-0.026149,0.798834,-0.301415,-0.079733,0.016960,-0.024140,0.104550,0.302532,0.330177,1.108729,-0.234269,-0.770802,-0.075849,-0.047672,0.320747,-0.257868,-1.242835,-0.125496,0.721471,-0.184010,-0.167959
-2.508267,2.747664,0.815520,0.021658,-0.015360,-0.743741,0.667940,-0.191295,-0.139484,-0.150974,0.479073,0.104618,-0.018578,-0.208919,-0.007701,-0.017759,0.534607,0.016841,-0.042337,0.020319,-0.021139,0.078745,0.386142,0.281297,0.981842,-0.174197,-0.499340,-0.023349,-0.100868,0.335173,-0.227743,-1.086183,-0.079571,0.547816,-0.083941,0.114076
-2.507560,2.754253,0.846427,0.030311,-0.002883,-0.752720,0.657637,-0.155442,-0.066443,0.005968,0.286289,0.313056,-0.152624,-0.163564,-0.032664,-0.092341,0.328745,0.227146,0.095144,0.021158,-0.015511,0.051292,0.407908,0.215855,0.843881,-0.056874,-0.259755,0.081110,-0.083479,0.313277,-0.180274,-0.964373,0.015302,0.409414,0.036497,0.260779
-2.507053,2.761158,0.866595,0.039940,0.007990,-0.759424,0.649320,-0.160775,-0.001569,0.213044,0.234125,0.305414,-0.169989,-0.158187,-0.079531,-0.237994,0.262441,0.193658,0.099624,0.023140,-0.009453,0.029914,0.398182,0.149524,0.720332,0.087484,-0.092395,0.223749,-0.045925,0.297824,-0.145759,-0.877135,0.133846,0.155957,0.123371,0.260457
-2.507044,2.767398,0.880325,0.042076,0.013150,-0.764448,0.643177,-0.173493,0.028702,0.308618,0.266953,0.275722,-0.142741,-0.161945,-0.102571,-0.303908,0.281846,0.147998,0.058098,0.026565,-0.004206,0.017007,0.379405,0.104178,0.613874,0.244670,0.066956,0.372760,-0.001645,0.275055,-0.091794,-0.811692,0.264710,-0.087732,0.200186,0.192216
-2.507817,2.772080,0.888858,0.037445,0.014378,-0.768333,0.638792,-0.182519,0.029553,0.295307,0.325104,0.227475,-0.142585,-0.162633,-0.097195,-0.290796,0.334660,0.089189,0.034361,0.029969,-0.000754,0.009790,0.366764,0.057953,0.563355,0.401759,0.190600,0.472124,0.044201,0.246995,-0.003806,-0.811665,0.399947,-0.194101,0.281143,0.132017
-2.509413,2.775001,0.892841,0.028972,0.013198,-0.771721,0.635163,-0.181360,0.009162,0.218837,0.380875,0.191612,-0.159861,-0.152739,-0.071528,-0.230534,0.388420,0.060501,0.045920,0.032270,0.002156,0.003749,0.362345,-0.016200,0.675569,0.559420,0.171380,0.485129,0.097987,0.245623,0.074918,-0.899358,0.518204,-0.173550,0.339336,0.121682
-2.511556,2.776859,0.892639,0.020214,0.011695,-0.774615,0.632002,-0.166521,-0.017393,0.134322,0.421171,0.172097,-0.168570,-0.134763,-0.035453,-0.155689,0.427334,0.070327,0.042020,0.033470,0.004729,-0.004313,0.352533,-0.066807,0.921610,0.676057,0.002805,0.485692,0.203826,0.278751,0.097758,-1.019389,0.617132,-0.144891,0.389994,0.128433
-2.513829,2.778447,0.888347,0.013489,0.009614,-0.776220,0.630245,-0.145184,-0.038048,0.073776,0.447564,0.165667,-0.167376,-0.113196,-0.006386,-0.091623,0.456281,0.085020,0.050099,0.034611,0.007507,-0.012229,0.350885,-0.042068,1.179856,0.719882,-0.208533,0.485423,0.323403,0.325833,0.071275,-1.154306,0.660411,-0.143921,0.434968,0.043071
-2.516052,2.780681,0.879865,0.008378,0.008508,-0.777322,0.628989,-0.130835,-0.046150,0.037609,0.479401,0.151416,-0.167046,-0.098254,0.012397,-0.048668,0.490078,0.080345,0.046115,0.035471,0.009275,-0.017506,0.370657,0.045417,1.386908,0.691294,-0.376689,0.482386,0.441579,0.361457,0.016969,-1.331085,0.646557,-0.077942,0.463415,-0.083036
-2.518060,2.784206,0.866925,0.002157,0.007896,-0.777506,0.628822,-0.126685,-0.045868,0.011038,0.526583,0.129169,-0.151296,-0.090570,0.025814,-0.021987,0.529802,0.071995,0.041454,0.035042,0.009812,-0.020022,0.421518,0.166716,1.467266,0.632350,-0.441013,0.463623,0.482011,0.395543,-0.081200,-1.477912,0.624739,0.094404,0.455388,-0.219032
-2.519543,2.789598,0.848979,-0.003285,0.007742,-0.777427,0.628917,-0.138994,-0.047444,-0.017332,0.592314,0.115849,-0.111426,-0.098052,0.039675,0.001823,0.579575,0.043968,0.035360,0.032565,0.010314,-0.017187,0.499563,0.301664,1.483841,0.577049,-0.491988,0.405329,0.487074,0.475657,-0.199394,-1.485329,0.600274,0.344639,0.363481,-0.391308
-2.520275,2.797144,0.824861,-0.008189,0.008714,-0.776497,0.630007,-0.174896,-0.048903,-0.041580,0.684725,0.111528,-0.052682,-0.127695,0.061341,0.032089,0.650540,0.007206,0.015926,0.027902,0.010536,-0.006191,0.568555,0.440839,1.485490,0.525215,-0.616608,0.286201,0.519661,0.549211,-0.335374,-1.485646,0.564362,0.565532,0.203565,-0.538375
-2.520239,2.806278,0.791232,-0.013186,0.007016,-0.775479,0.631196,-0.220000,-0.055639,-0.052453,0.818984,-0.074656,0.009526,-0.167299,0.089148,0.066271,0.763615,-0.147014,-0.044921,0.022117,0.010740,0.012024,0.598053,0.584647,1.485686,0.469489,-0.826510,0.111209,0.599517,0.605927,-0.500182,-1.485705,0.515155,0.808482,-0.019658,-0.654295
-2.519653,2.818218,0.753125,-0.018559,-0.000746,-0.775570,0.630989,-0.254765,-0.062086,-0.044135,0.959615,-0.385300,0.047754,-0.205707,0.087893,0.055190,0.910015,-0.451209,-0.054581,0.018787,0.009616,0.035563,0.594662,0.741480,1.485652,0.388148,-1.017931,-0.039885,0.649749,0.646301,-0.681442,-1.485676,0.442168,0.982559,-0.235350,-0.709901
-2.518589,2.830183,0.722287,-0.016479,-0.000994,-0.776774,0.629562,-0.306606,-0.059385,-0.027688,1.046959,-0.561356,0.064479,-0.273504,0.082350,0.037146,1.023484,-0.603449,-0.053492,0.015340,0.006159,0.058824,0.620895,0.870132,1.485440,0.309201,-1.037044,-0.108439,0.641072,0.670068,-0.824662,-1.485667,0.370168,1.010314,-0.335116,-0.670577
-2.517539,2.839940,0.724567,-0.012865,0.000224,-0.776407,0.630101,-0.331549,-0.062542,-0.029753,1.041921,-0.530839,0.063091,-0.307619,0.079191,0.033592,1.035513,-0.559919,-0.054425,0.015205,0.002908,0.073800,0.668775,0.940633,1.479624,0.243370,-0.816427,-0.048527,0.583372,0.678125,-0.892150,-1.484935,0.306901,0.862701,-0.334042,-0.575158
-2.516527,2.846979,0.758138,-0.009494,0.003738,-0.775033,0.631838,-0.282187,-0.053441,-0.033493,0.864401,-0.357387,0.060151,-0.263184,0.069989,0.024733,0.872817,-0.367186,-0.069243,0.017644,0.001748,0.069976,0.667528,0.977847,1.373810,0.169333,-0.517801,0.049125,0.505192,0.627246,-0.891145,-1.469628,0.210428,0.602933,-0.243447,-0.452752
-2.515691,2.851963,0.805330,-0.001538,0.008581,-0.778699,0.627338,-0.195254,-0.040113,-0.020646,0.590643,-0.039504,0.030587,-0.192567,0.062864,0.029474,0.613977,-0.054470,-0.053190,0.019977,0.001654,0.050744,0.581374,0.965943,1.162229,0.091937,-0.314965,0.140281,0.366274,0.481853,-0.847315,-1.322436,0.079565,0.372291,-0.152663,-0.355771
-2.513874,2.858696,0.841601,0.008810,0.015751,-0.784588,0.619755,-0.128460,-0.012830,0.043465,0.339118,0.278318,-0.100201,-0.143819,0.036772,-0.010563,0.393734,0.223512,0.082590,0.020622,0.002661,0.026013,0.451047,0.869029,0.898380,0.054354,-0.220109,0.221687,0.204083,0.319828,-0.733684,-1.039991,0.014481,0.193505,-0.084572,-0.260075
-2.511577,2.866094,0.865317,0.022225,0.023235,-0.787556,0.615404,-0.122188,0.029131,0.193463,0.237815,0.341618,-0.165848,-0.153383,-0.015077,-0.136321,0.324903,0.264266,0.103981,0.021740,0.002987,0.008133,0.332394,0.731824,0.653730,0.076554,-0.132228,0.305663,0.061051,0.207660,-0.605444,-0.772835,0.038326,0.019639,0.012917,-0.129912
-2.509071,2.873556,0.881849,0.032863,0.028152,-0.789463,0.612271,-0.150488,0.056883,0.294782,0.270735,0.341173,-0.136994,-0.187820,-0.035044,-0.175527,0.350652,0.247425,0.080300,0.021445,0.003276,0.002835,0.245885,0.585457,0.457937,0.140787,-0.020034,0.364385,0.016620,0.123112,-0.470650,-0.571085,0.127493,-0.160623,0.095541,0.002238
-2.506911,2.879639,0.892854,0.034765,0.027679,-0.790296,0.611111,-0.171189,0.073791,0.346083,0.347837,0.310460,-0.116667,-0.213850,-0.017724,-0.127063,0.406436,0.215487,0.063195,0.019611,0.005141,0.006322,0.206499,0.456992,0.276967,0.251695,0.146694,0.420465,0.006271,0.074392,-0.330270,-0.447158,0.268051,-0.336862,0.172507,0.027217
-2.505203,2.884008,0.899148,0.032740,0.025160,-0.791468,0.609814,-0.185854,0.072845,0.340910,0.428212,0.267497,-0.110250,-0.224720,0.013301,-0.054801,0.457066,0.171774,0.069041,0.020219,0.009259,0.012158,0.198724,0.331638,0.148161,0.373982,0.314064,0.461960,-0.003659,0.062777,-0.185325,-0.392335,0.421326,-0.452388,0.231047,0.024626
-2.503708,2.886978,0.901244,0.031327,0.022305,-0.792382,0.608811,-0.197044,0.050718,0.294966,0.489604,0.235603,-0.110911,-0.221707,0.037875,0.003382,0.485228,0.152432,0.061576,0.023445,0.014278,0.016070,0.218634,0.212013,0.116636,0.483143,0.415573,0.477063,-0.032769,0.083299,-0.055465,-0.423028,0.552767,-0.469310,0.270257,0.055911
-2.502356,2.888935,0.899388,0.031013,0.020329,-0.792883,0.608245,-0.199330,0.023029,0.243157,0.519132,0.220456,-0.133703,-0.212165,0.041968,0.027271,0.494565,0.153671,0.062070,0.028047,0.018661,0.017243,0.255029,0.113499,0.228671,0.579112,0.426284,0.483897,-0.038470,0.137952,0.034023,-0.514418,0.657126,-0.425670,0.285858,0.127799
-2.501114,2.890344,0.893605,0.032289,0.018757,-0.793428,0.607518,-0.194280,-0.005757,0.194822,0.518668,0.215678,-0.137899,-0.202961,0.028632,0.022652,0.492704,0.146140,0.050864,0.034194,0.022094,0.016642,0.303558,0.067794,0.459667,0.668690,0.379229,0.485535,0.028912,0.214199,0.056569,-0.640946,0.743121,-0.394757,0.317214,0.155376
-2.500046,2.891624,0.883736,0.035270,0.016912,-0.793823,0.606890,-0.186583,-0.028409,0.158634,0.501901,0.199277,-0.134446,-0.195277,0.004008,0.003415,0.484122,0.126293,0.037563,0.040500,0.024947,0.014699,0.350884,0.086171,0.749461,0.731392,0.285166,0.484988,0.127932,0.304022,0.025778,-0.786933,0.775160,-0.385360,0.342567,0.108628
-2.499321,2.893238,0.869414,0.040287,0.016239,-0.794131,0.606193,-0.187114,-0.045906,0.129883,0.487776,0.171373,-0.102072,-0.196014,-0.019881,-0.012325,0.480910,0.097557,0.011995,0.044749,0.026189,0.013949,0.378800,0.159932,1.070387,0.746897,0.117457,0.484908,0.235840,0.376433,-0.033694,-0.963117,0.754614,-0.352886,0.360127,0.027982
-2.499172,2.895354,0.849892,0.043931,0.015751,-0.794465,0.605514,-0.196228,-0.053723,0.113349,0.493663,0.146456,-0.065933,-0.209115,-0.030405,-0.006849,0.506949,0.089378,-0.020115,0.043229,0.024540,0.014736,0.415463,0.288202,1.362454,0.697434,-0.086542,0.481406,0.336973,0.430251,-0.120124,-1.180896,0.712069,-0.253409,0.363781,-0.035121
-2.499747,2.898103,0.823325,0.043686,0.014313,-0.793863,0.606356,-0.212509,-0.054546,0.098365,0.540153,0.137369,-0.051111,-0.229684,-0.012541,0.034101,0.571448,0.081506,-0.039995,0.036692,0.021841,0.017587,0.507542,0.447935,1.479962,0.657850,-0.396834,0.399007,0.500390,0.486867,-0.248419,-1.415778,0.663019,-0.085142,0.354588,-0.127526
-2.500788,2.902312,0.786445,0.038778,0.009038,-0.792212,0.608946,-0.254601,-0.072576,0.058822,0.696396,-0.153960,0.018601,-0.264308,-0.000381,0.051907,0.735601,-0.244888,-0.044254,0.030685,0.017499,0.027048,0.639440,0.632908,1.485457,0.649708,-0.775182,0.161526,0.703714,0.604244,-0.412317,-1.482591,0.629649,0.271617,0.252406,-0.353762
-2.501340,2.909531,0.742245,0.029062,0.000379,-0.784838,0.619019,-0.307227,-0.078111,0.052723,0.878639,-0.443474,0.059336,-0.312611,-0.005603,0.027157,0.921400,-0.525373,-0.043194,0.021317,0.010450,0.047332,0.751957,0.844716,1.485678,0.619946,-0.977574,-0.119290,0.859118,0.694051,-0.553056,-1.485566,0.573649,0.652509,-0.059595,-0.628531
-2.501967,2.915020,0.722214,0.027678,-0.004277,-0.776615,0.629352,-0.358133,-0.089873,0.044512,0.994676,-0.554069,0.070236,-0.368705,-0.023379,0.000494,1.060028,-0.612206,-0.048237,0.010803,0.002106,0.065763,0.824571,1.004216,1.485607,0.553774,-0.907977,-0.278515,0.902700,0.704878,-0.682831,-1.485668,0.440476,0.913263,-0.399752,-0.726492
-2.502640,2.918812,0.732266,0.024507,-0.008657,-0.770556,0.636843,-0.333821,-0.095248,0.032924,0.944149,-0.496527,0.066423,-0.347093,-0.042537,-0.025268,1.019169,-0.549349,-0.048143,0.003464,-0.004768,0.069085,0.831564,1.117800,1.484142,0.462789,-0.637824,-0.259992,0.885456,0.685563,-0.769082,-1.485535,0.278267,0.931814,-0.475660,-0.663719
-2.503886,2.918811,0.774753,0.021192,-0.010400,-0.768154,0.639830,-0.230556,-0.090531,0.020904,0.725482,-0.278142,0.045421,-0.253261,-0.049206,-0.050442,0.813176,-0.326797,-0.051398,-0.000122,-0.007118,0.051974,0.807606,1.185055,1.449246,0.329813,-0.355221,-0.097655,0.743287,0.648485,-0.795634,-1.481448,0.167842,0.726547,-0.367965,-0.505113
-2.504561,2.918465,0.817478,0.021280,-0.007236,-0.768763,0.639139,-0.131785,-0.077667,0.027243,0.460757,0.075439,-0.000062,-0.165020,-0.046663,-0.073421,0.564610,0.004668,-0.028207,-0.001987,-0.004516,0.025022,0.734735,1.196987,1.234957,0.197042,-0.195166,0.059250,0.483944,0.553378,-0.790350,-1.403326,0.049410,0.442088,-0.247467,-0.373597
-2.504789,2.920621,0.850521,0.027555,0.001638,-0.769048,0.638595,-0.083673,-0.038814,0.130032,0.268426,0.337136,-0.130083,-0.125155,-0.060173,-0.138478,0.384533,0.265787,0.062045,-0.006295,0.000207,-0.001893,0.573217,1.107322,0.942265,0.079993,-0.128960,0.187877,0.206342,0.425189,-0.723011,-1.180356,-0.071844,0.316284,-0.116688,-0.265410
-2.504798,2.924136,0.872803,0.037148,0.011194,-0.769082,0.637971,-0.106147,-0.002919,0.260217,0.237978,0.345763,-0.147506,-0.143429,-0.074260,-0.211347,0.337763,0.284206,0.061538,-0.009239,0.005239,-0.017682,0.420556,0.953121,0.670708,0.029819,-0.077693,0.279006,0.030743,0.340160,-0.603653,-0.940246,-0.136374,0.216543,0.005557,-0.105301
-2.504950,2.927745,0.888661,0.042301,0.017821,-0.769301,0.637236,-0.149887,0.008789,0.309362,0.292487,0.343829,-0.136731,-0.177158,-0.064643,-0.217887,0.359877,0.277391,0.066772,-0.009738,0.008812,-0.018294,0.314090,0.790726,0.441908,0.055505,0.041998,0.345683,-0.039515,0.279799,-0.470552,-0.737099,-0.112340,0.083453,0.084722,0.020427
-2.505522,2.930177,0.899408,0.038707,0.018595,-0.769945,0.636663,-0.183510,-0.002280,0.274141,0.358300,0.297364,-0.111136,-0.202273,-0.025955,-0.143332,0.402779,0.234856,0.060750,-0.010136,0.009993,-0.011517,0.245299,0.620695,0.263942,0.150152,0.185397,0.418163,-0.030317,0.238143,-0.342674,-0.582778,-0.008721,-0.073478,0.168360,0.085571
-2.506529,2.931096,0.905791,0.033392,0.017477,-0.772377,0.634045,-0.196760,0.005481,0.274534,0.408026,0.245141,-0.090450,-0.212946,-0.009788,-0.112624,0.439055,0.186348,0.024448,-0.010075,0.009673,-0.004856,0.212249,0.440146,0.168829,0.281593,0.283978,0.478684,0.003584,0.190481,-0.211284,-0.495060,0.151169,-0.193654,0.263192,0.086186
-2.507909,2.930700,0.908233,0.028884,0.016260,-0.775531,0.630439,-0.194825,0.014758,0.283919,0.429729,0.221778,-0.094217,-0.215551,-0.004089,-0.104930,0.457995,0.158895,0.006039,-0.007490,0.009326,0.000621,0.217839,0.270416,0.172962,0.426809,0.315178,0.484294,0.019120,0.158327,-0.081224,-0.498194,0.310836,-0.215558,0.361393,0.048270
-2.509626,2.929370,0.906910,0.024490,0.014777,-0.777801,0.627859,-0.185178,0.011322,0.268700,0.427630,0.223370,-0.109438,-0.208286,0.003591,-0.096553,0.454939,0.143392,-0.008237,-0.000895,0.008559,0.003238,0.242254,0.137500,0.236798,0.535366,0.309572,0.485559,0.027185,0.159532,0.021473,-0.582425,0.438670,-0.162980,0.418317,0.034829
-2.511656,2.927665,0.901833,0.021401,0.014520,-0.778542,0.627060,-0.177611,0.002388,0.238765,0.414815,0.222582,-0.102816,-0.203087,0.011251,-0.089806,0.447412,0.145575,-0.003363,0.007679,0.007885,0.003226,0.280018,0.041934,0.365719,0.603130,0.282864,0.485481,0.066929,0.186506,0.082527,-0.745677,0.521111,-0.062946,0.443827,-0.003808
-2.513902,2.925949,0.892866,0.019245,0.016110,-0.777895,0.627892,-0.175922,-0.004215,0.196796,0.403015,0.198708,-0.122962,-0.198940,0.016222,-0.087851,0.437390,0.144516,0.027918,0.016326,0.007591,0.002270,0.314817,-0.040376,0.641414,0.602083,0.119033,0.484133,0.146286,0.206381,0.112880,-0.988667,0.560527,0.090017,0.447058,-0.123429
-2.516008,2.924379,0.879735,0.016548,0.015773,-0.776248,0.630013,-0.175414,-0.012373,0.149024,0.403474,0.194044,-0.121121,-0.193340,0.017118,-0.080257,0.434457,0.140799,0.050203,0.023509,0.007423,0.002485,0.316803,-0.080192,0.982920,0.573790,-0.131747,0.469092,0.279793,0.218418,0.104686,-1.250487,0.565241,0.287922,0.402345,-0.284744
-2.517817,2.923595,0.861894,0.014472,0.015991,-0.773459,0.633480,-0.187893,-0.015819,0.108292,0.433951,0.201565,-0.098457,-0.199058,0.016877,-0.063788,0.453275,0.128328,0.027331,0.027613,0.006886,0.005304,0.283664,-0.059929,1.303089,0.537433,-0.442465,0.362333,0.448786,0.225816,0.054647,-1.445572,0.541572,0.482567,0.283537,-0.453447
-2.519289,2.924041,0.838193,0.012135,0.015863,-0.768818,0.639156,-0.220441,-0.020552,0.063284,0.509762,0.189087,-0.077591,-0.216458,0.014267,-0.045955,0.502038,0.117467,-0.014142,0.028489,0.005785,0.014876,0.250152,0.013763,1.476292,0.464250,-0.767487,0.183110,0.560445,0.264599,-0.019221,-1.483934,0.485033,0.718774,0.072417,-0.616645
-2.520271,2.926123,0.805726,0.008895,0.013862,-0.762716,0.646523,-0.269309,-0.039237,0.016897,0.651770,0.020833,0.017257,-0.251533,0.026419,-0.006522,0.623951,-0.051151,-0.041187,0.025618,0.004833,0.031347,0.267604,0.106016,1.481873,0.321697,-0.974095,0.068043,0.499315,0.323688,-0.111851,-1.485483,0.373788,0.932405,-0.140262,-0.694531
-2.520596,2.929807,0.758348,0.002587,0.005241,-0.756989,0.653402,-0.311386,-0.057877,0.001822,0.815869,-0.340304,0.051557,-0.299342,0.020611,-0.010157,0.805180,-0.396324,-0.031155,0.021739,0.003315,0.055311,0.341576,0.185142,1.427152,0.138245,-1.019816,0.002842,0.330743,0.410970,-0.208128,-1.484537,0.222906,1.036714,-0.241600,-0.657579
-2.520511,2.934462,0.731867,0.005285,0.001300,-0.754754,0.655986,-0.379614,-0.072638,0.007925,0.965431,-0.494105,0.076665,-0.385456,0.003353,-0.022388,0.990549,-0.534229,-0.038262,0.017237,-0.000792,0.083885,0.411571,0.216930,1.342759,-0.024504,-0.989841,-0.052569,0.115952,0.495114,-0.260760,-1.474767,0.084121,0.983437,-0.265666,-0.521855
-2.519705,2.939083,0.730237,0.004271,-0.001618,-0.754941,0.655777,-0.391343,-0.073343,0.014604,0.985887,-0.484144,0.072372,-0.406168,-0.008491,-0.031613,1.024818,-0.509808,-0.040829,0.012458,-0.004819,0.103153,0.474058,0.195974,1.214237,-0.111447,-0.896419,-0.074170,-0.105314,0.549370,-0.242128,-1.399441,-0.014906,0.807558,-0.247435,-0.360681
-2.518883,2.942527,0.758163,0.005246,-0.001450,-0.754872,0.655849,-0.312377,-0.065729,0.020104,0.793456,-0.343866,0.062674,-0.335312,-0.014907,-0.041302,0.842418,-0.351630,-0.039659,0.010533,-0.005312,0.097068,0.521203,0.168757,1.018387,-0.084719,-0.684209,-0.004566,-0.269296,0.563977,-0.184587,-1.241627,-0.053978,0.571715,-0.183304,-0.188756
-2.517999,2.944588,0.802481,0.010920,0.004260,-0.757035,0.653269,-0.227797,-0.053274,0.037057,0.546838,-0.056863,0.019087,-0.256342,-0.011904,-0.048677,0.598723,-0.062455,-0.037559,0.010090,-0.003886,0.076553,0.538947,0.174596,0.820025,0.027981,-0.304809,0.121431,-0.267918,0.535943,-0.131359,-1.048591,-0.005383,0.339314,-0.057566,-0.033602
-2.516685,2.948429,0.836321,0.017159,0.012576,-0.758757,0.651027,-0.162133,-0.025581,0.112898,0.328545,0.220416,-0.055787,-0.192001,-0.024671,-0.099886,0.377819,0.199618,0.060380,0.010565,-0.000631,0.053379,0.504372,0.212605,0.587054,0.169067,0.147750,0.278387,-0.188973,0.494584,-0.103599,-0.863391,0.109781,0.080333,0.119614,0.058647
-2.515321,2.952825,0.857546,0.026348,0.021217,-0.757635,0.651802,-0.149017,0.018276,0.266324,0.251513,0.246486,-0.079508,-0.172952,-0.068412,-0.239311,0.289835,0.203461,0.075351,0.011369,0.002024,0.035633,0.441573,0.287162,0.264830,0.344674,0.687116,0.354178,-0.272291,0.450150,-0.116588,-0.668007,0.245821,-0.252299,0.256254,0.142489
-2.514004,2.957054,0.871492,0.030756,0.024797,-0.756328,0.652999,-0.163173,0.040516,0.335020,0.291550,0.222281,-0.065650,-0.172569,-0.094675,-0.317209,0.302217,0.150934,0.057115,0.014241,0.003360,0.026087,0.356402,0.301215,0.017491,0.518283,1.090401,0.264965,-0.407965,0.404038,-0.119118,-0.484407,0.380310,-0.557499,0.300994,0.263834
-2.513094,2.960342,0.879831,0.028842,0.025111,-0.755174,0.654408,-0.185634,0.043918,0.310289,0.383411,0.172813,-0.064095,-0.178196,-0.090796,-0.303042,0.362137,0.096689,0.046236,0.016553,0.004634,0.023940,0.316893,0.213909,0.015029,0.612042,1.193532,0.193852,-0.459490,0.349788,-0.060570,-0.425835,0.499097,-0.695286,0.335290,0.346507
-2.512549,2.962495,0.883360,0.024319,0.023410,-0.754143,0.655842,-0.208391,0.024943,0.230536,0.487357,0.129161,-0.062131,-0.184447,-0.065977,-0.239599,0.436621,0.058667,0.044996,0.018346,0.005818,0.025267,0.332903,0.090069,0.172962,0.635862,1.126152,0.230723,-0.421666,0.325196,0.019810,-0.459995,0.569186,-0.720301,0.370843,0.369451
-2.512378,2.963908,0.882543,0.019361,0.021792,-0.752221,0.658265,-0.222263,-0.007275,0.131795,0.572719,0.111774,-0.074191,-0.184894,-0.028502,-0.164174,0.499454,0.051876,0.061974,0.019760,0.006892,0.027436,0.369938,-0.015942,0.336660,0.611366,1.013979,0.262406,-0.358766,0.332142,0.093394,-0.544702,0.592158,-0.682862,0.367015,0.367406
-2.512176,2.965052,0.877555,0.015415,0.020348,-0.749373,0.661656,-0.224737,-0.037539,0.050338,0.626011,0.120582,-0.083768,-0.179257,0.011804,-0.090405,0.541584,0.046871,0.074510,0.020339,0.007461,0.029235,0.414411,-0.096546,0.496293,0.557068,0.875364,0.254747,-0.291470,0.354420,0.147425,-0.673795,0.595302,-0.603102,0.368676,0.370598
-2.511718,2.966367,0.868327,0.012034,0.019051,-0.746337,0.665186,-0.218338,-0.054455,-0.005799,0.650762,0.116889,-0.091141,-0.172359,0.043341,-0.032139,0.571347,0.037787,0.075229,0.020736,0.007167,0.030639,0.455334,-0.149150,0.665160,0.489981,0.734909,0.259722,-0.199273,0.384575,0.175010,-0.838566,0.589117,-0.505294,0.371370,0.331716
-2.510962,2.968308,0.854537,0.010666,0.018862,-0.743860,0.667985,-0.215366,-0.057462,-0.038163,0.661654,0.104861,-0.085843,-0.170238,0.064134,0.009725,0.587800,0.026995,0.063064,0.021435,0.006542,0.032286,0.459041,-0.184050,0.881861,0.418239,0.512055,0.291737,-0.063636,0.408299,0.171431,-1.028281,0.575411,-0.396638,0.397171,0.241294
-2.509805,2.971009,0.835373,0.011093,0.018896,-0.742035,0.670003,-0.217273,-0.053269,-0.048779,0.667203,0.084882,-0.056591,-0.178502,0.072637,0.035206,0.605674,0.010425,0.039415,0.022891,0.005703,0.035797,0.420241,-0.177368,1.111497,0.364158,0.206166,0.331427,0.075764,0.420418,0.128494,-1.210316,0.556321,-0.289105,0.436633,0.096519
-2.508489,2.974521,0.808717,0.013492,0.019803,-0.740605,0.671514,-0.229931,-0.049246,-0.048477,0.686509,0.040638,-0.017324,-0.202800,0.070837,0.040187,0.642436,-0.031239,-0.001290,0.024902,0.004317,0.042693,0.373277,-0.118128,1.299240,0.331960,-0.101894,0.344934,0.221503,0.426288,0.057528,-1.360293,0.529331,-0.184152,0.455622,-0.075007
-2.507694,2.979712,0.776158,0.015168,0.018602,-0.740043,0.672131,-0.262530,-0.062914,-0.057007,0.798401,-0.235609,0.031323,-0.245830,0.073391,0.037921,0.770530,-0.301897,-0.057784,0.025674,0.002713,0.057110,0.360717,-0.024244,1.393426,0.322935,-0.311083,0.324935,0.349879,0.438833,-0.031667,-1.465993,0.503359,-0.073334,0.435734,-0.247331
-2.506955,2.986477,0.737041,0.013445,0.012379,-0.741249,0.670982,-0.305549,-0.069409,-0.040641,0.929021,-0.489168,0.056740,-0.308308,0.067935,0.024773,0.935323,-0.532701,-0.067442,0.021119,-0.000468,0.083034,0.397023,0.071426,1.378661,0.346960,-0.393179,0.317834,0.415733,0.463708,-0.117761,-1.484188,0.479495,0.067248,0.353468,-0.394964
-2.506459,2.990995,0.719853,0.016378,0.011351,-0.742181,0.669904,-0.354906,-0.072680,-0.025874,1.023148,-0.582541,0.067605,-0.368771,0.064467,0.021152,1.051345,-0.609157,-0.072265,0.012325,-0.004973,0.107761,0.469202,0.139652,1.255277,0.390854,-0.344889,0.348785,0.386911,0.460402,-0.161197,-1.482853,0.445684,0.180344,0.224688,-0.461804
-2.505560,2.993693,0.729336,0.016696,0.012634,-0.742697,0.669300,-0.343340,-0.066480,-0.020459,0.976339,-0.533645,0.071462,-0.362013,0.058988,0.016852,1.011498,-0.551064,-0.074549,0.004142,-0.007788,0.115644,0.520593,0.168142,1.103486,0.428702,-0.235430,0.369282,0.349037,0.454017,-0.143632,-1.434824,0.408272,0.242418,0.087767,-0.455647
-2.505187,2.992726,0.768823,0.018127,0.014770,-0.746120,0.665401,-0.259862,-0.055595,-0.014884,0.776943,-0.340874,0.069297,-0.289925,0.054049,0.019557,0.825473,-0.350415,-0.070056,0.000785,-0.007982,0.103409,0.522606,0.140010,0.976892,0.456611,-0.154403,0.360094,0.309536,0.463866,-0.098197,-1.289759,0.401653,0.187560,0.006144,-0.403191
-2.504744,2.990764,0.809797,0.021437,0.020725,-0.751089,0.659527,-0.170654,-0.037909,0.005828,0.526567,-0.028180,0.042032,-0.211466,0.053692,0.025133,0.586463,-0.045126,-0.044627,0.001514,-0.005524,0.079945,0.508183,0.095893,0.844328,0.494066,-0.066771,0.367944,0.244298,0.484023,-0.067031,-1.094819,0.442582,0.014950,0.005800,-0.319374
-2.504286,2.990827,0.842881,0.026888,0.029772,-0.754839,0.654683,-0.113288,-0.007269,0.074801,0.326072,0.245302,-0.075872,-0.162717,0.036911,-0.005942,0.395053,0.210961,0.082440,0.004064,-0.000525,0.054171,0.485584,0.068321,0.681988,0.545584,0.071468,0.384293,0.155052,0.492618,-0.058328,-0.896131,0.509828,-0.201933,0.048219,-0.130116
-2.503632,2.991708,0.864436,0.035040,0.036526,-0.757671,0.650671,-0.107210,0.032565,0.212537,0.255784,0.301664,-0.122953,-0.159908,-0.018214,-0.128896,0.326984,0.227219,0.097989,0.008546,0.003581,0.034392,0.459457,0.068455,0.482204,0.604434,0.257600,0.402205,0.024270,0.469058,-0.054673,-0.750926,0.577418,-0.368655,0.116027,0.082927
-2.503000,2.993151,0.879009,0.040141,0.041144,-0.758994,0.648555,-0.137101,0.059484,0.292768,0.297147,0.277985,-0.105316,-0.180703,-0.059145,-0.212045,0.352613,0.174512,0.069185,0.012344,0.006271,0.025249,0.429388,0.079356,0.295730,0.644271,0.458134,0.385925,-0.084220,0.430617,-0.043977,-0.633757,0.633615,-0.502482,0.176516,0.238793
-2.502662,2.994181,0.888247,0.039339,0.042758,-0.759228,0.648226,-0.173537,0.072774,0.300963,0.382870,0.235766,-0.106263,-0.202403,-0.080135,-0.240039,0.412836,0.127892,0.038847,0.015354,0.008712,0.026678,0.401433,0.077168,0.166846,0.663004,0.625738,0.375943,-0.121116,0.401774,-0.018398,-0.539514,0.672927,-0.621816,0.202337,0.335451
-2.502771,2.994387,0.892914,0.035456,0.040841,-0.759260,0.648536,-0.213286,0.064824,0.244372,0.480122,0.198270,-0.097088,-0.218192,-0.082462,-0.218944,0.473991,0.097196,0.041011,0.018071,0.011922,0.034367,0.384940,0.052208,0.097559,0.666919,0.734012,0.380023,-0.104996,0.384655,0.022441,-0.487587,0.694781,-0.691441,0.211573,0.363043
-2.503183,2.993927,0.893460,0.030821,0.038911,-0.758833,0.649391,-0.249254,0.038720,0.152474,0.558230,0.175821,-0.098999,-0.230013,-0.065762,-0.163139,0.517932,0.086884,0.030029,0.019520,0.015096,0.044341,0.379865,0.013869,0.083106,0.663126,0.775935,0.391151,-0.080205,0.378828,0.060095,-0.442035,0.705359,-0.730253,0.211119,0.347055
-2.503704,2.993132,0.890095,0.027194,0.037523,-0.759093,0.649330,-0.273993,-0.002181,0.047919,0.594759,0.178276,-0.102234,-0.239542,-0.032647,-0.078471,0.538491,0.076432,0.024258,0.018986,0.016641,0.053661,0.386210,-0.022423,0.099947,0.647457,0.774910,0.396208,-0.052906,0.379958,0.085775,-0.383043,0.707445,-0.755570,0.189741,0.303749
-2.504283,2.992423,0.882812,0.026103,0.037959,-0.760007,0.648280,-0.291647,-0.043228,-0.047561,0.596674,0.186290,-0.113513,-0.249465,0.005670,0.007236,0.537899,0.057501,0.011910,0.017365,0.016757,0.061149,0.398730,-0.039147,0.105947,0.629540,0.778454,0.395508,-0.038343,0.386587,0.099844,-0.320599,0.705953,-0.769294,0.161610,0.263763
-2.505000,2.991833,0.871356,0.026659,0.039898,-0.761185,0.646757,-0.307077,-0.069709,-0.116093,0.579171,0.161267,-0.116755,-0.259472,0.044565,0.083012,0.524716,0.035188,0.009495,0.014188,0.015460,0.068421,0.415911,-0.035359,0.111183,0.604246,0.785319,0.386624,-0.017107,0.392749,0.113022,-0.278397,0.704799,-0.768610,0.154175,0.239425
-2.505725,2.991262,0.855224,0.027126,0.042248,-0.762762,0.644728,-0.325801,-0.068929,-0.132546,0.564888,0.124582,-0.095891,-0.274877,0.078245,0.134882,0.528200,0.023600,0.023283,0.009817,0.013537,0.077741,0.432213,-0.031585,0.111683,0.575616,0.806621,0.384021,0.014218,0.391685,0.118120,-0.261846,0.705767,-0.743425,0.164686,0.231020
-2.506381,2.990492,0.833419,0.025441,0.043064,-0.764486,0.642697,-0.353772,-0.029625,-0.068969,0.586096,0.100356,-0.081895,-0.299759,0.099850,0.143950,0.578660,0.021801,0.034720,0.005358,0.012198,0.090114,0.445737,-0.024767,0.124258,0.547734,0.815249,0.379029,0.045670,0.388833,0.110121,-0.254989,0.705068,-0.731716,0.185295,0.228395
-2.506932,2.989328,0.803374,0.021739,0.039512,-0.766888,0.640195,-0.383348,0.010229,0.014174,0.665682,0.016102,-0.005686,-0.326022,0.100818,0.112712,0.678260,-0.030500,0.003971,0.004000,0.010847,0.102458,0.444787,-0.014802,0.151332,0.536703,0.801565,0.375204,0.063983,0.391606,0.089818,-0.257482,0.700520,-0.729231,0.204263,0.225852
-2.507325,2.989480,0.764833,0.016509,0.031280,-0.766345,0.641455,-0.413332,0.008403,0.032704,0.812590,-0.287221,0.039572,-0.345030,0.086496,0.073236,0.816024,-0.325920,-0.042339,0.006939,0.008737,0.114059,0.418011,0.010690,0.174700,0.550329,0.783201,0.388512,0.047820,0.405594,0.063180,-0.279909,0.687681,-0.719935,0.221725,0.212742
-2.507525,2.988675,0.734512,0.010152,0.022820,-0.760452,0.648914,-0.461750,-0.004454,0.027373,0.976549,-0.452835,0.056067,-0.369485,0.072584,0.047236,0.947671,-0.535295,-0.037679,0.009803,0.004523,0.128556,0.382232,0.043692,0.185764,0.561212,0.793293,0.409506,0.014384,0.425973,0.045318,-0.336105,0.669981,-0.703850,0.245262,0.118964
-2.508123,2.987051,0.726556,0.006639,0.017784,-0.755852,0.654468,-0.474566,-0.011043,0.024284,1.035864,-0.474296,0.052150,-0.384031,0.066207,0.036626,1.016639,-0.550899,-0.043884,0.009121,-0.000685,0.135865,0.377179,0.045005,0.211549,0.550919,0.813981,0.430126,0.071141,0.446960,0.046646,-0.422853,0.659752,-0.679759,0.277767,-0.033644
-2.508505,2.984588,0.745566,0.003821,0.013653,-0.755200,0.655341,-0.398120,-0.013248,0.024356,0.904106,-0.403954,0.041109,-0.332099,0.055611,0.031549,0.920243,-0.430829,-0.046470,0.008695,-0.004435,0.128836,0.394517,0.013778,0.239932,0.550767,0.800283,0.432241,0.126478,0.456662,0.057165,-0.523476,0.658065,-0.627119,0.324864,-0.158467
-2.508833,2.980664,0.787097,0.003822,0.014917,-0.753030,0.657806,-0.283844,-0.014340,0.019496,0.661615,-0.195197,0.038988,-0.257501,0.048942,0.023984,0.737114,-0.172958,-0.046110,0.010908,-0.005151,0.107098,0.403598,-0.010131,0.254845,0.578035,0.778259,0.430347,0.134920,0.458128,0.066188,-0.624667,0.659646,-0.543808,0.357505,-0.198847
-2.508624,2.977936,0.821865,0.005029,0.022852,-0.752515,0.658160,-0.177478,0.002825,0.040878,0.400952,0.070682,-0.008251,-0.225476,0.048821,0.015585,0.591044,0.097840,0.020009,0.014330,-0.002147,0.079938,0.402543,-0.010201,0.269649,0.613303,0.783857,0.431826,0.150239,0.454920,0.071326,-0.728475,0.647749,-0.438715,0.349706,-0.198732
-2.508078,2.977446,0.843637,0.010619,0.030126,-0.758209,0.651228,-0.105460,0.022092,0.132590,0.281408,0.113007,-0.059970,-0.257790,0.024704,-0.024361,0.544182,0.191688,0.041500,0.015421,0.000589,0.058331,0.400853,-0.004693,0.299402,0.628912,0.795509,0.438056,0.191418,0.442187,0.050650,-0.809146,0.625848,-0.360463,0.330630,-0.193111
-2.507523,2.977945,0.856759,0.016794,0.033364,-0.768955,0.638211,-0.085374,0.020254,0.189323,0.352789,0.093379,-0.085045,-0.325895,0.008020,-0.061197,0.560273,0.156592,0.004128,0.012611,0.001083,0.049039,0.397073,-0.004060,0.355600,0.622265,0.755420,0.438517,0.234852,0.417364,0.004573,-0.877843,0.591273,-0.308029,0.314172,-0.211328
-2.507754,2.978409,0.863804,0.014696,0.033538,-0.774561,0.631439,-0.072949,-0.002186,0.159938,0.492723,0.066695,-0.107886,-0.375359,0.013451,-0.091586,0.563181,0.131797,0.021605,0.006449,0.000350,0.047828,0.385522,0.016218,0.408848,0.614642,0.683723,0.440023,0.251794,0.399828,-0.047681,-0.949767,0.558440,-0.253482,0.297241,-0.222968
-2.508821,2.978074,0.865942,0.007963,0.030766,-0.772848,0.633795,-0.042547,-0.036600,0.094184,0.616594,0.063473,-0.112610,-0.401214,0.034294,-0.097888,0.526243,0.119959,0.066780,-0.002385,-0.000259,0.046796,0.368602,0.062440,0.434084,0.609184,0.621326,0.442754,0.221410,0.396168,-0.103918,-1.043210,0.534135,-0.181563,0.280357,-0.225371
-2.510216,2.977213,0.863872,0.003580,0.029918,-0.769126,0.638386,0.009674,-0.052697,0.049395,0.673112,0.094476,-0.145398,-0.427709,0.063576,-0.072757,0.469801,0.119174,0.085740,-0.011542,-0.001967,0.042335,0.357765,0.133807,0.437089,0.581546,0.588213,0.440207,0.159396,0.394238,-0.172568,-1.155224,0.516448,-0.098373,0.258255,-0.228472
-2.511731,2.975843,0.857944,0.002129,0.030146,-0.767707,0.640088,0.075734,-0.050446,0.027050,0.655976,0.152036,-0.138534,-0.452866,0.091014,-0.037100,0.412581,0.135047,0.088163,-0.018100,-0.003653,0.034512,0.364354,0.210918,0.448433,0.514847,0.580996,0.406340,0.136635,0.385243,-0.257161,-1.284409,0.497766,0.001126,0.241031,-0.256421
-2.513247,2.974392,0.848244,0.001846,0.032437,-0.766368,0.641580,0.136925,-0.035891,0.012598,0.599468,0.161268,-0.113439,-0.485903,0.112159,-0.015921,0.388399,0.154999,0.084715,-0.022538,-0.005947,0.026132,0.373138,0.282010,0.489848,0.419561,0.585578,0.359174,0.160217,0.379826,-0.352086,-1.402667,0.473844,0.102757,0.225901,-0.298595
-2.514783,2.973037,0.834644,0.001115,0.035291,-0.762253,0.646315,0.186367,-0.012715,0.007608,0.532003,0.103556,-0.059710,-0.530185,0.132303,0.000683,0.420910,0.164574,0.096801,-0.027338,-0.009298,0.020021,0.364128,0.336823,0.568991,0.312425,0.564505,0.329360,0.193060,0.392997,-0.451531,-1.481304,0.445960,0.223210,0.200707,-0.370461
-2.515919,2.972025,0.816750,-0.000095,0.037366,-0.755361,0.654243,0.222204,0.015347,0.019139,0.469758,0.020521,-0.030863,-0.590018,0.162032,0.038001,0.519470,0.168356,0.113421,-0.034961,-0.013631,0.017265,0.328905,0.383984,0.664344,0.204945,0.511066,0.309841,0.221641,0.451345,-0.553087,-1.485508,0.419632,0.397856,0.121863,-0.488669
-2.516265,2.971372,0.793713,-0.000117,0.036822,-0.747438,0.663310,0.242229,0.040209,0.053922,0.427237,-0.062589,-0.021923,-0.654303,0.204706,0.101836,0.662265,0.182189,0.139947,-0.044189,-0.018413,0.017589,0.269949,0.425357,0.757513,0.108754,0.425316,0.300038,0.242616,0.524010,-0.653287,-1.485565,0.385034,0.547080,0.009731,-0.595296
-2.515843,2.970980,0.763343,-0.001059,0.033160,-0.737177,0.674884,0.252132,0.055263,0.080187,0.442962,-0.134204,-0.008237,-0.687917,0.240436,0.165819,0.799798,0.161675,0.081437,-0.052884,-0.021646,0.021780,0.209006,0.490151,0.825515,0.025863,0.354401,0.305983,0.255836,0.604704,-0.747659,-1.485685,0.347626,0.650719,-0.143731,-0.687287
-2.514463,2.971632,0.724994,-0.004618,0.028555,-0.723730,0.689476,0.238658,0.062549,0.066736,0.572737,-0.446376,-0.008030,-0.715980,0.231860,0.167023,0.932913,-0.153920,0.046360,-0.057589,-0.022782,0.034548,0.132798,0.566298,0.825034,-0.037793,0.310801,0.335020,0.286349,0.693057,-0.822039,-1.485698,0.319147,0.712419,-0.309460,-0.751717
-2.512775,2.973031,0.692997,-0.007494,0.014832,-0.720297,0.693466,0.226831,0.046885,0.063572,0.685599,-0.674368,-0.007098,-0.796566,0.219434,0.143307,1.129711,-0.261842,0.027368,-0.061258,-0.026021,0.059172,0.083196,0.616784,0.754682,-0.070790,0.289030,0.369725,0.328437,0.752788,-0.892160,-1.485719,0.293062,0.703433,-0.443907,-0.780756
-2.510657,2.972986,0.682150,-0.012791,0.000929,-0.723860,0.689828,0.240960,0.031779,0.080441,0.739221,-0.724566,0.004020,-0.808971,0.222515,0.152740,1.209202,-0.292689,0.031955,-0.069340,-0.028567,0.081124,0.106693,0.655686,0.681051,-0.083832,0.315214,0.389932,0.301987,0.743149,-0.951107,-1.485655,0.250549,0.588674,-0.467549,-0.785038
-2.509088,2.970704,0.699228,-0.015958,-0.008381,-0.721717,0.691954,0.274350,0.021701,0.083732,0.697886,-0.586209,0.015562,-0.736046,0.199482,0.164915,1.130955,-0.280559,0.032879,-0.074103,-0.028225,0.083988,0.135650,0.680208,0.551650,-0.053886,0.386680,0.401163,0.251449,0.708311,-0.955671,-1.484746,0.178907,0.370373,-0.385772,-0.738175
-2.507391,2.969726,0.733770,-0.017481,-0.009346,-0.716564,0.697240,0.286284,0.019944,0.070875,0.603501,-0.297247,0.007501,-0.612595,0.167797,0.179065,0.913839,-0.180031,0.033261,-0.074643,-0.026182,0.070621,0.125433,0.680834,0.350019,0.029303,0.525336,0.413903,0.172596,0.679737,-0.901434,-1.467781,0.098675,0.109199,-0.257646,-0.569865
-2.506079,2.970218,0.770831,-0.016127,-0.005043,-0.711579,0.702403,0.253984,0.024388,0.065128,0.531843,0.018505,-0.020127,-0.454455,0.130538,0.190947,0.580757,0.030875,0.032014,-0.077269,-0.022298,0.048386,0.093629,0.683579,0.091661,0.161482,0.703567,0.399835,0.047706,0.608051,-0.818247,-1.311164,0.054053,-0.120054,-0.145652,-0.406272
-2.504379,2.971157,0.806687,-0.003815,-0.001430,-0.707160,0.707042,0.167747,0.016145,0.072249,0.528408,0.180508,-0.056653,-0.326604,0.057618,0.089904,0.290309,0.254255,0.086382,-0.069709,-0.020283,0.025707,0.025750,0.682777,-0.169294,0.311551,0.932443,0.343310,-0.045843,0.529593,-0.733527,-1.125020,0.080848,-0.274747,-0.037913,-0.229886
-2.502774,2.973601,0.830519,0.004299,0.009281,-0.703366,0.710754,0.049060,-0.009454,0.034550,0.566056,0.152414,-0.060831,-0.277720,0.014043,-0.058972,0.259669,0.241380,0.158379,-0.048814,-0.021090,0.012680,-0.048752,0.657139,-0.353621,0.430620,1.129268,0.300984,-0.048670,0.458348,-0.662830,-0.953421,0.175337,-0.412727,0.075702,-0.095141
-2.501865,2.975950,0.846506,0.004965,0.016173,-0.706420,0.707590,-0.074188,-0.043977,-0.019547,0.633250,0.118176,-0.066949,-0.250117,0.017216,-0.075094,0.364986,0.213130,0.083670,-0.035490,-0.019833,0.010483,-0.049544,0.587658,-0.396566,0.504499,1.188615,0.302981,0.002150,0.373070,-0.632499,-0.758087,0.309120,-0.564486,0.160948,-0.000086
-2.501574,2.977381,0.855990,0.001725,0.016654,-0.716507,0.697379,-0.179385,-0.062895,-0.036822,0.677131,0.109388,-0.075819,-0.211985,0.045234,-0.045783,0.489888,0.195638,0.067565,-0.027182,-0.017351,0.016118,0.021942,0.499198,-0.321273,0.535840,1.116530,0.322470,0.077133,0.277845,-0.597820,-0.572714,0.462613,-0.716567,0.195308,0.034885
-2.501764,2.977800,0.859729,-0.002053,0.016204,-0.719827,0.693961,-0.275503,-0.064381,-0.035846,0.690460,0.099677,-0.099613,-0.149268,0.073832,-0.033170,0.574572,0.177729,0.058688,-0.013434,-0.014708,0.024873,0.101091,0.419480,-0.226942,0.554738,1.018986,0.339015,0.122456,0.207827,-0.528663,-0.469572,0.596651,-0.793731,0.219911,0.037160
-2.502439,2.977379,0.858268,-0.005493,0.020512,-0.715784,0.697998,-0.369025,-0.057815,-0.038319,0.680472,0.100421,-0.106781,-0.073977,0.097362,-0.049967,0.602914,0.154024,0.070841,0.006993,-0.011806,0.032297,0.165944,0.362595,-0.143449,0.566944,0.932100,0.353532,0.137375,0.179196,-0.439487,-0.436041,0.681011,-0.807145,0.226599,0.027518
-2.503065,2.976176,0.851941,-0.007181,0.025655,-0.712447,0.701220,-0.452055,-0.051264,-0.044753,0.651185,0.116775,-0.133761,0.006137,0.117543,-0.068542,0.590259,0.117705,0.072219,0.028043,-0.009483,0.036405,0.234313,0.321280,-0.072847,0.576646,0.867883,0.375137,0.132653,0.177749,-0.344921,-0.443388,0.716728,-0.785504,0.222679,0.004912
-2.503138,2.974489,0.840905,-0.008194,0.030476,-0.714560,0.698862,-0.522004,-0.053144,-0.077284,0.627026,0.131261,-0.156169,0.084183,0.122672,-0.094450,0.552699,0.068518,0.063647,0.047978,-0.008340,0.037843,0.317461,0.283778,-0.003448,0.577280,0.814224,0.394347,0.118429,0.190513,-0.253340,-0.453396,0.723699,-0.763504,0.217805,-0.024581
-2.502130,2.972577,0.825129,-0.008003,0.032523,-0.722070,0.691009,-0.581640,-0.082772,-0.156325,0.651520,0.146573,-0.161039,0.146804,0.110028,-0.118643,0.513544,0.019059,0.037615,0.066587,-0.008473,0.039564,0.413343,0.241708,0.070346,0.571091,0.760591,0.411900,0.102939,0.208395,-0.171728,-0.456605,0.718680,-0.754821,0.214542,-0.051052
-2.499919,2.970650,0.804240,-0.007308,0.031704,-0.732155,0.680361,-0.631796,-0.144305,-0.259395,0.751256,0.169865,-0.183263,0.200664,0.077346,-0.154073,0.464872,-0.013328,0.005091,0.082919,-0.008670,0.042652,0.508544,0.190946,0.140288,0.558353,0.702564,0.430038,0.082471,0.223885,-0.099920,-0.462553,0.711218,-0.748282,0.215982,-0.069018
-2.496775,2.968858,0.776887,-0.005487,0.026945,-0.744545,0.667006,-0.653970,-0.222959,-0.350687,0.873679,0.187183,-0.201906,0.236825,0.047486,-0.146454,0.436979,-0.051264,-0.034178,0.093099,-0.009168,0.048016,0.615178,0.131992,0.208953,0.552592,0.639649,0.435918,0.067894,0.239031,-0.048263,-0.470376,0.712805,-0.737346,0.222313,-0.062910
-2.493995,2.967506,0.747353,-0.006052,0.015854,-0.761931,0.647435,-0.640924,-0.235042,-0.362334,0.955477,-0.065353,-0.116060,0.267682,0.023651,-0.092140,0.481804,-0.312818,-0.029500,0.098295,-0.008684,0.059076,0.718129,0.052987,0.284158,0.561130,0.574031,0.446032,0.074836,0.249553,-0.030311,-0.460516,0.718016,-0.756447,0.241286,-0.046843
-2.492355,2.967050,0.720388,-0.015414,0.008042,-0.774430,0.632421,-0.651255,-0.209273,-0.312291,1.050417,-0.248695,-0.072789,0.300363,0.012018,-0.073123,0.521276,-0.514076,-0.013285,0.096013,-0.004045,0.077688,0.791848,-0.028956,0.360895,0.584613,0.504154,0.455153,0.109183,0.266229,-0.020597,-0.442927,0.725561,-0.804314,0.262657,-0.069394
-2.491019,2.966809,0.710526,-0.021467,0.006648,-0.767125,0.641104,-0.677237,-0.229605,-0.312845,1.121562,-0.271492,-0.072605,0.310815,0.016058,-0.093330,0.557595,-0.569296,-0.011129,0.092756,0.000188,0.094503,0.810485,-0.077004,0.410915,0.663013,0.472397,0.483624,0.137797,0.326687,0.007312,-0.456294,0.736854,-0.833081,0.286272,-0.111411
-2.490777,2.967198,0.724537,-0.023158,0.001213,-0.764178,0.644589,-0.618646,-0.224308,-0.320221,1.031478,-0.241631,-0.067260,0.303667,0.009967,-0.106830,0.562651,-0.431220,-0.039870,0.093328,0.000746,0.102501,0.804921,-0.108331,0.415230,0.755069,0.498517,0.485575,0.124383,0.391792,0.048124,-0.497147,0.768073,-0.806376,0.305627,-0.101857
-2.490664,2.969111,0.755403,-0.017793,-0.000209,-0.772777,0.634429,-0.510092,-0.179481,-0.323991,0.799388,-0.128356,-0.068792,0.259349,-0.005353,-0.100306,0.544862,-0.165800,-0.058028,0.097794,-0.000979,0.095647,0.778565,-0.143770,0.376033,0.754589,0.540113,0.483998,0.088465,0.399324,0.076138,-0.520577,0.831960,-0.788983,0.346384,-0.053192
-2.490108,2.971983,0.790903,-0.014401,0.005063,-0.781300,0.623969,-0.388647,-0.114164,-0.319867,0.506339,0.086795,-0.076004,0.176815,-0.007961,-0.080776,0.570020,0.045405,0.001526,0.104199,-0.001744,0.079182,0.753391,-0.167187,0.341711,0.710005,0.579461,0.456930,0.061987,0.388880,0.082955,-0.458073,0.892477,-0.848157,0.389187,0.043165
-2.489815,2.976455,0.817183,-0.008195,0.015162,-0.788663,0.614585,-0.301441,-0.030031,-0.194975,0.288123,0.194229,-0.126571,0.059577,0.010256,-0.034551,0.621677,0.129865,0.004730,0.100368,0.001446,0.063619,0.727235,-0.184371,0.330666,0.664408,0.613468,0.417166,0.056959,0.393820,0.060943,-0.322473,0.924897,-0.960901,0.328113,0.147610
-2.489725,2.981935,0.834230,0.001559,0.020944,-0.793596,0.608083,-0.265419,0.021760,0.009183,0.286476,0.133423,-0.122761,-0.070427,0.054607,0.049685,0.657626,0.084673,-0.032088,0.085890,0.006476,0.054738,0.669471,-0.179876,0.322860,0.652602,0.636439,0.390161,0.051149,0.405659,0.023034,-0.212192,0.907235,-1.037833,0.245253,0.207651
-2.489981,2.987354,0.844274,0.005712,0.022910,-0.793090,0.608647,-0.225761,0.060935,0.191358,0.398620,0.124237,-0.107895,-0.183811,0.090122,0.088399,0.652656,0.051364,-0.044193,0.070144,0.010340,0.053282,0.598342,-0.136807,0.293297,0.663928,0.677777,0.383076,0.041525,0.435023,0.010333,-0.185289,0.870800,-1.026366,0.198940,0.204774
-2.491045,2.992444,0.847740,0.004735,0.021907,-0.788617,0.614476,-0.182033,0.057604,0.236176,0.543374,0.096861,-0.094526,-0.269431,0.106595,0.070010,0.581410,0.021138,-0.034932,0.059831,0.013254,0.055868,0.515506,-0.071710,0.229480,0.692904,0.750935,0.379550,0.037694,0.469979,0.018081,-0.204947,0.844291,-0.963989,0.186499,0.170993
-2.492693,2.996704,0.845165,0.002918,0.020657,-0.782563,0.622221,-0.132476,0.007229,0.183258,0.669551,0.090978,-0.098400,-0.340152,0.115633,0.023617,0.479420,0.019857,-0.030510,0.051552,0.015322,0.058299,0.418734,0.023200,0.152015,0.707587,0.839758,0.380586,0.005832,0.496191,0.032368,-0.240253,0.828033,-0.886210,0.174348,0.141836
-2.494723,2.999875,0.837199,0.001870,0.020211,-0.777638,0.628385,-0.064894,-0.060996,0.108375,0.750340,0.097576,-0.124144,-0.408399,0.135377,-0.011655,0.391072,0.044775,-0.006086,0.040430,0.016562,0.058013,0.319699,0.112694,0.081662,0.706077,0.919772,0.376620,-0.017729,0.511462,0.041507,-0.268384,0.818269,-0.820633,0.173756,0.120738
-2.496861,3.001702,0.824461,0.000199,0.019157,-0.773703,0.633258,0.021256,-0.127323,0.031052,0.776365,0.096058,-0.141026,-0.486879,0.169953,-0.003105,0.370881,0.102503,0.049075,0.026972,0.017106,0.055932,0.227539,0.188515,0.035006,0.686066,0.972653,0.366915,-0.023843,0.518204,0.038598,-0.276623,0.812800,-0.775501,0.175486,0.107761
-2.498858,3.002439,0.807354,-0.002606,0.015597,-0.767492,0.640864,0.125563,-0.157843,-0.019562,0.733404,0.063522,-0.125893,-0.576464,0.207252,0.050603,0.447739,0.133975,0.099497,0.011639,0.017270,0.053601,0.140255,0.248317,0.010879,0.649538,0.995217,0.358844,-0.022753,0.525896,0.023535,-0.264946,0.802500,-0.758301,0.175571,0.096145
-2.500666,3.003204,0.785885,-0.003852,0.011627,-0.755954,0.654510,0.211432,-0.135759,-0.016380,0.657767,-0.011724,-0.066885,-0.678613,0.239865,0.122937,0.614263,0.153448,0.128242,-0.005855,0.016931,0.052307,0.048327,0.292229,0.002033,0.594487,0.984174,0.348760,-0.012670,0.539777,0.009544,-0.257005,0.778646,-0.748151,0.172275,0.084439
-2.502529,3.004656,0.759341,-0.004584,0.008964,-0.735422,0.677535,0.270725,-0.087817,0.007051,0.582297,-0.044879,-0.016985,-0.763045,0.268516,0.201236,0.812165,0.177392,0.142428,-0.022363,0.015336,0.054069,-0.060408,0.323629,-0.012657,0.528346,0.949956,0.323339,-0.006681,0.564871,0.017299,-0.275648,0.742911,-0.714241,0.167071,0.056149
-2.503996,3.006981,0.724475,-0.006380,0.009274,-0.704736,0.709380,0.286700,-0.062621,-0.023127,0.635230,-0.253062,0.084728,-0.796872,0.281212,0.269835,0.962187,0.081864,0.102425,-0.034803,0.013795,0.062245,-0.192571,0.345629,-0.053867,0.467129,0.931533,0.300902,-0.007234,0.594490,0.054799,-0.319407,0.712273,-0.651810,0.170779,0.000843
-2.503840,3.008903,0.690304,-0.008239,0.000101,-0.675637,0.737189,0.292394,-0.060485,-0.065592,0.735005,-0.489033,0.108962,-0.828474,0.215975,0.237313,1.087399,-0.167848,0.114739,-0.035960,0.005412,0.077755,-0.312665,0.339846,-0.114089,0.421214,0.937475,0.296445,-0.012026,0.607162,0.087149,-0.353301,0.707904,-0.593111,0.187300,-0.069946
-2.503699,3.011061,0.667145,-0.005708,-0.011223,-0.666302,0.745576,0.292058,-0.080280,-0.086975,0.814087,-0.639615,0.106936,-0.899926,0.195128,0.226297,1.230567,-0.205010,0.114924,-0.034700,-0.004609,0.102410,-0.364147,0.331443,-0.153073,0.370753,0.957355,0.300219,-0.016442,0.581970,0.072164,-0.317013,0.740883,-0.610235,0.240006,-0.101926
-2.502183,3.011298,0.663120,-0.006637,-0.023209,-0.662276,0.748871,0.312471,-0.090227,-0.079891,0.817317,-0.659351,0.109462,-0.892381,0.180376,0.239009,1.263595,-0.225905,0.123272,-0.039804,-0.012358,0.119324,-0.342882,0.311377,-0.201382,0.330680,0.989813,0.288059,-0.026345,0.579077,0.022016,-0.200269,0.748181,-0.700412,0.251743,-0.066988
-2.500287,3.009160,0.680172,-0.005175,-0.031300,-0.656662,0.753517,0.344187,-0.098782,-0.088861,0.736960,-0.531673,0.114421,-0.822039,0.147310,0.253022,1.186728,-0.223611,0.122875,-0.048449,-0.019151,0.118543,-0.303889,0.273118,-0.277028,0.355289,1.018132,0.289020,-0.049668,0.601652,-0.031038,-0.097786,0.709481,-0.780171,0.204096,-0.057358
-2.498051,3.007630,0.712445,-0.002781,-0.032599,-0.652367,0.757197,0.358500,-0.103493,-0.105475,0.624835,-0.278339,0.102389,-0.715323,0.105350,0.259208,1.002756,-0.142773,0.114972,-0.062029,-0.022914,0.104761,-0.265704,0.242060,-0.382838,0.440527,1.076512,0.301991,-0.117615,0.621937,-0.051927,-0.084151,0.675110,-0.800697,0.219937,-0.081334
-2.496034,3.008005,0.747715,0.003789,-0.027582,-0.644364,0.764212,0.331253,-0.101606,-0.113826,0.530312,-0.008536,0.020961,-0.600696,0.049200,0.250855,0.745255,0.030621,0.099714,-0.078722,-0.024040,0.082929,-0.238389,0.212929,-0.502088,0.546418,1.160112,0.303582,-0.152272,0.634744,-0.024925,-0.157999,0.649528,-0.738315,0.270699,-0.121048
-2.494364,3.008083,0.782282,0.017244,-0.021534,-0.631364,0.774996,0.278844,-0.075727,-0.056076,0.476581,0.119800,-0.127002,-0.517834,-0.027354,0.189491,0.505498,0.262119,0.092476,-0.093991,-0.027041,0.056546,-0.221423,0.178774,-0.607399,0.648809,1.234297,0.301213,-0.138856,0.645199,0.016463,-0.254151,0.624074,-0.637021,0.309375,-0.130075
-2.492854,3.009610,0.805319,0.029561,-0.010192,-0.621250,0.782989,0.237081,0.026795,0.195693,0.449119,0.099953,-0.206639,-0.511117,-0.113403,0.026393,0.424420,0.360920,0.096669,-0.107796,-0.033222,0.031175,-0.201114,0.163533,-0.678426,0.724699,1.278789,0.291282,-0.105438,0.642897,0.031511,-0.291305,0.612084,-0.566184,0.315641,-0.122349
-2.491584,3.011133,0.819507,0.036321,-0.001094,-0.625463,0.779407,0.224945,0.096914,0.380859,0.461964,0.105754,-0.243713,-0.550535,-0.156476,-0.084661,0.477294,0.334789,0.072160,-0.113381,-0.033345,0.014994,-0.154225,0.159114,-0.687971,0.760799,1.271080,0.286030,-0.066685,0.636098,-0.017964,-0.227258,0.629417,-0.604103,0.307770,-0.079921
-2.490858,3.011994,0.827363,0.032508,0.006770,-0.641764,0.766183,0.205365,0.082646,0.288143,0.503783,0.103485,-0.201622,-0.603001,-0.129287,-0.086483,0.564859,0.321551,0.087276,-0.103258,-0.025255,0.011903,-0.083229,0.160076,-0.645352,0.761556,1.223835,0.290252,-0.022384,0.630681,-0.090713,-0.135286,0.653934,-0.683173,0.285195,-0.039428
-2.490757,3.011916,0.830053,0.025574,0.012536,-0.655286,0.754844,0.192509,0.011151,0.065045,0.549424,0.080274,-0.138036,-0.643802,-0.055752,-0.010833,0.616594,0.317851,0.121950,-0.087620,-0.016615,0.014440,-0.003249,0.152701,-0.567880,0.740325,1.142771,0.299539,0.010764,0.633804,-0.142077,-0.084595,0.669711,-0.723184,0.267649,-0.029123
-2.491246,3.011263,0.828234,0.020380,0.017163,-0.662835,0.748291,0.211760,-0.034997,-0.094288,0.570347,0.074613,-0.134809,-0.667202,0.014543,0.073904,0.616349,0.308136,0.148316,-0.073301,-0.014553,0.016597,0.070383,0.145708,-0.485695,0.706975,1.055965,0.309538,0.028901,0.645970,-0.169152,-0.076884,0.681128,-0.708707,0.260254,-0.029619
-2.492183,3.010164,0.822231,0.016727,0.019637,-0.670312,0.741631,0.241585,-0.020625,-0.127042,0.567481,0.062586,-0.123013,-0.682754,0.051834,0.112059,0.592807,0.288286,0.164645,-0.061992,-0.019682,0.017955,0.139168,0.138990,-0.400173,0.660822,0.966481,0.319291,0.040647,0.657128,-0.194075,-0.072479,0.693291,-0.689729,0.252559,-0.034296
-2.493277,3.009202,0.812186,0.014139,0.022239,-0.679374,0.733319,0.270097,0.029110,-0.081163,0.545918,0.026958,-0.102259,-0.707879,0.061297,0.094791,0.583236,0.282552,0.169142,-0.053605,-0.027543,0.018141,0.207908,0.135059,-0.321700,0.604504,0.892699,0.323120,0.058246,0.665842,-0.215552,-0.062329,0.705743,-0.685025,0.256946,-0.037832
-2.494094,3.008453,0.798019,0.013085,0.024847,-0.687333,0.725799,0.294659,0.075771,-0.023946,0.513983,-0.019019,-0.092359,-0.746192,0.073682,0.079906,0.620266,0.283797,0.167463,-0.048468,-0.033543,0.019497,0.267295,0.130872,-0.256558,0.549554,0.840295,0.318257,0.073712,0.673595,-0.227237,-0.057859,0.712426,-0.682184,0.263756,-0.038597
-2.494423,3.008096,0.779367,0.010438,0.027830,-0.692295,0.721003,0.314429,0.099492,-0.005498,0.474730,-0.071519,-0.081800,-0.790494,0.113843,0.113341,0.709084,0.288670,0.179754,-0.044540,-0.035545,0.024259,0.311151,0.128176,-0.202792,0.504320,0.809275,0.315160,0.082935,0.684156,-0.217990,-0.068237,0.717580,-0.665615,0.270896,-0.032193
-2.493954,3.008363,0.755211,0.009785,0.028308,-0.692491,0.720804,0.320781,0.100534,-0.021383,0.447652,-0.056288,-0.095459,-0.831588,0.159988,0.182460,0.834308,0.305546,0.161969,-0.041084,-0.034094,0.033243,0.327731,0.124218,-0.167511,0.477250,0.791489,0.314797,0.076237,0.698897,-0.194856,-0.093913,0.721521,-0.644533,0.283275,-0.036678
-2.492881,3.009519,0.721589,0.008133,0.028486,-0.681413,0.731300,0.299434,0.111957,-0.040168,0.551359,-0.248734,-0.073621,-0.847336,0.188337,0.261110,0.948022,0.083537,0.135828,-0.039410,-0.029286,0.047897,0.301423,0.137317,-0.172286,0.474769,0.814699,0.332460,0.043432,0.719984,-0.155770,-0.110357,0.733195,-0.633345,0.294965,-0.043164
-2.491626,3.009957,0.686649,0.008522,0.018892,-0.665899,0.745754,0.291366,0.116318,-0.053602,0.662668,-0.482588,-0.073089,-0.885119,0.139627,0.238858,1.083914,-0.162253,0.151071,-0.031611,-0.029938,0.069459,0.234468,0.153178,-0.218114,0.492486,0.887027,0.349442,-0.000723,0.731740,-0.118646,-0.089981,0.753026,-0.651962,0.306096,-0.052484
-2.490359,3.009738,0.662920,0.011221,0.008860,-0.659751,0.751348,0.292326,0.106346,-0.057028,0.734380,-0.638224,-0.081305,-0.954505,0.127855,0.241049,1.232907,-0.214361,0.157992,-0.022484,-0.031374,0.098551,0.171499,0.161483,-0.260024,0.507538,0.985259,0.357382,-0.018811,0.714028,-0.111580,0.020229,0.788047,-0.740548,0.308954,-0.024886
-2.489008,3.007400,0.657763,0.010920,-0.001292,-0.659246,0.751847,0.304734,0.093241,-0.053257,0.755652,-0.652458,-0.074455,-0.950591,0.126102,0.257702,1.276444,-0.247706,0.165621,-0.025586,-0.030283,0.117882,0.144685,0.144754,-0.280301,0.516784,1.048372,0.361449,-0.034760,0.702369,-0.126386,0.141770,0.782156,-0.844501,0.265745,0.008492
