0.019626,-0.579352,0.771916,-0.009836,-0.070491,-0.029737,0.997021,-0.237654,0.152549,-0.237607,0.890791,-0.224597,-0.108204,-0.106067,-0.232012,-0.005994,0.367894,-0.071826,0.228107,0.073520,0.110411,0.133148,0.187100,0.575454,0.153393,0.901855,1.297109,0.161915,-0.451397,0.267122,-0.405371,-0.413931,0.710639,-0.292308,0.425238,-0.270480
0.026299,-0.564993,0.770049,-0.014746,-0.069013,-0.028539,0.997098,-0.181848,0.039371,-0.492384,0.754892,-0.166691,-0.172103,-0.086482,-0.244012,-0.007489,0.345212,-0.069713,0.243290,0.081791,0.108839,0.117649,0.123601,0.579896,0.229110,0.846016,1.247464,0.173581,-0.310313,0.363154,-0.410694,-0.352096,0.722422,-0.328211,0.424827,-0.233631
0.030136,-0.549755,0.768685,-0.018734,-0.068729,-0.030610,0.996990,-0.127304,-0.019353,-0.663329,0.709648,-0.203380,-0.211413,-0.074765,-0.253421,-0.002771,0.328613,-0.066010,0.247446,0.080548,0.104599,0.106936,0.064461,0.572695,0.272594,0.784847,1.202299,0.198251,-0.169066,0.428821,-0.408090,-0.279987,0.735160,-0.374160,0.434007,-0.199092
0.031787,-0.533105,0.764215,-0.021344,-0.069036,-0.033297,0.996830,-0.120908,-0.032612,-0.654271,0.700724,-0.251576,-0.201040,-0.075262,-0.265548,0.008817,0.321996,-0.056065,0.247772,0.066616,0.097316,0.104234,0.008105,0.549000,0.307316,0.714383,1.141192,0.234213,-0.042616,0.455032,-0.393215,-0.226698,0.751683,-0.417581,0.446669,-0.179439
0.031464,-0.515360,0.762511,-0.017769,-0.067118,-0.039122,0.996819,-0.140769,-0.044955,-0.580649,0.707829,-0.273585,-0.168296,-0.094422,-0.289888,0.034592,0.323685,-0.030744,0.247781,0.048379,0.085796,0.107870,-0.042639,0.493893,0.328201,0.640990,1.065329,0.267131,0.069295,0.458041,-0.366234,-0.208789,0.754523,-0.445478,0.456652,-0.168796
0.029206,-0.497208,0.762224,-0.009814,-0.062420,-0.049953,0.996751,-0.153058,-0.067756,-0.522380,0.693158,-0.284879,-0.143074,-0.135831,-0.323529,0.065191,0.333655,0.022673,0.247633,0.032824,0.068351,0.113794,-0.086139,0.418203,0.350785,0.565222,0.964901,0.285732,0.147231,0.449385,-0.317227,-0.216186,0.738539,-0.462537,0.459666,-0.176642
0.025790,-0.479082,0.764617,-0.001131,-0.059230,-0.068645,0.995881,-0.147805,-0.090692,-0.480305,0.656835,-0.295842,-0.126074,-0.205188,-0.370135,0.058883,0.377055,0.091988,0.244286,0.020444,0.045929,0.122174,-0.111518,0.343746,0.363655,0.492826,0.870987,0.291110,0.181054,0.439439,-0.242147,-0.234126,0.705121,-0.463307,0.445553,-0.187782
0.020568,-0.462863,0.767814,0.007481,-0.058705,-0.092058,0.993993,-0.149400,-0.108560,-0.426747,0.635291,-0.287165,-0.111362,-0.299052,-0.437957,-0.055124,0.477745,0.145930,0.173744,0.012220,0.020054,0.133643,-0.123735,0.270662,0.360233,0.431218,0.790678,0.277580,0.183361,0.442074,-0.157349,-0.236348,0.661293,-0.448595,0.413632,-0.179201
0.014927,-0.448118,0.770445,0.010655,-0.059547,-0.106592,0.992461,-0.153025,-0.119231,-0.390082,0.616989,-0.264756,-0.097923,-0.371015,-0.477505,-0.160550,0.623980,0.165486,0.107418,-0.000108,-0.005991,0.143655,-0.138319,0.214880,0.327509,0.384080,0.756118,0.270045,0.177123,0.455677,-0.072818,-0.195439,0.629526,-0.449061,0.377757,-0.149623
0.009551,-0.434638,0.773800,0.007916,-0.063487,-0.112665,0.991571,-0.146298,-0.121502,-0.372264,0.592391,-0.237109,-0.085623,-0.422607,-0.432589,-0.152128,0.806222,0.136449,0.097736,-0.018700,-0.028324,0.150855,-0.149586,0.171977,0.259633,0.357266,0.764422,0.259443,0.167443,0.475798,-0.008180,-0.098473,0.619566,-0.489754,0.343832,-0.101024
0.004612,-0.421760,0.777710,0.003719,-0.069383,-0.121543,0.990151,-0.127410,-0.116797,-0.353801,0.553638,-0.203635,-0.074233,-0.449260,-0.357196,-0.138498,0.991245,0.104195,0.126396,-0.033326,-0.047305,0.152780,-0.144208,0.132791,0.176174,0.322433,0.770211,0.225962,0.166937,0.492034,0.019798,0.046069,0.626636,-0.588263,0.301691,-0.008611
0.000237,-0.408814,0.781797,-0.000091,-0.075343,-0.134592,0.988033,-0.102167,-0.109453,-0.328866,0.503488,-0.164229,-0.062074,-0.438462,-0.314567,-0.181322,1.149736,0.094510,0.158739,-0.041273,-0.063948,0.148504,-0.117446,0.105054,0.080547,0.253210,0.768008,0.158274,0.146214,0.499334,0.030207,0.162813,0.636578,-0.696595,0.251627,0.113116
-0.003474,-0.395632,0.785106,-0.002648,-0.081350,-0.148157,0.985609,-0.076198,-0.106003,-0.301137,0.454987,-0.127197,-0.049103,-0.391365,-0.299584,-0.242070,1.277355,0.093618,0.169503,-0.045204,-0.077669,0.138503,-0.066986,0.084686,-0.007340,0.144202,0.779984,0.036956,0.146559,0.523826,0.086831,0.099853,0.620737,-0.630057,0.304109,0.186920
-0.006904,-0.382098,0.786706,-0.001835,-0.090201,-0.162647,0.982551,-0.047928,-0.113301,-0.271395,0.414931,-0.096979,-0.034841,-0.323565,-0.281431,-0.272507,1.377385,0.095751,0.173626,-0.043892,-0.088258,0.126684,-0.017803,0.054881,-0.070190,0.018954,0.797711,-0.049990,0.155103,0.539107,0.094048,0.059982,0.597549,-0.591141,0.318563,0.246454
-0.010862,-0.368192,0.786344,0.001423,-0.099442,-0.179119,0.978788,-0.029559,-0.127333,-0.234570,0.392767,-0.075905,-0.020157,-0.246805,-0.256330,-0.274717,1.444425,0.101472,0.174490,-0.035316,-0.096076,0.115487,0.015255,0.013124,-0.125662,-0.120708,0.763428,-0.133161,0.162593,0.538143,0.040192,0.071475,0.585390,-0.630284,0.282503,0.301443
-0.015982,-0.354141,0.784418,0.004865,-0.109336,-0.197501,0.974174,-0.022165,-0.141750,-0.191596,0.389302,-0.063108,-0.006926,-0.156191,-0.232967,-0.264299,1.464576,0.102508,0.179625,-0.021006,-0.099124,0.105912,0.027771,-0.019738,-0.183912,-0.256862,0.679999,-0.207792,0.156639,0.523793,-0.031637,0.074887,0.589215,-0.692074,0.262681,0.334303
-0.022732,-0.339988,0.781682,0.006876,-0.118434,-0.215350,0.969304,-0.025390,-0.152297,-0.148544,0.396623,-0.052556,0.003905,-0.054789,-0.217593,-0.251548,1.436263,0.096283,0.170065,-0.005510,-0.097946,0.098775,0.010917,-0.026583,-0.232685,-0.384028,0.598294,-0.254867,0.152966,0.491719,-0.094682,0.062282,0.610300,-0.752735,0.279090,0.335518
-0.031598,-0.325657,0.778441,0.007064,-0.127247,-0.231255,0.964510,-0.036539,-0.158053,-0.108919,0.410799,-0.040763,0.012171,0.049530,-0.200145,-0.235840,1.363384,0.090829,0.174356,0.007622,-0.093565,0.093882,-0.032942,-0.010944,-0.266542,-0.494972,0.538637,-0.264004,0.150954,0.443578,-0.145912,0.045653,0.647741,-0.815221,0.316132,0.295607
-0.042831,-0.310910,0.774744,0.006578,-0.135932,-0.246836,0.959454,-0.052398,-0.159645,-0.069678,0.426983,-0.027477,0.019307,0.146004,-0.168836,-0.203178,1.254563,0.090238,0.180475,0.017028,-0.086337,0.090856,-0.090450,0.015198,-0.294154,-0.583321,0.465801,-0.253398,0.144774,0.382890,-0.185445,0.030114,0.697708,-0.872238,0.355431,0.222961
-0.056953,-0.295414,0.770828,0.005847,-0.142150,-0.263990,0.953975,-0.076462,-0.154849,-0.028942,0.441891,-0.011641,0.025289,0.222059,-0.129736,-0.149432,1.126754,0.088003,0.189168,0.023131,-0.076170,0.090470,-0.151259,0.052296,-0.306911,-0.650246,0.396531,-0.229317,0.133036,0.306616,-0.211879,0.017042,0.753014,-0.913894,0.391563,0.140795
-0.074323,-0.278844,0.767155,0.005617,-0.143051,-0.282874,0.948413,-0.113688,-0.142668,0.012859,0.452647,0.009808,0.030232,0.269012,-0.093518,-0.084373,0.997701,0.077219,0.173444,0.027707,-0.063888,0.093077,-0.209120,0.094808,-0.305950,-0.702451,0.340474,-0.202488,0.122885,0.218865,-0.225684,0.006372,0.791482,-0.932513,0.416282,0.088051
-0.095158,-0.260954,0.764070,0.006168,-0.139285,-0.303129,0.942695,-0.159177,-0.123752,0.053789,0.450089,0.043401,0.033835,0.283293,-0.071707,-0.021639,0.917358,-0.006507,0.143012,0.031255,-0.050190,0.099484,-0.258159,0.139038,-0.298126,-0.740505,0.302574,-0.178207,0.116182,0.127770,-0.232930,0.005839,0.801627,-0.931707,0.410554,0.080099
-0.119559,-0.241754,0.761346,0.008402,-0.131227,-0.323543,0.937032,-0.212709,-0.099987,0.092431,0.431980,0.094174,0.034323,0.262430,-0.070296,0.013556,0.880424,-0.142624,0.097276,0.034615,-0.036736,0.111070,-0.300509,0.181328,-0.288951,-0.769080,0.284157,-0.162375,0.105155,0.039934,-0.237861,0.015033,0.784297,-0.918048,0.376871,0.087710
-0.146337,-0.222094,0.760648,0.010148,-0.119789,-0.339418,0.932922,-0.260495,-0.073706,0.120478,0.384001,0.164892,0.027914,0.229153,-0.064960,0.021689,0.828775,-0.221915,-0.010031,0.037145,-0.025096,0.125407,-0.333465,0.215356,-0.282220,-0.785779,0.276195,-0.152316,0.097809,-0.037127,-0.235816,0.023834,0.746823,-0.883138,0.328475,0.100955
-0.174279,-0.202788,0.759180,0.007991,-0.104688,-0.349246,0.931130,-0.302447,-0.042082,0.130676,0.312655,0.231749,-0.027486,0.187721,-0.055032,-0.002257,0.773492,-0.339421,-0.077355,0.038300,-0.012428,0.140440,-0.365445,0.244244,-0.282909,-0.791545,0.265850,-0.142321,0.097209,-0.098163,-0.227529,0.037513,0.693644,-0.840032,0.282286,0.102570
-0.203100,-0.183414,0.761506,0.001217,-0.086975,-0.353467,0.931394,-0.356163,-0.003268,0.122923,0.233728,0.234105,-0.129109,0.140513,-0.030205,-0.027876,0.713728,-0.450429,-0.073944,0.036701,0.003159,0.155405,-0.400720,0.269706,-0.291575,-0.786782,0.243894,-0.129696,0.105287,-0.142960,-0.213310,0.055979,0.632194,-0.800983,0.252015,0.093361
-0.230998,-0.164809,0.756596,-0.005249,-0.071993,-0.352671,0.932959,-0.397127,0.032819,0.124620,0.185356,0.141044,-0.175845,0.087041,0.001409,-0.034205,0.670840,-0.518609,-0.071898,0.030992,0.020930,0.170536,-0.436016,0.288467,-0.287094,-0.775316,0.252237,-0.125481,0.116991,-0.173163,-0.203681,0.077139,0.572167,-0.774194,0.232183,0.080632
-0.256988,-0.147305,0.757067,-0.012595,-0.060985,-0.348932,0.935077,-0.422625,0.082347,0.190429,0.172562,0.058590,-0.232484,0.020689,0.027486,-0.048332,0.673955,-0.510045,-0.073828,0.021881,0.037198,0.185085,-0.457652,0.291878,-0.266630,-0.756496,0.314177,-0.127656,0.138279,-0.185495,-0.191344,0.091823,0.524764,-0.755134,0.224468,0.061255
-0.282646,-0.131030,0.761142,-0.014925,-0.054920,-0.342951,0.937628,-0.418741,0.140234,0.318430,0.206038,0.069500,-0.238402,-0.036262,0.042126,-0.062619,0.666093,-0.461573,-0.083605,0.011762,0.046737,0.195184,-0.451743,0.268260,-0.256347,-0.726186,0.380289,-0.139972,0.161167,-0.172042,-0.176312,0.096157,0.497101,-0.742758,0.234529,0.043279
-0.306798,-0.116066,0.767489,-0.014229,-0.053095,-0.336955,0.939915,-0.402452,0.182180,0.371234,0.296056,0.045761,-0.179672,-0.068020,0.046275,-0.074926,0.627354,-0.400444,-0.090164,0.010155,0.046189,0.198832,-0.424857,0.228322,-0.270998,-0.681596,0.392640,-0.144744,0.167695,-0.129991,-0.156678,0.091092,0.483586,-0.727609,0.246320,0.035765
-0.329434,-0.102158,0.774252,-0.012612,-0.053341,-0.330320,0.942276,-0.386265,0.212356,0.375389,0.440683,0.008576,-0.123729,-0.082043,0.044132,-0.089409,0.570327,-0.338857,-0.095179,0.014333,0.040118,0.197109,-0.383725,0.193191,-0.288805,-0.633419,0.376264,-0.135460,0.174834,-0.066369,-0.139253,0.089821,0.472927,-0.726571,0.254862,0.035112
-0.351216,-0.088882,0.779990,-0.009038,-0.053690,-0.326071,0.943776,-0.365999,0.226597,0.350697,0.594753,-0.029658,-0.106802,-0.098267,0.037632,-0.100565,0.520252,-0.279810,-0.100260,0.021508,0.033305,0.191696,-0.326742,0.171421,-0.304830,-0.589512,0.351045,-0.120479,0.181765,0.007246,-0.125730,0.097684,0.465303,-0.734899,0.258841,0.035058
-0.372693,-0.076061,0.783563,-0.004901,-0.052726,-0.324048,0.944557,-0.338657,0.228895,0.315735,0.737588,-0.067742,-0.102426,-0.125660,0.032082,-0.107187,0.488183,-0.229176,-0.105792,0.028724,0.027248,0.184203,-0.258607,0.167510,-0.313103,-0.554296,0.343266,-0.098437,0.180825,0.082222,-0.113990,0.113249,0.466174,-0.735307,0.254230,0.038380
-0.394089,-0.063826,0.784712,-0.002222,-0.051400,-0.321654,0.945458,-0.294047,0.235107,0.299734,0.852927,-0.094930,-0.104503,-0.157504,0.029939,-0.114526,0.468295,-0.188251,-0.111891,0.032378,0.022390,0.175537,-0.182901,0.173820,-0.317671,-0.528269,0.356534,-0.079953,0.168271,0.155439,-0.108659,0.135604,0.477307,-0.730060,0.248200,0.050064
-0.415714,-0.052173,0.783690,-0.002627,-0.049709,-0.316639,0.947239,-0.232085,0.252708,0.304067,0.935132,-0.121114,-0.112616,-0.188595,0.032065,-0.129676,0.452472,-0.152987,-0.120016,0.031014,0.018003,0.166779,-0.105893,0.190657,-0.310757,-0.504807,0.428520,-0.061933,0.155850,0.225017,-0.107735,0.160927,0.495574,-0.731074,0.254365,0.062131
-0.437715,-0.040855,0.781173,-0.004796,-0.048737,-0.309202,0.949735,-0.160040,0.263336,0.306078,0.980781,-0.144989,-0.123570,-0.217965,0.034206,-0.151666,0.439629,-0.119563,-0.129105,0.025099,0.013357,0.159908,-0.031381,0.203332,-0.301497,-0.479312,0.543952,-0.048170,0.152567,0.290294,-0.107905,0.177740,0.517511,-0.740226,0.275171,0.063766
-0.460205,-0.029569,0.777636,-0.007413,-0.048092,-0.298937,0.953031,-0.090805,0.242931,0.276794,0.988628,-0.165680,-0.153692,-0.250488,0.032850,-0.178498,0.435124,-0.087423,-0.138142,0.015104,0.006759,0.156347,0.038658,0.208998,-0.294392,-0.447164,0.695803,-0.031715,0.150030,0.352631,-0.105195,0.177356,0.540457,-0.760414,0.301023,0.042084
-0.483413,-0.017953,0.773737,-0.007472,-0.048451,-0.286461,0.956837,-0.023675,0.182700,0.209305,0.956160,-0.180166,-0.198207,-0.286947,0.021346,-0.206716,0.437700,-0.055257,-0.145806,0.001871,-0.004086,0.156174,0.103817,0.204890,-0.293699,-0.409872,0.863264,-0.006195,0.136292,0.416006,-0.093830,0.145187,0.566546,-0.773391,0.332123,0.000100
-0.507780,-0.005707,0.769848,-0.005546,-0.050096,-0.269834,0.961587,0.043462,0.099652,0.107355,0.895022,-0.181076,-0.236730,-0.323325,-0.000562,-0.237242,0.439738,-0.019467,-0.153004,-0.012649,-0.020142,0.158948,0.158986,0.206129,-0.291809,-0.376270,1.067673,0.010776,0.117504,0.486512,-0.062289,0.076987,0.592237,-0.759604,0.363206,-0.048850
-0.533556,0.007374,0.766441,-0.002882,-0.051456,-0.248467,0.967268,0.106360,0.017693,-0.011864,0.824363,-0.159332,-0.244152,-0.355802,-0.030211,-0.272704,0.428707,0.025676,-0.160477,-0.026040,-0.039844,0.164245,0.188359,0.215343,-0.297472,-0.345757,1.304946,0.016478,0.107413,0.550400,-0.024375,-0.005648,0.619819,-0.717961,0.393068,-0.079495
-0.560846,0.021429,0.764013,0.001006,-0.050721,-0.222852,0.973531,0.147568,-0.028515,-0.107082,0.753372,-0.158267,-0.217807,-0.384892,-0.067217,-0.313217,0.397530,0.084647,-0.166891,-0.036731,-0.059745,0.172627,0.190903,0.221010,-0.312230,-0.315801,1.520920,0.011667,0.114228,0.602143,-0.000719,-0.068920,0.650296,-0.671638,0.403012,-0.074938
-0.589230,0.036082,0.763052,0.006922,-0.047320,-0.192950,0.980043,0.154707,-0.045912,-0.158067,0.665879,-0.204010,-0.078999,-0.409057,-0.111697,-0.359240,0.342910,0.151767,-0.171319,-0.043821,-0.078090,0.184045,0.178809,0.198813,-0.331222,-0.271196,1.615029,0.000714,0.115692,0.644828,-0.003849,-0.090552,0.684073,-0.649790,0.394503,-0.029525
-0.618863,0.051405,0.758122,0.018594,-0.043076,-0.160779,0.985875,0.124137,-0.061101,-0.168472,0.599229,-0.321122,-0.023689,-0.439974,-0.171053,-0.402939,0.277451,0.195458,-0.122498,-0.046691,-0.096282,0.198353,0.148946,0.151026,-0.342833,-0.202566,1.577792,-0.007006,0.100265,0.677614,-0.036790,-0.063342,0.715082,-0.674658,0.364123,0.031420
-0.648193,0.066120,0.759107,0.031815,-0.038793,-0.129430,0.990319,0.078138,-0.094522,-0.200413,0.569021,-0.417521,-0.016835,-0.469299,-0.232006,-0.421415,0.230625,0.154112,-0.058519,-0.043128,-0.114481,0.216801,0.125955,0.102208,-0.324590,-0.120007,1.445898,0.000275,0.087951,0.699290,-0.079272,-0.003232,0.744781,-0.738430,0.325877,0.091052
-0.676678,0.080108,0.755143,0.046881,-0.038859,-0.104525,0.992656,0.029296,-0.144293,-0.237360,0.555242,-0.435985,-0.014224,-0.499048,-0.289016,-0.408156,0.221387,0.077169,0.020912,-0.036009,-0.133376,0.237727,0.117615,0.059309,-0.276447,-0.023762,1.308712,0.027547,0.076253,0.701958,-0.125498,0.067053,0.777516,-0.820146,0.289060,0.152406
-0.704227,0.092887,0.757165,0.054754,-0.040648,-0.090254,0.993581,-0.024166,-0.181576,-0.254534,0.565883,-0.393121,-0.015139,-0.519086,-0.322247,-0.381858,0.259467,0.062968,0.044315,-0.026489,-0.149700,0.257604,0.132202,0.015195,-0.180144,0.083069,1.176585,0.081828,0.089082,0.672186,-0.160268,0.123154,0.809200,-0.893581,0.265736,0.215671
-0.730669,0.104352,0.761649,0.054785,-0.043387,-0.086464,0.993801,-0.062945,-0.195524,-0.257597,0.561731,-0.337902,-0.017706,-0.537129,-0.349922,-0.386685,0.401483,0.039771,0.017899,-0.014962,-0.160608,0.270700,0.161506,-0.035547,-0.033393,0.203336,1.044580,0.173000,0.123658,0.609138,-0.183415,0.159709,0.839080,-0.955621,0.266221,0.265335
-0.755923,0.114141,0.767541,0.050694,-0.047498,-0.087601,0.993730,-0.079303,-0.192573,-0.260889,0.526970,-0.278952,-0.021300,-0.542138,-0.375404,-0.405572,0.602258,0.008094,-0.018810,-0.006034,-0.165919,0.276231,0.193121,-0.092901,0.153467,0.324438,0.892031,0.282508,0.174958,0.534304,-0.202521,0.175952,0.847402,-1.000936,0.270250,0.289104
-0.780566,0.122930,0.773444,0.044746,-0.050658,-0.086963,0.993916,-0.088032,-0.182307,-0.269583,0.475835,-0.216749,-0.028924,-0.536557,-0.390613,-0.402767,0.809158,-0.019603,-0.027946,-0.003302,-0.168336,0.277010,0.216573,-0.129918,0.350043,0.428398,0.745483,0.387969,0.239104,0.461818,-0.212052,0.158044,0.822602,-1.010870,0.270163,0.260615
-0.804939,0.131220,0.777529,0.038580,-0.053563,-0.081555,0.994480,-0.101195,-0.173649,-0.282696,0.432839,-0.159426,-0.035120,-0.520075,-0.388838,-0.377070,1.000489,-0.040392,-0.027324,-0.005065,-0.169266,0.275457,0.240650,-0.127489,0.503507,0.522785,0.647842,0.474910,0.298983,0.405415,-0.210661,0.113914,0.772220,-0.981716,0.258843,0.187986
-0.829067,0.139408,0.779124,0.034115,-0.055267,-0.073985,0.995142,-0.124462,-0.171500,-0.294902,0.405507,-0.108642,-0.040030,-0.491284,-0.371170,-0.342896,1.159752,-0.050319,-0.009307,-0.006877,-0.169428,0.273665,0.303218,-0.083389,0.588445,0.650424,0.641527,0.485169,0.295655,0.356842,-0.210123,0.046068,0.719940,-0.899856,0.215179,0.103253
-0.853011,0.147790,0.778203,0.032609,-0.057412,-0.070854,0.995299,-0.152962,-0.175583,-0.297086,0.392666,-0.065061,-0.044407,-0.448735,-0.339265,-0.302289,1.279634,-0.049756,0.021128,-0.003723,-0.169232,0.272786,0.370300,-0.012821,0.571771,0.771388,0.706539,0.485448,0.208149,0.300917,-0.191953,-0.011779,0.674325,-0.807405,0.186193,0.022122
-0.877136,0.156363,0.774777,0.033627,-0.060075,-0.073925,0.994885,-0.189916,-0.183386,-0.286462,0.400300,-0.032937,-0.050707,-0.389763,-0.299986,-0.263908,1.353295,-0.054794,0.041148,0.006263,-0.168197,0.273301,0.450374,0.055217,0.469467,0.812656,0.803529,0.481439,0.084123,0.219550,-0.175440,-0.048438,0.648678,-0.720850,0.175757,-0.046139
-0.902047,0.164951,0.769482,0.035153,-0.064356,-0.080122,0.994084,-0.231530,-0.189623,-0.267597,0.420453,-0.006325,-0.057975,-0.311556,-0.253769,-0.227632,1.376752,-0.065546,0.072024,0.021507,-0.165004,0.274274,0.546867,0.111957,0.358278,0.800390,0.900231,0.444380,0.009858,0.124816,-0.167318,-0.045219,0.647361,-0.675559,0.178519,-0.093289
-0.927970,0.173473,0.763173,0.036493,-0.068003,-0.085921,0.993308,-0.277195,-0.193960,-0.249185,0.441418,0.022703,-0.064991,-0.221362,-0.194793,-0.186651,1.347796,-0.080503,0.116228,0.040164,-0.158039,0.275178,0.640778,0.146798,0.288557,0.760665,0.960095,0.389757,-0.004736,0.021479,-0.171388,-0.001787,0.670071,-0.689046,0.194055,-0.109740
-0.955152,0.181960,0.756994,0.036431,-0.070707,-0.091557,0.992618,-0.320073,-0.192991,-0.235690,0.449168,0.061497,-0.075677,-0.122426,-0.130603,-0.140405,1.267321,-0.099893,0.135131,0.058931,-0.146675,0.275474,0.718498,0.153424,0.270670,0.714586,0.966652,0.354053,0.005424,-0.088201,-0.175292,0.065531,0.711588,-0.736851,0.215778,-0.093153
-0.983872,0.190489,0.751736,0.036799,-0.071626,-0.098313,0.991892,-0.356015,-0.186966,-0.224539,0.431960,0.113908,-0.095120,-0.025030,-0.083573,-0.095248,1.147719,-0.132320,0.131601,0.076306,-0.131846,0.274216,0.773468,0.138413,0.287208,0.677477,0.931954,0.329347,0.003763,-0.204728,-0.172168,0.142326,0.766201,-0.799679,0.241341,-0.060294
-1.014239,0.198718,0.747824,0.038257,-0.069386,-0.105932,0.991212,-0.391459,-0.174956,-0.211762,0.399103,0.169163,-0.133846,0.053813,-0.058347,-0.059344,1.005308,-0.235156,0.106551,0.091740,-0.114356,0.272817,0.797646,0.112733,0.323932,0.654018,0.872536,0.325396,-0.018491,-0.322887,-0.155542,0.209001,0.820947,-0.847289,0.255762,-0.024277
-1.045686,0.206495,0.746594,0.035965,-0.063002,-0.113512,0.990885,-0.423773,-0.146400,-0.197641,0.348271,0.213357,-0.205637,0.095585,-0.040597,-0.051305,0.858621,-0.376347,0.008937,0.106826,-0.094900,0.271798,0.793898,0.092450,0.359361,0.633916,0.816837,0.329569,-0.055760,-0.434271,-0.127789,0.270880,0.862845,-0.889592,0.260649,0.010164
-1.079966,0.214899,0.749245,0.031036,-0.053275,-0.123057,0.990483,-0.476965,-0.091818,-0.155064,0.281941,0.190616,-0.228402,0.069474,-0.033188,-0.074338,0.780710,-0.513298,-0.056449,0.120721,-0.072296,0.273533,0.771552,0.082711,0.372236,0.612351,0.798446,0.338788,-0.098422,-0.532297,-0.094429,0.321256,0.878155,-0.920125,0.241426,0.038703
-1.114912,0.223054,0.743849,0.026582,-0.044349,-0.131930,0.989910,-0.509828,-0.024061,-0.059330,0.224440,0.099287,-0.183664,-0.005621,-0.016047,-0.069753,0.778707,-0.579457,-0.085970,0.128768,-0.047865,0.279382,0.742300,0.076699,0.363085,0.585937,0.824523,0.334964,-0.124360,-0.607161,-0.064268,0.352831,0.863688,-0.938577,0.209203,0.047400
-1.148245,0.230533,0.742711,0.022220,-0.037686,-0.135446,0.989818,-0.526877,0.054117,0.118300,0.196669,0.006902,-0.145900,-0.089905,0.000921,-0.062273,0.813000,-0.589299,-0.093464,0.128666,-0.023490,0.286183,0.709076,0.076651,0.328636,0.564112,0.900463,0.320972,-0.143783,-0.645861,-0.042596,0.362900,0.821364,-0.939801,0.168029,0.031445
-1.180269,0.236791,0.744608,0.018183,-0.033157,-0.127258,0.991148,-0.525980,0.124660,0.312020,0.242507,0.017729,-0.187218,-0.158279,0.007025,-0.081375,0.830843,-0.554709,-0.100496,0.124665,-0.004911,0.288718,0.664022,0.100687,0.264830,0.554119,1.019325,0.294139,-0.164606,-0.632346,-0.035338,0.349836,0.757274,-0.918664,0.121089,-0.004231
-1.210173,0.241425,0.750002,0.017449,-0.032100,-0.113797,0.992832,-0.521713,0.153874,0.337379,0.363822,-0.008582,-0.148102,-0.194330,0.004482,-0.104614,0.807229,-0.505385,-0.106123,0.126264,0.001780,0.286332,0.604612,0.150364,0.185866,0.551269,1.146133,0.246526,-0.199112,-0.566666,-0.036387,0.320071,0.678754,-0.873595,0.074922,-0.053160
-1.238444,0.245216,0.757814,0.018149,-0.033808,-0.098306,0.994416,-0.509184,0.143092,0.267934,0.519535,-0.035487,-0.112714,-0.206830,-0.002996,-0.128832,0.753505,-0.444068,-0.110172,0.128572,0.002784,0.278967,0.532174,0.210892,0.112432,0.547816,1.249318,0.180995,-0.241552,-0.462066,-0.040154,0.289955,0.601290,-0.813732,0.032530,-0.084019
-1.265628,0.248962,0.766231,0.019110,-0.034968,-0.082548,0.995790,-0.479263,0.107595,0.176371,0.665588,-0.070170,-0.119477,-0.212034,-0.015224,-0.156661,0.686808,-0.375264,-0.112301,0.128201,0.002024,0.266161,0.450897,0.260742,0.060009,0.537127,1.309600,0.121917,-0.268854,-0.337769,-0.045147,0.267302,0.532638,-0.751843,-0.006616,-0.083985
-1.292381,0.252590,0.773864,0.020576,-0.033565,-0.065393,0.997083,-0.427105,0.075963,0.116797,0.774648,-0.095482,-0.123514,-0.219154,-0.030896,-0.188678,0.615890,-0.303093,-0.114094,0.123244,0.000312,0.249044,0.366193,0.287445,0.028934,0.521529,1.328781,0.091229,-0.268842,-0.209759,-0.054469,0.250385,0.476537,-0.714170,-0.013867,-0.068365
-1.319076,0.255975,0.779017,0.020716,-0.030809,-0.048772,0.998120,-0.358087,0.067537,0.094283,0.852797,-0.116637,-0.130735,-0.232543,-0.044029,-0.221150,0.554238,-0.237873,-0.116545,0.114533,-0.001981,0.229335,0.286513,0.298699,0.004652,0.500489,1.327757,0.088736,-0.247278,-0.084128,-0.066375,0.233526,0.429453,-0.720985,0.003469,-0.045000
-1.345924,0.259073,0.781528,0.019613,-0.026821,-0.035101,0.998831,-0.278878,0.062773,0.071224,0.896615,-0.135300,-0.141527,-0.251271,-0.052340,-0.250054,0.498944,-0.180437,-0.120805,0.104297,-0.005119,0.209371,0.214613,0.301155,-0.022160,0.468331,1.329885,0.102551,-0.219448,0.032831,-0.073048,0.203568,0.389811,-0.781757,0.043848,-0.049906
-1.373319,0.262110,0.781692,0.017818,-0.022764,-0.022144,0.999337,-0.198698,0.029592,0.008065,0.912152,-0.138530,-0.162550,-0.275244,-0.060485,-0.277843,0.454522,-0.129198,-0.126108,0.092487,-0.009335,0.191554,0.153128,0.299505,-0.042537,0.433648,1.347207,0.104971,-0.178618,0.143758,-0.062766,0.144692,0.364643,-0.844633,0.097428,-0.093089
-1.401840,0.265287,0.779920,0.015238,-0.017969,-0.007538,0.999694,-0.123994,-0.039310,-0.104780,0.906707,-0.140243,-0.189290,-0.309453,-0.072611,-0.307976,0.425922,-0.079781,-0.132066,0.077535,-0.015127,0.177668,0.086553,0.279747,-0.058979,0.398136,1.361921,0.113896,-0.134391,0.233764,-0.025595,0.055755,0.364835,-0.854190,0.159076,-0.151167
-1.431691,0.268492,0.777462,0.014667,-0.011834,0.010990,0.999762,-0.054455,-0.109706,-0.220593,0.874049,-0.124401,-0.198696,-0.349558,-0.095387,-0.341581,0.400979,-0.026341,-0.136610,0.057936,-0.023140,0.168263,0.013563,0.241878,-0.065015,0.360307,1.356031,0.126990,-0.104286,0.281739,0.019049,-0.060409,0.405861,-0.795062,0.228914,-0.201762
-1.462693,0.271748,0.774840,0.013941,-0.004206,0.034678,0.999292,-0.004449,-0.135988,-0.289640,0.808067,-0.106828,-0.177021,-0.392673,-0.126007,-0.380634,0.375696,0.031517,-0.140251,0.035566,-0.033303,0.163945,-0.069523,0.182304,-0.068703,0.342398,1.328192,0.146755,-0.075027,0.308803,0.055163,-0.193170,0.469515,-0.685953,0.303135,-0.227757
-1.493774,0.274987,0.772894,0.015993,0.005000,0.059104,0.998111,0.014441,-0.123880,-0.292139,0.696987,-0.154412,-0.048187,-0.437041,-0.164930,-0.414425,0.348935,0.088324,-0.135374,0.014252,-0.045596,0.164412,-0.155465,0.114218,-0.080367,0.343913,1.311594,0.167970,-0.050893,0.327986,0.060953,-0.309359,0.548467,-0.584155,0.381718,-0.224740
-1.523935,0.278520,0.768590,0.022645,0.013846,0.084049,0.996108,-0.004275,-0.123966,-0.272805,0.618865,-0.262161,0.012394,-0.490550,-0.223533,-0.438090,0.353069,0.100134,-0.083256,-0.002241,-0.059743,0.171310,-0.242463,0.047991,-0.110841,0.354126,1.319703,0.169418,-0.044176,0.350524,0.033163,-0.377636,0.630410,-0.538088,0.439754,-0.215969
-1.553902,0.282456,0.766844,0.032235,0.019526,0.105451,0.993710,-0.036788,-0.160717,-0.298397,0.583695,-0.364771,0.037990,-0.564183,-0.300147,-0.455415,0.394051,0.039693,-0.033064,-0.010874,-0.075143,0.185154,-0.323876,-0.001595,-0.159297,0.368114,1.367751,0.150441,-0.040062,0.388044,-0.019667,-0.350109,0.708302,-0.596622,0.469078,-0.207036
-1.581821,0.286348,0.759349,0.043745,0.018987,0.121165,0.991486,-0.065296,-0.205018,-0.320287,0.568147,-0.416499,0.044260,-0.613377,-0.383364,-0.468696,0.485086,-0.009418,0.012043,-0.016130,-0.092097,0.200875,-0.380977,-0.034376,-0.209361,0.378030,1.426503,0.102873,-0.022970,0.439341,-0.073145,-0.272356,0.750482,-0.697155,0.456720,-0.189812
-1.607242,0.289838,0.759137,0.053169,0.013197,0.129089,0.990119,-0.091940,-0.241992,-0.321023,0.573052,-0.394269,0.047317,-0.638134,-0.456759,-0.467419,0.641997,-0.038618,-0.013281,-0.024167,-0.110402,0.214302,-0.390294,-0.056995,-0.237125,0.379582,1.463060,0.053526,0.001469,0.475069,-0.102599,-0.207514,0.763257,-0.773019,0.423025,-0.164324
-1.630988,0.292772,0.762491,0.056319,0.004243,0.130631,0.989821,-0.107678,-0.258132,-0.313006,0.567393,-0.345803,0.045693,-0.632218,-0.492661,-0.442658,0.822771,-0.069617,-0.048790,-0.036999,-0.128349,0.218939,-0.344157,-0.067479,-0.232694,0.373473,1.454303,0.020055,0.012892,0.487485,-0.100402,-0.182355,0.765075,-0.789793,0.382898,-0.115575
-1.652767,0.295257,0.767519,0.056080,-0.005717,0.124827,0.990576,-0.109430,-0.258427,-0.297641,0.542946,-0.291436,0.043688,-0.599544,-0.478252,-0.388746,0.988932,-0.083296,-0.060064,-0.051915,-0.139683,0.214783,-0.249754,-0.076131,-0.201335,0.362150,1.403903,0.005813,0.017168,0.481182,-0.086691,-0.166848,0.763159,-0.795581,0.361627,-0.065481
-1.673319,0.297524,0.773211,0.052414,-0.013131,0.114575,0.991944,-0.107911,-0.246357,-0.278721,0.503239,-0.233333,0.040554,-0.544032,-0.434025,-0.340172,1.119342,-0.087947,-0.055173,-0.062487,-0.145969,0.204605,-0.137661,-0.079482,-0.153406,0.345733,1.335994,0.009614,0.008511,0.467632,-0.072586,-0.160852,0.744273,-0.799311,0.329647,-0.037515
-1.693283,0.299489,0.777698,0.048084,-0.018077,0.100574,0.993603,-0.112959,-0.230764,-0.255778,0.468670,-0.181735,0.036462,-0.468303,-0.388104,-0.311926,1.211640,-0.082910,-0.050203,-0.067438,-0.148891,0.190981,-0.022711,-0.080821,-0.097652,0.324785,1.289908,0.036327,0.018563,0.446803,-0.052034,-0.171960,0.716337,-0.797135,0.313350,-0.037630
-1.713182,0.301528,0.779410,0.045313,-0.021829,0.086056,0.995020,-0.131703,-0.220302,-0.228841,0.458775,-0.146766,0.034479,-0.376052,-0.353706,-0.297233,1.268937,-0.082876,-0.043648,-0.068014,-0.149801,0.176811,0.086103,-0.083142,-0.038187,0.311771,1.276712,0.077115,0.052873,0.420855,-0.025970,-0.196049,0.684137,-0.780265,0.307865,-0.053391
-1.733393,0.303993,0.777575,0.044177,-0.024021,0.072223,0.996120,-0.167984,-0.216033,-0.197568,0.479680,-0.138719,0.035076,-0.274420,-0.331485,-0.290465,1.290297,-0.088379,-0.050399,-0.064001,-0.148184,0.164138,0.179956,-0.093141,0.028846,0.314407,1.259349,0.119700,0.096398,0.387118,-0.004598,-0.216917,0.655629,-0.760311,0.307293,-0.073146
-1.754076,0.306908,0.772939,0.046170,-0.025747,0.056576,0.996998,-0.212149,-0.216375,-0.159474,0.515235,-0.147860,0.037270,-0.167039,-0.326539,-0.286469,1.275307,-0.095259,-0.046128,-0.054753,-0.144506,0.153794,0.254807,-0.106169,0.105102,0.338802,1.223935,0.166286,0.131667,0.345708,0.000987,-0.221960,0.636700,-0.747270,0.303652,-0.084013
-1.775400,0.310106,0.767560,0.050018,-0.028855,0.037472,0.997628,-0.253206,-0.214474,-0.114728,0.547801,-0.152280,0.039382,-0.052817,-0.331174,-0.284682,1.215260,-0.100035,-0.039799,-0.040392,-0.139833,0.146135,0.309803,-0.119820,0.195263,0.388047,1.148094,0.213230,0.139625,0.293638,-0.010372,-0.205200,0.634632,-0.747932,0.300239,-0.070167
-1.797823,0.313170,0.762479,0.055281,-0.033350,0.013832,0.997818,-0.290009,-0.206551,-0.062764,0.573412,-0.145805,0.040196,0.064168,-0.343748,-0.286970,1.109222,-0.112451,-0.026112,-0.021976,-0.134085,0.141501,0.349630,-0.126834,0.291326,0.455103,1.049204,0.279991,0.110166,0.225836,-0.036043,-0.168792,0.647343,-0.767507,0.295006,-0.042004
-1.822029,0.315700,0.758900,0.058301,-0.036899,-0.013127,0.997531,-0.324040,-0.185204,-0.010301,0.585924,-0.126618,0.037732,0.169038,-0.349060,-0.285139,0.965130,-0.129746,-0.014883,-0.002406,-0.126929,0.139184,0.380140,-0.130845,0.401434,0.536715,0.928429,0.355332,0.065505,0.149508,-0.054182,-0.114210,0.673976,-0.804052,0.285017,-0.014489
-1.849098,0.317537,0.757335,0.059327,-0.035324,-0.044422,0.996624,-0.361067,-0.149609,0.041264,0.578180,-0.090537,0.029090,0.230391,-0.337393,-0.247138,0.820995,-0.152026,-0.009140,0.014875,-0.117660,0.138860,0.407614,-0.130344,0.508087,0.617071,0.813878,0.437167,0.025286,0.059685,-0.059163,-0.049111,0.708937,-0.850131,0.274046,0.004720
-1.879758,0.318747,0.757706,0.059834,-0.027540,-0.078580,0.994729,-0.400729,-0.103962,0.089900,0.542670,-0.033407,0.015948,0.232689,-0.305349,-0.147447,0.715244,-0.175307,-0.002178,0.028044,-0.106165,0.141597,0.445668,-0.122569,0.575617,0.699570,0.769459,0.482789,0.001037,-0.037999,-0.052420,0.020007,0.741094,-0.894364,0.258131,0.025669
-1.913514,0.319562,0.759471,0.058932,-0.011622,-0.113804,0.991686,-0.446834,-0.048421,0.134713,0.482662,0.041903,0.003073,0.186584,-0.275163,-0.042164,0.649255,-0.207742,0.017805,0.039881,-0.093046,0.148546,0.489518,-0.115639,0.582288,0.759586,0.799054,0.485349,-0.016026,-0.139479,-0.036689,0.087799,0.757532,-0.930836,0.233876,0.040319
-1.948837,0.319693,0.761202,0.056504,0.007560,-0.145443,0.987723,-0.498114,0.012081,0.170361,0.420748,0.120780,-0.005744,0.110840,-0.250178,0.025612,0.612912,-0.258149,0.037879,0.051594,-0.078621,0.160705,0.533138,-0.114457,0.519936,0.759845,0.867600,0.483790,-0.036291,-0.235147,-0.011042,0.142257,0.753055,-0.945410,0.202281,0.045617
-1.983685,0.319537,0.758400,0.051095,0.025441,-0.168645,0.984023,-0.556131,0.071701,0.184564,0.381574,0.153740,-0.045758,0.018881,-0.223630,0.045080,0.614575,-0.358365,0.075139,0.062422,-0.062869,0.176893,0.581936,-0.112481,0.444307,0.727255,0.928231,0.459104,-0.045474,-0.310700,0.013627,0.187329,0.725416,-0.942385,0.160573,0.038200
-2.018236,0.319081,0.758135,0.045034,0.036055,-0.182224,0.981563,-0.628621,0.137555,0.204149,0.369707,0.118229,-0.076566,-0.073844,-0.191076,0.044550,0.654206,-0.466218,0.087771,0.069981,-0.046352,0.196017,0.630816,-0.100963,0.391773,0.704968,0.965394,0.398471,-0.046961,-0.358601,0.025991,0.220159,0.680192,-0.920917,0.111583,0.034200
-2.050082,0.319042,0.749082,0.038067,0.040279,-0.186025,0.980981,-0.677263,0.206127,0.260247,0.402307,0.063581,-0.078586,-0.151860,-0.159225,0.035887,0.708676,-0.554850,0.086157,0.074809,-0.028955,0.214184,0.643710,-0.074280,0.347987,0.703761,0.996762,0.354301,-0.085522,-0.373403,0.031301,0.225308,0.627624,-0.884855,0.071740,0.025469
-2.077965,0.319199,0.745619,0.033635,0.039203,-0.183335,0.981692,-0.705042,0.268594,0.335256,0.503562,0.043255,-0.107497,-0.213028,-0.136324,0.027822,0.768471,-0.587284,0.079170,0.080786,-0.013288,0.229883,0.630395,-0.041326,0.286696,0.696400,1.051858,0.329682,-0.158145,-0.352619,0.029575,0.205097,0.583729,-0.858692,0.072180,-0.009303
-2.102363,0.319510,0.747596,0.031840,0.035390,-0.183373,0.981890,-0.712001,0.300303,0.348004,0.648322,0.012546,-0.097583,-0.252156,-0.120830,0.023583,0.795071,-0.568874,0.066890,0.088897,-0.004799,0.237928,0.629405,-0.014770,0.215996,0.649219,1.121514,0.305072,-0.188507,-0.310110,0.018172,0.191505,0.558677,-0.872755,0.104828,-0.057106
-2.123682,0.319927,0.755738,0.030730,0.031172,-0.180548,0.982592,-0.693781,0.287228,0.309502,0.778043,-0.014645,-0.095144,-0.253166,-0.108583,0.015472,0.752962,-0.518154,0.051952,0.095482,-0.001959,0.236211,0.636632,0.006938,0.135030,0.578793,1.200558,0.272942,-0.165242,-0.246217,-0.005392,0.188273,0.558787,-0.925189,0.146659,-0.092288
-2.143093,0.320569,0.768056,0.031789,0.030645,-0.173574,0.983830,-0.653655,0.247044,0.268212,0.864406,-0.035819,-0.091607,-0.240278,-0.103285,0.001630,0.669268,-0.435681,0.035978,0.098246,-0.002084,0.226115,0.647488,0.019860,0.064604,0.497806,1.270439,0.229343,-0.113855,-0.169024,-0.024139,0.169413,0.582107,-0.961441,0.184745,-0.111425
-2.161384,0.321529,0.781829,0.035678,0.032455,-0.163230,0.985408,-0.593065,0.196359,0.243456,0.904113,-0.039969,-0.079187,-0.227468,-0.108318,-0.017674,0.575308,-0.325445,0.023132,0.097208,-0.004238,0.211347,0.649304,0.009858,0.035291,0.427291,1.299264,0.204595,-0.077478,-0.088013,-0.035648,0.125153,0.611155,-0.955421,0.223342,-0.109363
-2.179119,0.322357,0.793518,0.040356,0.035056,-0.150212,0.987208,-0.528192,0.141155,0.217161,0.920307,-0.025051,-0.085786,-0.227985,-0.118021,-0.039210,0.509818,-0.222693,0.017750,0.094421,-0.007445,0.195787,0.637866,-0.024336,0.047465,0.362942,1.267889,0.210124,-0.062868,-0.011358,-0.047044,0.077581,0.639663,-0.932059,0.257207,-0.107996
-2.196372,0.322167,0.803382,0.042675,0.038438,-0.136717,0.988944,-0.477309,0.077872,0.165177,0.940638,-0.002594,-0.100170,-0.258380,-0.119783,-0.046750,0.517100,-0.164783,0.020533,0.088877,-0.010121,0.181926,0.604956,-0.064222,0.077147,0.302358,1.203476,0.234146,-0.045673,0.055650,-0.059790,0.042882,0.661360,-0.909832,0.272785,-0.121250
-2.213789,0.321382,0.805989,0.043186,0.040387,-0.121352,0.990847,-0.434779,0.006868,0.094147,0.966464,-0.012873,-0.112361,-0.320051,-0.104560,-0.010914,0.629661,-0.167290,0.030973,0.077717,-0.011207,0.169852,0.548962,-0.094886,0.108622,0.254383,1.124723,0.250996,-0.007247,0.116486,-0.079350,0.020890,0.667545,-0.893954,0.279384,-0.133494
-2.230636,0.319839,0.799237,0.043989,0.038880,-0.100665,0.993187,-0.388639,-0.058296,0.026080,0.989473,-0.035216,-0.111885,-0.389201,-0.060707,0.072999,0.820816,-0.216421,0.041413,0.062230,-0.011899,0.160751,0.493324,-0.099823,0.123338,0.218964,1.064144,0.245986,0.031764,0.184026,-0.090866,0.000596,0.661765,-0.858908,0.280729,-0.141629
-2.247072,0.317602,0.784588,0.040457,0.035386,-0.073400,0.995853,-0.336319,-0.085098,-0.020574,0.987713,-0.049855,-0.099121,-0.440640,-0.025380,0.118257,1.010811,-0.213359,0.042119,0.048370,-0.013420,0.155527,0.420034,-0.076371,0.114762,0.185779,1.025803,0.224694,0.060230,0.251914,-0.080768,-0.021704,0.642695,-0.808826,0.284775,-0.146196
-2.262991,0.314762,0.761193,0.040925,0.029941,-0.042483,0.997810,-0.289591,-0.093101,-0.048966,0.932178,-0.217470,-0.019766,-0.463263,-0.014805,0.134250,1.121186,-0.248857,0.006105,0.037088,-0.016466,0.153582,0.337102,-0.043494,0.077063,0.145764,1.011813,0.178830,0.087171,0.320326,-0.075835,-0.047608,0.613810,-0.740203,0.284015,-0.138950
-2.278838,0.311155,0.741962,0.046374,0.022734,-0.009605,0.998619,-0.279909,-0.110019,-0.079718,0.930564,-0.430295,-0.015680,-0.463889,-0.033950,0.120946,1.165215,-0.379978,-0.012397,0.026514,-0.025181,0.153713,0.248675,-0.004606,0.018211,0.105819,1.035920,0.134806,0.113039,0.381405,-0.077674,-0.064900,0.587488,-0.698925,0.284186,-0.141452
-2.294849,0.306967,0.725145,0.052671,0.018488,0.028302,0.998040,-0.316164,-0.145406,-0.129082,0.963660,-0.519178,-0.029877,-0.466451,-0.087985,0.063324,1.191672,-0.509945,-0.018886,0.014704,-0.040941,0.156563,0.175071,0.019386,-0.049139,0.055017,1.092890,0.088559,0.137889,0.438063,-0.077711,-0.070504,0.561771,-0.726615,0.293641,-0.181083
-2.309210,0.301237,0.727075,0.051405,0.021763,0.057972,0.996756,-0.351203,-0.158022,-0.174265,0.961473,-0.497052,-0.042314,-0.467698,-0.110210,0.013470,1.151439,-0.523687,-0.027561,0.000957,-0.056465,0.157818,0.158459,0.018096,-0.088175,-0.013723,1.145836,0.052265,0.161479,0.478435,-0.049298,-0.070288,0.540961,-0.767652,0.287011,-0.224140
-2.322843,0.295001,0.746912,0.049499,0.030759,0.066401,0.996090,-0.345068,-0.150523,-0.204392,0.848548,-0.372722,-0.055575,-0.445635,-0.110794,-0.015047,1.009640,-0.442327,-0.033275,-0.010067,-0.067194,0.153133,0.205899,-0.015514,-0.098237,-0.085652,1.143342,0.012825,0.193379,0.486505,-0.023695,-0.059881,0.531980,-0.787103,0.264404,-0.222884
-2.335708,0.289217,0.780448,0.042604,0.043570,0.067493,0.995857,-0.312847,-0.122168,-0.231850,0.666770,-0.172430,-0.068684,-0.397115,-0.100719,-0.045759,0.791932,-0.279140,-0.030008,-0.014401,-0.071475,0.141888,0.279673,-0.052052,-0.103451,-0.130118,1.101577,-0.026121,0.204370,0.474999,-0.014714,-0.032591,0.526524,-0.824741,0.238133,-0.209840
-2.347948,0.283740,0.809025,0.032033,0.056474,0.066740,0.995656,-0.282781,-0.078713,-0.240253,0.477318,0.054315,-0.108179,-0.344539,-0.076288,-0.059535,0.568411,-0.084851,0.048976,-0.011583,-0.067462,0.125688,0.352631,-0.075059,-0.108871,-0.149756,1.049037,-0.054446,0.196082,0.464059,-0.015358,-0.004366,0.499125,-0.871986,0.191378,-0.198494
-2.360777,0.277572,0.833686,0.023353,0.068213,0.061766,0.995483,-0.269498,-0.020035,-0.164958,0.346637,0.215429,-0.197283,-0.304747,-0.064563,-0.070791,0.414759,-0.003917,0.137706,-0.007197,-0.058219,0.108322,0.414618,-0.081092,-0.116767,-0.164850,1.008649,-0.065776,0.175435,0.449734,-0.026211,0.011680,0.440936,-0.888224,0.136707,-0.165544
-2.373094,0.271734,0.848527,0.017076,0.074791,0.050991,0.995748,-0.283367,0.021632,-0.074476,0.346154,0.247162,-0.216862,-0.292525,-0.073331,-0.094483,0.384695,-0.012549,0.132367,0.000207,-0.048094,0.096673,0.465655,-0.067330,-0.128950,-0.192979,1.005334,-0.070097,0.157779,0.432538,-0.049955,0.022463,0.350483,-0.867506,0.088683,-0.112734
-2.384754,0.266006,0.856266,0.011728,0.073496,0.037164,0.996534,-0.303457,0.012912,-0.093113,0.433852,0.201362,-0.219880,-0.286220,-0.097994,-0.144830,0.430713,-0.039942,0.085171,0.012542,-0.041939,0.091907,0.511052,-0.030899,-0.147143,-0.237785,1.025642,-0.075139,0.155078,0.412412,-0.080287,0.035284,0.246164,-0.822637,0.054244,-0.050653
-2.395421,0.260333,0.858046,0.008706,0.066030,0.025923,0.997443,-0.303788,-0.047626,-0.193943,0.536893,0.151505,-0.234420,-0.267030,-0.133737,-0.199672,0.496113,-0.056926,0.055615,0.023020,-0.038842,0.090735,0.546678,0.016066,-0.174301,-0.286827,1.050255,-0.086161,0.155264,0.390120,-0.124225,0.048694,0.134378,-0.766443,0.037713,-0.003889
-2.405224,0.254726,0.854379,0.007313,0.056700,0.017608,0.998209,-0.279854,-0.130274,-0.305308,0.620308,0.119872,-0.246804,-0.242819,-0.167754,-0.229395,0.560564,-0.051132,0.037602,0.026353,-0.038088,0.090747,0.575720,0.070951,-0.194827,-0.347655,1.091127,-0.093441,0.155614,0.369868,-0.182345,0.050203,0.019595,-0.734267,0.012464,0.025064
-2.414553,0.249047,0.845336,0.008344,0.046737,0.012357,0.998796,-0.236884,-0.203589,-0.393343,0.667585,0.106731,-0.247435,-0.220569,-0.187102,-0.211933,0.617904,-0.050055,0.027226,0.024346,-0.038865,0.090586,0.586054,0.122204,-0.204891,-0.412879,1.156824,-0.113620,0.176843,0.342432,-0.228465,0.036512,-0.105206,-0.761488,-0.013423,0.025089
-2.423997,0.243046,0.830507,0.010204,0.038818,0.007233,0.999168,-0.201112,-0.239578,-0.441161,0.687657,0.086136,-0.241302,-0.208021,-0.188163,-0.157154,0.669466,-0.068252,0.008048,0.020298,-0.039507,0.090051,0.587464,0.162651,-0.197305,-0.485650,1.236108,-0.135776,0.219906,0.305439,-0.255347,0.008530,-0.234928,-0.851237,-0.042427,-0.011563
-2.433804,0.236532,0.808552,0.011887,0.032257,0.002337,0.999406,-0.188620,-0.234126,-0.427743,0.706228,0.016440,-0.109194,-0.202605,-0.178461,-0.089933,0.720519,-0.085446,0.003715,0.016190,-0.037419,0.091446,0.572674,0.179769,-0.181728,-0.556026,1.266619,-0.146820,0.266388,0.261827,-0.264045,-0.042567,-0.389340,-0.959514,-0.065899,-0.071138
-2.444142,0.229191,0.783655,0.014839,0.025611,-0.001526,0.999561,-0.203400,-0.205561,-0.343472,0.771640,-0.199439,0.028723,-0.207592,-0.160843,-0.030791,0.771143,-0.243577,0.057733,0.010531,-0.035081,0.097019,0.540472,0.178379,-0.158281,-0.622932,1.246872,-0.146566,0.311247,0.212252,-0.260072,-0.104305,-0.566170,-1.043617,-0.087929,-0.136065
-2.455376,0.221219,0.760368,0.019901,0.015247,-0.002893,0.999682,-0.230981,-0.212983,-0.329178,0.871236,-0.371381,0.032786,-0.236592,-0.169209,-0.029457,0.877638,-0.418063,0.069624,0.014568,-0.037963,0.110456,0.476421,0.166433,-0.140815,-0.668245,1.154071,-0.148839,0.340264,0.167190,-0.241443,-0.170125,-0.738958,-1.061997,-0.091893,-0.198357
-2.466431,0.211698,0.743065,0.021423,0.011255,0.001065,0.999707,-0.273175,-0.209351,-0.326212,0.940342,-0.438269,0.011498,-0.291578,-0.168620,-0.041596,0.987839,-0.477816,0.048048,0.020706,-0.048029,0.124479,0.387634,0.135167,-0.112487,-0.673210,1.023142,-0.149978,0.360182,0.149383,-0.192749,-0.230692,-0.875712,-1.025775,-0.087102,-0.264499
-2.475272,0.200136,0.746317,0.022005,0.010348,0.000166,0.999704,-0.273995,-0.185353,-0.333997,0.913244,-0.415120,-0.016146,-0.320566,-0.155308,-0.052967,1.014432,-0.436123,0.029183,0.025088,-0.065124,0.132626,0.342458,0.071052,-0.055165,-0.639944,0.979776,-0.117580,0.361852,0.167967,-0.120652,-0.251377,-0.938327,-0.929638,-0.079774,-0.301740
-2.482618,0.186804,0.768511,0.018819,0.013940,-0.004573,0.999715,-0.239056,-0.139042,-0.356239,0.793855,-0.310395,-0.045118,-0.317772,-0.126834,-0.069963,0.944306,-0.313546,0.021296,0.025396,-0.084086,0.131283,0.331375,-0.004887,-0.013035,-0.592637,0.999603,-0.076025,0.322428,0.203445,-0.048822,-0.242878,-0.924898,-0.818147,-0.077734,-0.306492
-2.489459,0.172823,0.793452,0.011292,0.019923,-0.006467,0.999717,-0.200342,-0.086588,-0.389810,0.640016,-0.132766,-0.071254,-0.297100,-0.085611,-0.080929,0.823899,-0.152587,0.074762,0.027658,-0.095200,0.122681,0.331511,-0.070509,-0.003745,-0.538167,1.026222,-0.040493,0.269162,0.265355,0.009763,-0.221710,-0.866302,-0.716844,-0.064327,-0.295320
-2.495915,0.158824,0.818443,-0.000745,0.030119,-0.007392,0.999519,-0.181365,-0.026281,-0.410855,0.505539,0.053682,-0.111538,-0.279052,-0.035257,-0.058548,0.698482,-0.012834,0.209664,0.033552,-0.096293,0.112963,0.319473,-0.116418,-0.025573,-0.489760,1.089822,-0.005092,0.230001,0.319401,0.050017,-0.183324,-0.792791,-0.678925,-0.034076,-0.271839
-2.502822,0.145126,0.837203,-0.008821,0.040878,-0.011967,0.999054,-0.192766,0.041006,-0.340448,0.431459,0.172670,-0.170508,-0.273878,-0.019976,-0.033855,0.611505,0.038470,0.243143,0.038748,-0.090585,0.106058,0.319074,-0.144312,-0.068611,-0.459955,1.153310,0.018623,0.203492,0.362406,0.049804,-0.123147,-0.717183,-0.671392,-0.014497,-0.250955
-2.509656,0.132333,0.847145,-0.013400,0.047201,-0.019751,0.998600,-0.220715,0.100001,-0.217203,0.436093,0.218234,-0.183317,-0.280446,-0.058955,-0.050925,0.582169,0.006367,0.223808,0.043129,-0.082379,0.103174,0.324444,-0.153482,-0.129337,-0.439552,1.184747,0.033100,0.179081,0.385186,0.022055,-0.043550,-0.641028,-0.655994,-0.002604,-0.229929
-2.516160,0.120374,0.850126,-0.016840,0.047464,-0.029198,0.998304,-0.241486,0.107898,-0.175465,0.494987,0.184063,-0.191375,-0.284811,-0.123315,-0.094592,0.586448,-0.018091,0.163736,0.049125,-0.074646,0.103389,0.319154,-0.139948,-0.193687,-0.415027,1.167969,0.032360,0.154265,0.398673,-0.020978,0.030945,-0.584138,-0.635949,0.021046,-0.200520
-2.522039,0.108888,0.846992,-0.016774,0.043320,-0.035884,0.998276,-0.246322,0.051692,-0.228993,0.568237,0.123887,-0.213520,-0.281016,-0.189059,-0.122586,0.596379,-0.017519,0.085323,0.052205,-0.067311,0.106400,0.308199,-0.104281,-0.262932,-0.392803,1.121850,0.022150,0.114762,0.403577,-0.065994,0.087707,-0.516097,-0.651620,0.031092,-0.190566
-2.527379,0.097596,0.837967,-0.015078,0.037654,-0.038772,0.998425,-0.233916,-0.033807,-0.308964,0.628618,0.055309,-0.242388,-0.276879,-0.242295,-0.122530,0.612343,-0.008288,0.047674,0.049052,-0.060408,0.111312,0.282008,-0.049176,-0.326190,-0.372317,1.089337,0.005000,0.074513,0.407279,-0.102430,0.119359,-0.442688,-0.750941,0.036486,-0.182595
-2.532397,0.086182,0.822738,-0.011941,0.030873,-0.036981,0.998768,-0.224025,-0.084467,-0.297172,0.677212,0.034084,-0.240201,-0.276438,-0.287761,-0.095910,0.639558,-0.004519,0.031743,0.036536,-0.052728,0.118731,0.244034,0.012964,-0.379668,-0.360879,1.083766,-0.025764,0.041041,0.411029,-0.108173,0.130573,-0.375738,-0.888674,0.046739,-0.175692
-2.537175,0.073985,0.799713,-0.008434,0.023375,-0.035943,0.999045,-0.233496,-0.039921,-0.184821,0.732640,-0.086996,-0.092861,-0.274683,-0.332469,-0.074021,0.673278,0.012170,0.003524,0.022051,-0.044441,0.127633,0.202348,0.080516,-0.411709,-0.368007,1.124434,-0.073351,0.044228,0.425309,-0.069504,0.124825,-0.319236,-0.947670,0.061715,-0.157796
-2.542166,0.060406,0.770781,-0.003035,0.014706,-0.039813,0.999094,-0.228500,0.001144,-0.112472,0.793078,-0.326217,-0.048387,-0.283996,-0.331373,-0.004690,0.734640,-0.082407,0.167096,0.012343,-0.038900,0.137845,0.171303,0.130528,-0.443570,-0.383051,1.149875,-0.108197,0.080532,0.440758,-0.004648,0.084965,-0.276892,-0.887789,0.080285,-0.163445
-2.546927,0.046450,0.742699,-0.000042,0.004615,-0.050174,0.998730,-0.223327,0.030449,-0.095022,0.852091,-0.544731,-0.073501,-0.337001,-0.327677,0.033137,0.877810,-0.222770,0.243267,0.012381,-0.039487,0.154727,0.152480,0.158490,-0.478126,-0.388706,1.109577,-0.135578,0.117342,0.457583,0.044103,0.013156,-0.220038,-0.793155,0.091526,-0.199474
-2.550543,0.030439,0.723353,0.002000,-0.004523,-0.065362,0.997849,-0.246207,0.070882,-0.072705,0.957160,-0.626997,-0.109253,-0.446355,-0.309750,0.065525,1.089239,-0.242488,0.245490,0.015642,-0.046964,0.179419,0.138743,0.184202,-0.498517,-0.397066,1.093471,-0.154639,0.150527,0.472830,0.062297,-0.067008,-0.129592,-0.729853,0.135655,-0.218945
-2.552413,0.012115,0.711769,0.000859,-0.013441,-0.090707,0.995787,-0.234903,0.128200,-0.041675,1.004192,-0.670738,-0.149230,-0.564618,-0.257902,0.083801,1.278818,-0.144118,0.247592,0.027489,-0.053407,0.202556,0.133636,0.209803,-0.505020,-0.416390,1.122135,-0.166932,0.192738,0.497723,0.051766,-0.114907,-0.030343,-0.678092,0.168308,-0.207790
-2.551299,-0.007691,0.708651,0.001378,-0.023166,-0.122572,0.992188,-0.178852,0.181289,-0.002262,0.979223,-0.680639,-0.186541,-0.659844,-0.208057,0.082800,1.404770,-0.057784,0.247738,0.045845,-0.054705,0.215267,0.140359,0.218786,-0.516809,-0.425612,1.133524,-0.178143,0.220947,0.544959,-0.021394,-0.136359,0.047116,-0.710494,0.169131,-0.170984
-2.547938,-0.029824,0.711140,0.000438,-0.030370,-0.145554,0.988884,-0.103077,0.229841,0.031898,0.904440,-0.655856,-0.220484,-0.718966,-0.229815,0.089690,1.441313,-0.067824,0.247749,0.056865,-0.051449,0.215823,0.141013,0.221845,-0.530921,-0.417961,1.147965,-0.190332,0.229389,0.610441,-0.116058,-0.170120,0.077572,-0.837479,0.120164,-0.129786
