-0.493728,-0.436243,0.794972,0.042604,0.041314,0.522062,-0.850840,0.168788,-0.434723,-1.165002,0.339873,-0.199588,-0.247745,0.415272,0.179034,0.032464,0.637991,0.403413,0.247719,0.485537,0.001151,-0.109403,-0.788108,1.171862,0.231461,-1.032624,0.566606,-0.024028,0.985582,-1.485642,0.243721,0.696376,-0.635917,-1.459148,-0.485656,-0.639105
-0.498482,-0.440715,0.796140,0.029791,0.029600,0.495982,-0.867316,0.153495,-0.431676,-1.191544,0.317231,-0.202143,-0.247745,0.409256,0.223883,0.065581,0.586997,0.411768,0.247722,0.486726,-0.033484,-0.116046,-0.787351,1.253350,0.298398,-1.032795,0.598749,-0.070684,0.985575,-1.485643,0.211476,0.770919,-0.699207,-1.453531,-0.485667,-0.705540
-0.501613,-0.443955,0.795873,0.017515,0.021180,0.475712,-0.879172,0.141337,-0.444449,-1.216943,0.313938,-0.208380,-0.247744,0.405082,0.257992,0.111317,0.549560,0.418348,0.247725,0.485022,-0.059789,-0.120091,-0.792265,1.331076,0.361293,-1.032801,0.611886,-0.087988,0.985567,-1.485643,0.188884,0.780669,-0.731950,-1.503873,-0.485664,-0.776453
-0.503461,-0.446013,0.794693,0.005777,0.017087,0.462844,-0.886256,0.131673,-0.466937,-1.233640,0.322136,-0.212599,-0.247744,0.400473,0.279032,0.168357,0.529404,0.423388,0.247726,0.481661,-0.078470,-0.121626,-0.778220,1.400907,0.409188,-1.032793,0.596049,-0.085604,0.985558,-1.485642,0.183826,0.760357,-0.734670,-1.578383,-0.485656,-0.851580
-0.504507,-0.446994,0.793269,-0.004182,0.016369,0.457725,-0.888933,0.123418,-0.487468,-1.238253,0.328768,-0.210777,-0.247744,0.393623,0.282054,0.199711,0.522018,0.434968,0.247728,0.478874,-0.089086,-0.121749,-0.758883,1.447287,0.450566,-1.032790,0.559699,-0.087016,0.985570,-1.485641,0.190665,0.761816,-0.714186,-1.591859,-0.485653,-0.896062
-0.505096,-0.447076,0.792076,-0.011697,0.017203,0.457075,-0.889185,0.116528,-0.499633,-1.236233,0.327599,-0.204627,-0.247745,0.390779,0.276474,0.221174,0.516640,0.440354,0.247729,0.474872,-0.093643,-0.122007,-0.718839,1.482382,0.491739,-1.032782,0.537190,-0.073955,0.985561,-1.485640,0.200272,0.757299,-0.692851,-1.568611,-0.485650,-0.899282
-0.505515,-0.446492,0.791170,-0.018049,0.018494,0.458591,-0.888272,0.108710,-0.507213,-1.230092,0.323733,-0.197338,-0.247748,0.392545,0.269702,0.243323,0.511269,0.438273,0.247735,0.468903,-0.093526,-0.122885,-0.682729,1.500944,0.534375,-1.032818,0.522697,-0.063823,0.985611,-1.485649,0.205397,0.748920,-0.684145,-1.558290,-0.485680,-0.900113
-0.505816,-0.445386,0.790646,-0.021363,0.018976,0.461486,-0.886687,0.100820,-0.508967,-1.221774,0.318166,-0.191016,-0.247748,0.394491,0.267180,0.266994,0.509234,0.436051,0.247736,0.462125,-0.087775,-0.125762,-0.655236,1.505639,0.571808,-1.032819,0.502543,-0.061263,0.985616,-1.485649,0.210025,0.740694,-0.676244,-1.557662,-0.485681,-0.906354
-0.506257,-0.444036,0.790366,-0.022701,0.019252,0.464766,-0.884933,0.093128,-0.509130,-1.212836,0.315172,-0.186624,-0.247748,0.393891,0.264879,0.281639,0.510679,0.433919,0.247737,0.455712,-0.079191,-0.129026,-0.630067,1.504654,0.601409,-1.032818,0.479711,-0.055461,0.985617,-1.485649,0.216798,0.730744,-0.664187,-1.548720,-0.485680,-0.904682
-0.507026,-0.442720,0.790226,-0.023169,0.019864,0.467675,-0.883374,0.088008,-0.508931,-1.206868,0.313376,-0.185084,-0.247748,0.390528,0.262284,0.285010,0.513990,0.438668,0.247737,0.450144,-0.071007,-0.130906,-0.611096,1.507630,0.625226,-1.032817,0.460422,-0.047524,0.985617,-1.485649,0.223230,0.719124,-0.656531,-1.531194,-0.485680,-0.899072
-0.508141,-0.441481,0.790186,-0.023088,0.020957,0.468863,-0.882720,0.085600,-0.508514,-1.204094,0.311854,-0.182268,-0.247748,0.389700,0.261825,0.288784,0.514525,0.439480,0.247738,0.444676,-0.064929,-0.131340,-0.601268,1.514156,0.640613,-1.032816,0.442282,-0.038666,0.985617,-1.485649,0.227592,0.704943,-0.654257,-1.514221,-0.485679,-0.887368
-0.509498,-0.440274,0.790215,-0.022779,0.022137,0.468461,-0.882913,0.084295,-0.508259,-1.203615,0.311309,-0.178487,-0.247748,0.389227,0.263161,0.292149,0.516261,0.436932,0.247738,0.439465,-0.059955,-0.130947,-0.606869,1.520109,0.648950,-1.032816,0.422571,-0.036935,0.985619,-1.485649,0.226625,0.698269,-0.658503,-1.509999,-0.485680,-0.877674
-0.510975,-0.439063,0.790311,-0.022103,0.023367,0.467374,-0.883474,0.083436,-0.507996,-1.202982,0.312016,-0.174463,-0.247748,0.388843,0.264187,0.289546,0.517283,0.435576,0.247739,0.434826,-0.055416,-0.130469,-0.624557,1.523993,0.652123,-1.032817,0.403898,-0.043291,0.985621,-1.485649,0.225799,0.696900,-0.664064,-1.508975,-0.485680,-0.872053
-0.512507,-0.437742,0.790493,-0.021408,0.024722,0.466357,-0.883992,0.082182,-0.507801,-1.200777,0.312815,-0.169570,-0.247748,0.388531,0.264113,0.283885,0.517335,0.434247,0.247739,0.431259,-0.051327,-0.130278,-0.637015,1.531673,0.651363,-1.032815,0.398286,-0.042403,0.985620,-1.485649,0.224469,0.696520,-0.669362,-1.509433,-0.485680,-0.871445
-0.514058,-0.436153,0.790844,-0.020789,0.026160,0.465175,-0.884588,0.077477,-0.507639,-1.191322,0.314044,-0.161479,-0.247748,0.389102,0.264216,0.281067,0.516271,0.430306,0.247739,0.427973,-0.047256,-0.130495,-0.644121,1.538819,0.647671,-1.032814,0.396631,-0.040567,0.985619,-1.485649,0.221927,0.697015,-0.672538,-1.505862,-0.485681,-0.871919
-0.515767,-0.434019,0.791588,-0.020399,0.027676,0.464063,-0.885135,0.063726,-0.507885,-1.171131,0.319435,-0.146961,-0.247748,0.389143,0.262980,0.275626,0.515589,0.424704,0.247740,0.424372,-0.041827,-0.131035,-0.646139,1.543732,0.644663,-1.032814,0.399561,-0.038317,0.985619,-1.485649,0.219205,0.697852,-0.673975,-1.500966,-0.485681,-0.872751
-0.517509,-0.431284,0.793364,-0.020095,0.029233,0.463899,-0.885178,0.042674,-0.507856,-1.138039,0.327247,-0.128199,-0.247744,0.388747,0.256960,0.263501,0.513998,0.415663,0.247740,0.419951,-0.034981,-0.132242,-0.640890,1.550486,0.643472,-1.032812,0.408664,-0.034303,0.985617,-1.485649,0.216033,0.696845,-0.675857,-1.499179,-0.485680,-0.876380
-0.518984,-0.428249,0.798243,-0.020552,0.030608,0.465434,-0.884315,0.015623,-0.507341,-1.102414,0.332679,-0.104063,-0.247678,0.389551,0.249458,0.256590,0.510189,0.403724,0.247740,0.414534,-0.027553,-0.134291,-0.634136,1.557918,0.645140,-1.032810,0.417423,-0.028853,0.985614,-1.485649,0.212377,0.695359,-0.678628,-1.502418,-0.485679,-0.882693
-0.520387,-0.424558,0.796918,-0.020805,0.031069,0.469128,-0.882338,-0.016157,-0.502486,-1.064029,0.335776,-0.075700,-0.246186,0.391543,0.238075,0.248218,0.503556,0.385427,0.247736,0.408639,-0.018086,-0.137738,-0.625842,1.567265,0.649229,-1.032759,0.425082,-0.022831,0.985562,-1.485640,0.210163,0.691927,-0.681174,-1.505908,-0.485647,-0.889043
-0.521738,-0.420262,0.789028,-0.021111,0.030619,0.475435,-0.878964,-0.045169,-0.497118,-1.009889,0.346339,-0.043587,-0.211554,0.392865,0.224279,0.240440,0.496849,0.363753,0.247739,0.402493,-0.006909,-0.141978,-0.622955,1.576021,0.655138,-1.032755,0.427782,-0.016833,0.985561,-1.485639,0.209941,0.689497,-0.684030,-1.510927,-0.485646,-0.896131
-0.522948,-0.415494,0.784123,-0.021031,0.029269,0.485953,-0.873241,-0.065971,-0.496809,-0.948174,0.354501,-0.025207,-0.125732,0.396689,0.208187,0.239561,0.488460,0.333555,0.247740,0.397488,0.005096,-0.146698,-0.631389,1.583437,0.658919,-1.032757,0.421920,-0.019419,0.985566,-1.485639,0.212476,0.683789,-0.685855,-1.514682,-0.485645,-0.902348
-0.523860,-0.410257,0.782124,-0.021433,0.027966,0.500210,-0.865187,-0.089260,-0.492234,-0.887162,0.360084,-0.018775,-0.066555,0.402165,0.184466,0.243757,0.478926,0.293309,0.247740,0.392064,0.016953,-0.150117,-0.646019,1.588595,0.656038,-1.032751,0.413413,-0.016879,0.985567,-1.485639,0.217048,0.672666,-0.684808,-1.511876,-0.485643,-0.901648
-0.525011,-0.404207,0.780581,-0.022962,0.026386,0.517726,-0.854831,-0.114304,-0.484140,-0.834914,0.360567,-0.020402,-0.037656,0.406602,0.154208,0.253237,0.470838,0.242792,0.247736,0.385453,0.026554,-0.151073,-0.662589,1.591058,0.640736,-1.032741,0.405795,-0.010575,0.985561,-1.485638,0.224080,0.650988,-0.680183,-1.498166,-0.485638,-0.892162
-0.526224,-0.397345,0.778843,-0.025974,0.025198,0.538469,-0.841868,-0.144845,-0.475946,-0.782886,0.365118,-0.026336,-0.025801,0.406163,0.113630,0.256904,0.465878,0.186742,0.247701,0.376990,0.034552,-0.148981,-0.692429,1.581591,0.613797,-1.032801,0.396526,-0.008666,0.985615,-1.485648,0.232920,0.626073,-0.672316,-1.483330,-0.485671,-0.878781
-0.527167,-0.389683,0.776881,-0.030723,0.024916,0.562454,-0.825882,-0.180382,-0.466073,-0.720395,0.370415,-0.032952,-0.021348,0.398520,0.060195,0.236698,0.464364,0.136211,0.246752,0.367211,0.041287,-0.143853,-0.725940,1.560690,0.572947,-1.032798,0.397270,-0.007151,0.985616,-1.485648,0.238072,0.603416,-0.659245,-1.462942,-0.485669,-0.856675
-0.527735,-0.381240,0.775161,-0.035412,0.024522,0.590584,-0.805826,-0.217943,-0.448662,-0.649805,0.372957,-0.037750,-0.019804,0.385789,0.002872,0.181676,0.462830,0.094930,0.224721,0.357264,0.048546,-0.136913,-0.741938,1.539128,0.512631,-1.032776,0.409068,0.006982,0.985606,-1.485647,0.240948,0.570074,-0.639007,-1.438496,-0.485662,-0.833560
-0.527970,-0.372102,0.774038,-0.039433,0.023192,0.621917,-0.781746,-0.255607,-0.421277,-0.574818,0.371587,-0.039079,-0.020683,0.366459,-0.048987,0.119111,0.463247,0.063660,0.179439,0.345968,0.057342,-0.127695,-0.746079,1.521409,0.441216,-1.032705,0.425087,0.025470,0.985592,-1.485645,0.240936,0.524462,-0.609276,-1.404054,-0.485645,-0.798620
-0.527971,-0.362463,0.773480,-0.041902,0.021655,0.654879,-0.754260,-0.291511,-0.385591,-0.498315,0.372157,-0.038588,-0.023166,0.344340,-0.100754,0.053869,0.463117,0.030970,0.156737,0.332802,0.067459,-0.115955,-0.738938,1.506566,0.362590,-1.032063,0.441596,0.052573,0.985560,-1.485643,0.235447,0.487869,-0.564899,-1.314051,-0.485621,-0.747701
-0.527689,-0.352447,0.773379,-0.043368,0.020456,0.688338,-0.723804,-0.324988,-0.344574,-0.422740,0.375987,-0.034555,-0.027339,0.320021,-0.149512,-0.005856,0.461161,0.002631,0.153282,0.317055,0.078694,-0.101574,-0.734999,1.486052,0.274327,-1.024822,0.438176,0.076821,0.985532,-1.485639,0.231353,0.438567,-0.506547,-1.207709,-0.485470,-0.693692
-0.527118,-0.342232,0.773556,-0.043615,0.018844,0.721300,-0.690991,-0.354473,-0.297738,-0.351590,0.381707,-0.030415,-0.034062,0.295335,-0.188064,-0.040295,0.452560,-0.028255,0.160839,0.298564,0.089134,-0.084483,-0.740389,1.469180,0.174046,-0.989186,0.411763,0.080806,0.985410,-1.485630,0.229065,0.369046,-0.428609,-1.118922,-0.483205,-0.644115
-0.526215,-0.332036,0.773617,-0.042554,0.017422,0.753093,-0.656305,-0.375397,-0.245267,-0.283266,0.382908,-0.024117,-0.042019,0.267540,-0.214405,-0.049118,0.440997,-0.051816,0.155189,0.277410,0.097573,-0.066000,-0.757701,1.445157,0.062689,-0.928919,0.358458,0.077738,0.983702,-1.485568,0.223154,0.310493,-0.335285,-1.045264,-0.462080,-0.592077
-0.525394,-0.322451,0.775171,-0.040711,0.015469,0.782971,-0.620532,-0.388803,-0.188214,-0.216875,0.381407,-0.018406,-0.050973,0.237962,-0.233871,-0.049561,0.429973,-0.070811,0.144696,0.255096,0.104064,-0.046784,-0.782950,1.407187,-0.053149,-0.855628,0.287346,0.085243,0.973572,-1.485341,0.223186,0.271096,-0.222332,-0.948924,-0.429534,-0.543639
-0.524430,-0.313165,0.776875,-0.037692,0.013089,0.809904,-0.585204,-0.393781,-0.128786,-0.154367,0.376157,-0.016736,-0.061344,0.209207,-0.244822,-0.049107,0.419187,-0.086802,0.125967,0.232567,0.107502,-0.027548,-0.817418,1.346929,-0.167729,-0.776329,0.197394,0.088965,0.943725,-1.481985,0.228169,0.235958,-0.097581,-0.840712,-0.372432,-0.498615
-0.523251,-0.304321,0.778197,-0.033897,0.010825,0.834041,-0.550554,-0.391328,-0.070315,-0.095826,0.368343,-0.018404,-0.072668,0.183697,-0.252709,-0.055392,0.407472,-0.105910,0.110817,0.211721,0.108073,-0.009661,-0.838884,1.264367,-0.276601,-0.690055,0.105180,0.122275,0.910157,-1.455455,0.236417,0.212149,0.026266,-0.736124,-0.308618,-0.445201
-0.521981,-0.296093,0.779021,-0.029297,0.008537,0.855663,-0.516633,-0.382941,-0.013283,-0.040505,0.360510,-0.023257,-0.084787,0.161573,-0.258764,-0.073138,0.396133,-0.127772,0.101045,0.193455,0.106679,0.006909,-0.838645,1.177226,-0.378300,-0.608895,0.011791,0.168611,0.894304,-1.405611,0.252397,0.211316,0.163548,-0.649548,-0.247959,-0.419841
-0.520716,-0.288554,0.779451,-0.023393,0.005988,0.874237,-0.484899,-0.368619,0.041235,0.009475,0.352663,-0.032166,-0.097768,0.144622,-0.261117,-0.097934,0.384708,-0.147386,0.102901,0.178853,0.104822,0.021201,-0.811384,1.068398,-0.456644,-0.524911,-0.071607,0.228035,0.886731,-1.345925,0.270453,0.200024,0.294976,-0.554086,-0.177474,-0.375835
-0.519522,-0.281603,0.779459,-0.017485,0.003351,0.890314,-0.454998,-0.350097,0.091851,0.055168,0.342606,-0.044156,-0.111083,0.129465,-0.262351,-0.128963,0.376702,-0.167303,0.115422,0.168474,0.103134,0.033074,-0.758748,0.935732,-0.513651,-0.441048,-0.178830,0.276233,0.888482,-1.274490,0.290952,0.181693,0.417772,-0.454741,-0.087054,-0.334220
-0.518441,-0.275012,0.779041,-0.011789,0.000880,0.904001,-0.427366,-0.330572,0.137646,0.095311,0.332988,-0.057082,-0.124612,0.114556,-0.261470,-0.157305,0.374689,-0.189574,0.129732,0.160242,0.101355,0.044007,-0.696648,0.803528,-0.553242,-0.354861,-0.265987,0.320129,0.893757,-1.200789,0.303731,0.170911,0.532529,-0.382304,0.008280,-0.305359
-0.517418,-0.268835,0.778540,-0.006759,-0.001429,0.915133,-0.403093,-0.313956,0.178080,0.132064,0.327000,-0.063299,-0.135978,0.100218,-0.254584,-0.161356,0.374376,-0.208781,0.141109,0.151482,0.099099,0.055003,-0.628859,0.669928,-0.579150,-0.264065,-0.346991,0.350421,0.907925,-1.122514,0.308568,0.169044,0.634167,-0.334827,0.111498,-0.284207
-0.516493,-0.262969,0.777985,-0.002555,-0.003319,0.923994,-0.382384,-0.301628,0.213168,0.164340,0.325987,-0.064120,-0.145789,0.088039,-0.240813,-0.133168,0.370732,-0.225886,0.152309,0.141437,0.096221,0.065884,-0.561455,0.543966,-0.603665,-0.169539,-0.431441,0.370838,0.892471,-1.034500,0.304846,0.171286,0.711137,-0.309900,0.201019,-0.286576
-0.515660,-0.257358,0.777430,0.001399,-0.004901,0.931415,-0.363923,-0.289942,0.244614,0.193154,0.325856,-0.063289,-0.155874,0.077834,-0.223683,-0.089695,0.365807,-0.240511,0.162202,0.131640,0.093161,0.076046,-0.505246,0.440911,-0.635945,-0.072717,-0.484119,0.385462,0.870838,-0.941748,0.296783,0.178162,0.773266,-0.292965,0.278330,-0.281114
-0.514874,-0.251933,0.776943,0.005067,-0.006598,0.937789,-0.347105,-0.278414,0.273405,0.219152,0.324230,-0.060694,-0.165957,0.067441,-0.207086,-0.052413,0.364328,-0.251311,0.166830,0.121912,0.090166,0.085576,-0.458127,0.356762,-0.682606,0.019614,-0.516291,0.403267,0.852430,-0.844799,0.284009,0.183134,0.821223,-0.278810,0.329575,-0.272510
-0.514193,-0.246496,0.776351,0.008111,-0.008432,0.943189,-0.332050,-0.268792,0.300224,0.242287,0.322689,-0.057694,-0.176533,0.057944,-0.190630,-0.022239,0.363796,-0.262444,0.166226,0.111015,0.087475,0.094787,-0.410554,0.274758,-0.722924,0.111589,-0.567410,0.418769,0.808142,-0.749302,0.268395,0.178853,0.862688,-0.265508,0.388909,-0.270359
-0.513546,-0.240955,0.775589,0.010537,-0.010259,0.947987,-0.317968,-0.259789,0.325502,0.264128,0.319909,-0.054068,-0.187807,0.051172,-0.174682,0.002663,0.359197,-0.274780,0.163148,0.097883,0.084957,0.104040,-0.368721,0.198890,-0.750243,0.203303,-0.626593,0.430027,0.761286,-0.662684,0.250937,0.170857,0.894838,-0.257357,0.435615,-0.279383
-0.512762,-0.235116,0.774508,0.012300,-0.012181,0.952179,-0.305051,-0.252288,0.349525,0.284393,0.315911,-0.049485,-0.199828,0.045913,-0.159164,0.023568,0.350818,-0.290035,0.159314,0.083179,0.082011,0.113069,-0.342816,0.141067,-0.792762,0.290508,-0.666574,0.450392,0.716066,-0.585865,0.234006,0.160633,0.926642,-0.248580,0.472271,-0.281813
-0.511731,-0.228849,0.772863,0.013070,-0.014196,0.955942,-0.292920,-0.247548,0.372772,0.303527,0.311780,-0.044452,-0.212564,0.037759,-0.143632,0.044157,0.344047,-0.308623,0.155890,0.068101,0.078425,0.121707,-0.332211,0.099340,-0.852214,0.366780,-0.681960,0.463273,0.675825,-0.520479,0.214526,0.155442,0.963484,-0.244727,0.483418,-0.267197
-0.510567,-0.221994,0.769988,0.013013,-0.016258,0.959402,-0.281272,-0.245355,0.396574,0.322139,0.308273,-0.040049,-0.227028,0.026162,-0.126844,0.063967,0.338632,-0.328187,0.152199,0.053416,0.074796,0.130044,-0.330251,0.070812,-0.922413,0.430146,-0.689310,0.469726,0.622682,-0.463007,0.195244,0.145429,0.996648,-0.239082,0.485031,-0.257189
-0.509483,-0.215028,0.768681,0.012419,-0.018760,0.962658,-0.269786,-0.244145,0.420544,0.340643,0.305167,-0.035071,-0.240303,0.012285,-0.109238,0.083633,0.337961,-0.346050,0.147720,0.039340,0.071504,0.138355,-0.333741,0.056592,-0.986697,0.481471,-0.691561,0.471725,0.576032,-0.411645,0.182712,0.137356,1.005472,-0.226161,0.484735,-0.245544
-0.508242,-0.207838,0.768113,0.011889,-0.021946,0.965619,-0.258761,-0.242826,0.443875,0.360082,0.299420,-0.028378,-0.246791,-0.003624,-0.088736,0.103435,0.341418,-0.360081,0.142050,0.025818,0.068811,0.146905,-0.330092,0.056468,-1.039787,0.512740,-0.696698,0.467052,0.531845,-0.362143,0.179616,0.132426,0.998048,-0.208988,0.483886,-0.241009
-0.506938,-0.200442,0.769288,0.011746,-0.025802,0.968293,-0.248204,-0.239815,0.466772,0.382198,0.285298,-0.024922,-0.247617,-0.020366,-0.065295,0.123290,0.347429,-0.364882,0.135883,0.012611,0.067374,0.155727,-0.321854,0.052059,-1.078562,0.537487,-0.710477,0.466061,0.514556,-0.323027,0.178392,0.123898,0.999280,-0.193199,0.484219,-0.248289
-0.505749,-0.193098,0.769411,0.011950,-0.029718,0.970690,-0.238191,-0.232679,0.486470,0.399799,0.269073,-0.026689,-0.247681,-0.035365,-0.041343,0.141200,0.352676,-0.366173,0.129341,0.000850,0.067052,0.164727,-0.316480,0.039518,-1.105342,0.554846,-0.732291,0.470950,0.519925,-0.298160,0.174324,0.119106,1.007659,-0.180404,0.484389,-0.248972
-0.504562,-0.185880,0.769145,0.012024,-0.033414,0.972762,-0.229068,-0.225252,0.504048,0.411079,0.252562,-0.036166,-0.247688,-0.049968,-0.018158,0.156797,0.358533,-0.366198,0.123296,-0.008981,0.067522,0.173435,-0.315366,0.022820,-1.131087,0.574799,-0.752729,0.472785,0.528025,-0.284092,0.168823,0.121700,1.021774,-0.171887,0.484654,-0.238350
-0.503327,-0.179052,0.768666,0.011745,-0.036744,0.974575,-0.220717,-0.219455,0.520726,0.416315,0.239837,-0.055297,-0.247681,-0.064232,0.003146,0.170251,0.364379,-0.365693,0.118968,-0.016403,0.068654,0.181559,-0.316410,0.013817,-1.154184,0.590251,-0.771651,0.473581,0.532233,-0.272560,0.167535,0.120285,1.034827,-0.164012,0.484800,-0.233700
-0.501864,-0.172937,0.768104,0.010918,-0.039988,0.976148,-0.213114,-0.217715,0.536687,0.418595,0.233861,-0.081173,-0.247669,-0.078827,0.022280,0.181528,0.369747,-0.364480,0.116809,-0.021455,0.070274,0.188856,-0.322264,0.021341,-1.174403,0.593418,-0.783389,0.475557,0.528828,-0.263599,0.172728,0.119043,1.035054,-0.158718,0.484209,-0.238446
-0.500226,-0.167805,0.767625,0.009564,-0.043149,0.977625,-0.205660,-0.217663,0.549908,0.419276,0.229999,-0.110807,-0.247658,-0.092849,0.039069,0.191394,0.372889,-0.362084,0.115902,-0.024440,0.072180,0.195062,-0.328516,0.028648,-1.185858,0.590677,-0.788769,0.472865,0.531775,-0.262376,0.174433,0.120104,1.030155,-0.154076,0.483659,-0.236191
-0.498504,-0.163938,0.767328,0.007540,-0.046217,0.979095,-0.197939,-0.218721,0.559878,0.417372,0.227650,-0.137434,-0.247647,-0.106472,0.053283,0.201322,0.374017,-0.356917,0.116236,-0.025494,0.074539,0.199944,-0.331764,0.035666,-1.191074,0.584303,-0.788534,0.467040,0.534926,-0.265459,0.173590,0.121892,1.025039,-0.149744,0.483651,-0.232590
-0.496810,-0.161404,0.767189,0.005166,-0.048721,0.980602,-0.189785,-0.219941,0.567586,0.414792,0.227578,-0.159440,-0.247620,-0.118347,0.064598,0.212937,0.372669,-0.350461,0.117558,-0.025269,0.077301,0.203600,-0.331061,0.041536,-1.188395,0.578566,-0.784697,0.457833,0.537281,-0.269991,0.171512,0.127655,1.018040,-0.148785,0.483364,-0.229110
-0.495168,-0.160242,0.767150,0.002577,-0.050755,0.982157,-0.181065,-0.221263,0.573126,0.410811,0.229776,-0.175625,-0.247563,-0.129393,0.073790,0.226877,0.371174,-0.344141,0.119854,-0.024050,0.080085,0.206813,-0.329057,0.045412,-1.183656,0.576057,-0.773730,0.451589,0.545797,-0.274612,0.170247,0.138965,1.009954,-0.150967,0.482609,-0.222690
-0.493526,-0.160607,0.767228,-0.000347,-0.052421,0.983866,-0.171057,-0.224140,0.572769,0.397303,0.233886,-0.180800,-0.247494,-0.140653,0.080857,0.243386,0.370748,-0.339070,0.124918,-0.021320,0.082509,0.210288,-0.322643,0.048010,-1.169653,0.574485,-0.764769,0.443860,0.560892,-0.281369,0.168695,0.147718,1.004546,-0.151185,0.481524,-0.216426
-0.491490,-0.162911,0.767619,-0.002693,-0.053832,0.985682,-0.159766,-0.234563,0.547759,0.342150,0.239655,-0.166882,-0.247677,-0.151865,0.085941,0.262363,0.374634,-0.337598,0.133479,-0.016925,0.083496,0.214706,-0.307572,0.054682,-1.152463,0.576746,-0.760112,0.425664,0.579080,-0.282460,0.176122,0.156170,0.996516,-0.152552,0.480409,-0.222300
-0.489263,-0.167051,0.768554,-0.005070,-0.053287,0.987623,-0.147427,-0.250845,0.478358,0.201686,0.252201,-0.150573,-0.247709,-0.161531,0.085741,0.284593,0.377945,-0.337262,0.144351,-0.012080,0.081650,0.219944,-0.294768,0.044198,-1.131089,0.585713,-0.761947,0.416801,0.603209,-0.280136,0.177126,0.165287,0.984336,-0.152529,0.477953,-0.221724
-0.487539,-0.171944,0.768999,-0.008299,-0.051102,0.989500,-0.134941,-0.262679,0.402112,0.018189,0.285489,-0.182727,-0.247707,-0.171814,0.081017,0.308711,0.380236,-0.335737,0.156360,-0.006532,0.078534,0.225412,-0.281780,0.036653,-1.109704,0.590860,-0.765138,0.411424,0.615057,-0.278086,0.176494,0.168086,0.973365,-0.148506,0.475525,-0.222736
-0.485562,-0.177659,0.768517,-0.011891,-0.049213,0.990947,-0.124337,-0.277470,0.357590,-0.091685,0.329187,-0.230025,-0.247697,-0.182560,0.074101,0.331137,0.381314,-0.333401,0.168756,-0.004312,0.076196,0.232031,-0.272583,0.028923,-1.091306,0.594894,-0.760417,0.408351,0.630267,-0.276813,0.177495,0.160775,0.963883,-0.140112,0.474050,-0.236614
-0.483192,-0.184732,0.767708,-0.015767,-0.047612,0.992490,-0.111571,-0.289089,0.325723,-0.156458,0.367788,-0.266805,-0.247679,-0.196141,0.066923,0.355995,0.384166,-0.330302,0.181132,-0.002010,0.073837,0.240055,-0.261369,0.019686,-1.067586,0.597977,-0.755087,0.401228,0.654689,-0.276232,0.180601,0.152782,0.957423,-0.131820,0.473321,-0.252051
-0.480524,-0.192794,0.766941,-0.020192,-0.046196,0.994040,-0.096660,-0.293908,0.314441,-0.163742,0.389259,-0.283121,-0.247622,-0.211046,0.060555,0.386331,0.383838,-0.322923,0.192685,0.000188,0.070693,0.248573,-0.248540,0.009127,-1.040661,0.599680,-0.753329,0.392220,0.672364,-0.277322,0.182754,0.149714,0.954282,-0.126216,0.473091,-0.258749
-0.477504,-0.201627,0.765812,-0.026406,-0.044614,0.995535,-0.078879,-0.296768,0.313191,-0.132484,0.400131,-0.278262,-0.247451,-0.229841,0.054154,0.420939,0.379000,-0.310272,0.206714,0.002533,0.065565,0.257053,-0.240527,-0.004129,-1.017436,0.603644,-0.747488,0.391435,0.687151,-0.282254,0.183527,0.149492,0.954788,-0.126609,0.474141,-0.269159
-0.474181,-0.210355,0.766197,-0.033699,-0.042301,0.996732,-0.060004,-0.302386,0.314809,-0.090327,0.406603,-0.272787,-0.246019,-0.251887,0.047213,0.454283,0.372621,-0.291155,0.219792,0.006020,0.057891,0.265395,-0.239104,-0.021086,-0.997102,0.612860,-0.738078,0.392883,0.702384,-0.290355,0.185845,0.143804,0.955500,-0.129111,0.474842,-0.293799
-0.470777,-0.218938,0.766896,-0.041523,-0.039520,0.997466,-0.042144,-0.310792,0.314072,-0.047426,0.413082,-0.271805,-0.244907,-0.279041,0.037871,0.472780,0.370127,-0.267980,0.232299,0.009424,0.047819,0.273492,-0.241210,-0.039159,-0.978216,0.627120,-0.726945,0.391866,0.723226,-0.299289,0.190414,0.134837,0.957974,-0.130597,0.475350,-0.315123
-0.467965,-0.226880,0.768041,-0.048974,-0.035896,0.997829,-0.025498,-0.320071,0.310803,-0.008401,0.421888,-0.274425,-0.244172,-0.311382,0.013055,0.431884,0.368739,-0.248741,0.242071,0.015268,0.036298,0.280803,-0.246722,-0.064322,-0.964855,0.641815,-0.716776,0.397425,0.749191,-0.309219,0.188360,0.127573,0.963848,-0.133879,0.477957,-0.327091
-0.465430,-0.234278,0.772750,-0.054083,-0.031092,0.998018,-0.008232,-0.324392,0.304787,0.029295,0.432582,-0.274976,-0.239492,-0.350020,-0.043123,0.286679,0.374956,-0.230305,0.244361,0.026018,0.023978,0.286870,-0.248878,-0.080482,-0.950766,0.658071,-0.710390,0.399536,0.768117,-0.316052,0.190348,0.125355,0.971098,-0.140986,0.479290,-0.335122
-0.463756,-0.240129,0.773939,-0.057170,-0.026516,0.997998,0.005277,-0.327940,0.298664,0.057529,0.445041,-0.276538,-0.231005,-0.373917,-0.097563,0.132934,0.398583,-0.221259,0.235949,0.035620,0.013041,0.291045,-0.243587,-0.093168,-0.936080,0.670261,-0.707145,0.400428,0.783348,-0.318606,0.195996,0.116101,0.977952,-0.142506,0.479422,-0.347434
-0.462993,-0.244171,0.773153,-0.057816,-0.023030,0.997986,0.012320,-0.332093,0.293075,0.071908,0.460983,-0.278921,-0.224900,-0.379371,-0.109714,0.074341,0.442921,-0.231728,0.204624,0.038896,0.005482,0.293137,-0.231911,-0.102169,-0.920302,0.677348,-0.710595,0.396367,0.788114,-0.319326,0.201949,0.110789,0.987353,-0.145593,0.480417,-0.354905
-0.462957,-0.246503,0.769538,-0.056805,-0.019481,0.998089,0.014580,-0.335832,0.286851,0.076387,0.476504,-0.277890,-0.222858,-0.369407,-0.100904,0.067688,0.476606,-0.253051,0.171478,0.040019,0.000586,0.293356,-0.222001,-0.107457,-0.910584,0.681581,-0.713496,0.392282,0.786326,-0.317790,0.206298,0.106632,0.993970,-0.150953,0.479893,-0.368941
-0.464157,-0.247343,0.769456,-0.054467,-0.016006,0.998285,0.014319,-0.334681,0.277524,0.073654,0.486426,-0.270330,-0.223540,-0.354447,-0.111984,0.051182,0.468712,-0.257115,0.158925,0.042881,-0.002121,0.291820,-0.215244,-0.108837,-0.906638,0.685658,-0.714964,0.392515,0.782742,-0.312425,0.210038,0.101860,0.998421,-0.154318,0.478215,-0.378606
-0.465476,-0.247579,0.770163,-0.050882,-0.012072,0.998580,0.010169,-0.335952,0.265564,0.064397,0.500681,-0.255601,-0.226115,-0.332967,-0.124405,0.048543,0.451463,-0.259269,0.174581,0.045236,-0.002420,0.289353,-0.215084,-0.107796,-0.913260,0.688879,-0.711227,0.398728,0.768792,-0.304248,0.211318,0.094363,1.000651,-0.156090,0.477031,-0.386557
-0.466831,-0.247115,0.771688,-0.047003,-0.007634,0.998861,0.003000,-0.351218,0.251783,0.043502,0.536017,-0.234094,-0.236585,-0.318515,-0.139139,0.041053,0.450345,-0.262228,0.187912,0.047846,-0.001676,0.287247,-0.217986,-0.106026,-0.923797,0.687705,-0.706159,0.401433,0.751742,-0.298214,0.209912,0.081838,1.002072,-0.151970,0.477498,-0.384869
-0.467958,-0.246509,0.772351,-0.043151,-0.003666,0.999035,-0.007305,-0.384004,0.230302,0.011200,0.595390,-0.205067,-0.247113,-0.307976,-0.155588,0.021881,0.458771,-0.267841,0.184342,0.047908,-0.001520,0.285641,-0.220156,-0.104113,-0.933093,0.684367,-0.705561,0.401136,0.735279,-0.295664,0.207358,0.067005,1.003249,-0.145805,0.479509,-0.376980
-0.469026,-0.246834,0.772258,-0.038906,-0.000202,0.999043,-0.019979,-0.416926,0.195875,-0.027973,0.655993,-0.188714,-0.247661,-0.300165,-0.173310,0.002874,0.476350,-0.278971,0.183606,0.042802,-0.001790,0.283475,-0.219904,-0.102935,-0.938852,0.679897,-0.708365,0.393163,0.725131,-0.296377,0.204226,0.056488,1.006616,-0.143997,0.481818,-0.365450
-0.470515,-0.248103,0.772619,-0.033881,0.001893,0.999018,-0.028501,-0.426376,0.163065,-0.083313,0.684370,-0.216514,-0.247713,-0.293932,-0.187674,-0.008928,0.497190,-0.290357,0.187288,0.036773,-0.002453,0.279841,-0.215254,-0.102653,-0.940821,0.674646,-0.715328,0.378432,0.724059,-0.298602,0.201466,0.052820,1.014089,-0.147685,0.483034,-0.351026
-0.472142,-0.250651,0.771081,-0.028345,0.001913,0.999122,-0.030806,-0.407943,0.163664,-0.119021,0.662079,-0.277787,-0.247708,-0.287921,-0.195295,-0.011804,0.514952,-0.299073,0.192851,0.031925,-0.001755,0.274971,-0.211645,-0.100679,-0.945718,0.671516,-0.725041,0.380148,0.720149,-0.295430,0.202531,0.042443,1.019438,-0.148275,0.482872,-0.343442
-0.473726,-0.254165,0.768995,-0.023182,0.001112,0.999363,-0.027110,-0.369848,0.183652,-0.138023,0.598383,-0.283407,-0.247689,-0.280021,-0.197083,-0.005091,0.521987,-0.304198,0.199584,0.029545,0.000022,0.269644,-0.208191,-0.089383,-0.946910,0.672485,-0.735168,0.379578,0.707773,-0.289041,0.211938,0.027434,1.023066,-0.149990,0.482889,-0.354954
-0.474753,-0.258586,0.765160,-0.018271,-0.001385,0.999662,-0.018462,-0.319366,0.191309,-0.158853,0.529762,-0.271018,-0.247633,-0.274026,-0.192525,0.011117,0.524402,-0.306098,0.207936,0.028284,0.002711,0.265202,-0.212781,-0.095538,-0.953511,0.672864,-0.744412,0.387224,0.710997,-0.289557,0.211292,0.021682,1.027695,-0.156639,0.483208,-0.351388
