0.572875,-3.024907,0.777248,0.039404,0.043355,0.740792,-0.669174,-0.205307,-0.055715,0.034426,0.496765,-0.148234,0.018796,-0.120915,-0.032266,0.075371,1.159683,0.027712,0.247733,0.056175,-0.090748,0.154090,-0.124858,0.210871,0.006822,0.629032,0.576259,0.082198,0.372194,0.005639,-0.201100,0.330843,0.747598,-0.681639,0.268347,-0.179088
0.573462,-3.021209,0.776617,0.042347,0.047154,0.744800,-0.664271,-0.192778,-0.053374,0.042373,0.483755,-0.152009,0.019390,-0.112448,-0.017773,0.071276,1.177358,-0.016377,0.247751,0.055105,-0.087833,0.145940,-0.129578,0.221518,-0.019838,0.641478,0.592947,0.074644,0.366244,0.004472,-0.196200,0.334538,0.737395,-0.692373,0.252909,-0.165816
0.573996,-3.016138,0.776114,0.044321,0.050256,0.747925,-0.660392,-0.181010,-0.052198,0.048974,0.463545,-0.152640,0.020907,-0.104077,-0.013713,0.069880,1.192870,-0.050369,0.247749,0.054187,-0.084787,0.137307,-0.128821,0.230619,-0.049652,0.654323,0.609933,0.064796,0.356639,0.001616,-0.192794,0.342905,0.729456,-0.713201,0.228159,-0.156292
0.574472,-3.009444,0.775615,0.044676,0.052579,0.750107,-0.657708,-0.173070,-0.052803,0.054142,0.437922,-0.146531,0.021938,-0.096002,-0.018059,0.059693,1.209089,-0.074493,0.247748,0.053882,-0.082187,0.127999,-0.124345,0.236327,-0.080268,0.669713,0.626966,0.058379,0.345165,0.000856,-0.185474,0.339889,0.720846,-0.729537,0.199527,-0.159297
0.574825,-3.000870,0.774603,0.042248,0.054645,0.751402,-0.656220,-0.173952,-0.056828,0.058676,0.413422,-0.136143,0.022373,-0.088704,-0.022699,0.048915,1.230682,-0.100578,0.247750,0.053971,-0.080784,0.117532,-0.117276,0.235572,-0.108806,0.686646,0.643530,0.049294,0.341040,0.002534,-0.176398,0.327064,0.710554,-0.740401,0.175713,-0.174638
0.575058,-2.990476,0.773114,0.037975,0.055859,0.751302,-0.656493,-0.183086,-0.062815,0.060504,0.390267,-0.122235,0.022190,-0.079163,-0.023382,0.042504,1.249497,-0.118411,0.247766,0.054524,-0.080334,0.105937,-0.111966,0.226144,-0.133710,0.713101,0.659047,0.038667,0.348611,0.012926,-0.164505,0.306517,0.690047,-0.747020,0.154642,-0.199938
0.575209,-2.978580,0.771359,0.032988,0.056126,0.749959,-0.658273,-0.197365,-0.069507,0.058807,0.367460,-0.104238,0.020949,-0.059219,-0.022338,0.042793,1.248263,-0.128469,0.247767,0.055043,-0.079820,0.093774,-0.103828,0.214955,-0.153598,0.742232,0.671712,0.036341,0.353675,0.019590,-0.152222,0.287429,0.674890,-0.751452,0.135076,-0.228505
0.575328,-2.965315,0.769431,0.028230,0.056186,0.748449,-0.660204,-0.214423,-0.075652,0.056077,0.346815,-0.080536,0.018264,-0.029081,-0.026990,0.053919,1.216841,-0.139573,0.247764,0.055053,-0.079088,0.082443,-0.089624,0.202273,-0.168013,0.769755,0.684388,0.036895,0.356910,0.019715,-0.142474,0.276544,0.668390,-0.755757,0.115945,-0.247475
0.575297,-2.950458,0.767091,0.023513,0.056754,0.747468,-0.661451,-0.235593,-0.080727,0.055498,0.331804,-0.054473,0.013483,0.007921,-0.037005,0.073697,1.153272,-0.160733,0.247726,0.054653,-0.078836,0.073429,-0.064268,0.187804,-0.168966,0.791095,0.689574,0.043977,0.357585,0.004425,-0.138765,0.277811,0.679434,-0.760657,0.099870,-0.253242
0.575000,-2.933973,0.764580,0.019307,0.057902,0.748138,-0.660730,-0.256655,-0.082445,0.059276,0.316645,-0.025991,0.005863,0.048824,-0.042646,0.096614,1.063930,-0.172317,0.247578,0.055363,-0.078499,0.067387,-0.033936,0.167454,-0.156739,0.811005,0.689311,0.056968,0.361054,-0.016064,-0.141761,0.290448,0.692652,-0.774785,0.082608,-0.249621
0.574345,-2.915604,0.762157,0.015242,0.058745,0.750679,-0.657874,-0.278961,-0.079140,0.067647,0.299129,0.006342,-0.003654,0.086034,-0.038742,0.127040,0.960886,-0.190440,0.245416,0.057062,-0.077225,0.064908,-0.001088,0.137375,-0.130269,0.819568,0.676737,0.082725,0.360873,-0.045096,-0.148780,0.301047,0.706505,-0.790319,0.064264,-0.238247
0.573172,-2.895351,0.759892,0.011693,0.058610,0.754332,-0.653767,-0.303495,-0.068821,0.079724,0.280296,0.039786,-0.026554,0.114930,-0.045524,0.137847,0.860755,-0.246964,0.193361,0.059964,-0.074504,0.066281,0.036396,0.111659,-0.101923,0.826719,0.661591,0.099649,0.364530,-0.073442,-0.151830,0.309635,0.714336,-0.796717,0.047227,-0.230094
0.571367,-2.873661,0.757792,0.009666,0.055825,0.759510,-0.648023,-0.326179,-0.047005,0.094462,0.253072,0.074083,-0.072680,0.136928,-0.055985,0.093845,0.763701,-0.327667,0.085811,0.065436,-0.068986,0.071229,0.073970,0.098294,-0.084918,0.834913,0.656805,0.105701,0.363969,-0.095920,-0.150220,0.310242,0.710938,-0.796481,0.030280,-0.225614
0.568336,-2.851485,0.756009,0.011802,0.049643,0.763679,-0.643577,-0.344174,-0.012376,0.105569,0.219113,0.105898,-0.136537,0.158297,-0.055327,0.026105,0.663234,-0.411784,0.005481,0.070130,-0.059502,0.080215,0.105704,0.099521,-0.083835,0.846037,0.670955,0.108717,0.364289,-0.120507,-0.141403,0.309111,0.709242,-0.786398,0.019611,-0.225806
0.564973,-2.828123,0.755847,0.017474,0.040660,0.764618,-0.642962,-0.371900,0.029341,0.108140,0.186097,0.119002,-0.199027,0.177128,-0.028610,-0.013880,0.561881,-0.477923,-0.023187,0.069702,-0.044834,0.093812,0.128491,0.108646,-0.095979,0.862678,0.700679,0.119298,0.362465,-0.149717,-0.130787,0.310937,0.715481,-0.769103,0.019257,-0.228139
0.562002,-2.806007,0.753353,0.025601,0.030883,0.763147,-0.644979,-0.395152,0.068334,0.105138,0.166273,0.092168,-0.243226,0.189313,0.012853,-0.015539,0.478494,-0.525092,-0.030792,0.064868,-0.025211,0.109711,0.151156,0.120785,-0.112490,0.877338,0.733116,0.118637,0.367984,-0.170200,-0.122347,0.310636,0.722335,-0.753417,0.027189,-0.229581
0.559981,-2.784628,0.753480,0.036467,0.020748,0.761567,-0.646727,-0.418645,0.102472,0.110502,0.158978,0.017193,-0.247554,0.188013,0.052897,-0.017688,0.423835,-0.540662,-0.030542,0.059095,-0.000256,0.126237,0.178104,0.132258,-0.122800,0.887760,0.759956,0.114992,0.386023,-0.180928,-0.113430,0.309257,0.730751,-0.741424,0.041866,-0.230145
0.558911,-2.764830,0.754944,0.049443,0.011124,0.761360,-0.646346,-0.423610,0.147903,0.145228,0.158669,-0.069700,-0.247699,0.181272,0.091328,-0.026503,0.390664,-0.520910,-0.035095,0.052951,0.027434,0.141018,0.211489,0.139000,-0.123481,0.894602,0.776579,0.110192,0.409175,-0.181961,-0.101019,0.305825,0.746828,-0.731092,0.060479,-0.232857
0.558538,-2.745237,0.758111,0.058052,0.005109,0.762060,-0.644879,-0.413608,0.200254,0.235163,0.168456,-0.108568,-0.247023,0.166322,0.118616,-0.028334,0.366354,-0.482188,-0.041012,0.045325,0.052091,0.152583,0.247083,0.132974,-0.115011,0.900984,0.784579,0.108778,0.435090,-0.175649,-0.092620,0.301944,0.777891,-0.727960,0.086764,-0.239321
0.558781,-2.725761,0.762705,0.059778,0.003804,0.763263,-0.643305,-0.388154,0.240042,0.298293,0.189812,-0.103417,-0.230165,0.145154,0.128558,-0.028026,0.345134,-0.439912,-0.047721,0.042294,0.067952,0.160595,0.276251,0.118633,-0.109008,0.910978,0.793071,0.106787,0.461612,-0.160603,-0.089920,0.293053,0.821454,-0.731170,0.131014,-0.240172
0.559683,-2.706665,0.767800,0.057926,0.006108,0.763733,-0.642899,-0.359591,0.240194,0.310489,0.222450,-0.096003,-0.179526,0.120024,0.125800,-0.029797,0.332268,-0.397576,-0.053163,0.042194,0.075246,0.166425,0.295798,0.106328,-0.105889,0.922707,0.803757,0.105186,0.490556,-0.134649,-0.088705,0.278801,0.864155,-0.737386,0.181185,-0.234347
0.561052,-2.688262,0.772256,0.054706,0.010322,0.763850,-0.642988,-0.338979,0.228033,0.288854,0.293682,-0.121978,-0.163026,0.089614,0.116281,-0.032468,0.335453,-0.366741,-0.056484,0.042313,0.076601,0.171801,0.305618,0.101513,-0.107686,0.932563,0.816908,0.103303,0.510012,-0.100587,-0.086705,0.261844,0.899636,-0.742960,0.238321,-0.220799
0.562460,-2.670524,0.775934,0.050969,0.015600,0.763657,-0.643418,-0.319121,0.207585,0.242093,0.387265,-0.159591,-0.156077,0.061153,0.103818,-0.035278,0.339920,-0.344270,-0.058623,0.042053,0.074651,0.176432,0.304243,0.106115,-0.113024,0.935528,0.835234,0.101182,0.538429,-0.062100,-0.085398,0.248072,0.922283,-0.742914,0.273043,-0.201471
0.563750,-2.653332,0.778647,0.049018,0.019362,0.761419,-0.646114,-0.294018,0.199673,0.219055,0.496774,-0.208821,-0.163837,0.036128,0.094965,-0.042999,0.342166,-0.324460,-0.058791,0.038566,0.071963,0.179290,0.294233,0.114291,-0.112334,0.933790,0.845216,0.096555,0.567760,-0.019933,-0.089728,0.250973,0.938644,-0.749407,0.278033,-0.175683
0.564766,-2.636601,0.780753,0.047758,0.022425,0.757764,-0.650393,-0.259571,0.207836,0.225945,0.613054,-0.252277,-0.155951,0.015191,0.087328,-0.054618,0.338671,-0.303407,-0.056504,0.031947,0.069630,0.180068,0.275667,0.120673,-0.104976,0.930446,0.843862,0.091546,0.592612,0.021665,-0.101411,0.268482,0.954182,-0.763169,0.269161,-0.148908
0.565571,-2.620243,0.782240,0.046752,0.024572,0.753550,-0.655265,-0.214905,0.227454,0.246749,0.720871,-0.282170,-0.138229,-0.003279,0.081327,-0.067342,0.329691,-0.280398,-0.054263,0.023560,0.067358,0.178197,0.248075,0.126389,-0.095874,0.927263,0.839552,0.089906,0.618555,0.060668,-0.118530,0.303557,0.969037,-0.791176,0.253417,-0.128048
0.566396,-2.604327,0.782911,0.046669,0.026057,0.749481,-0.659864,-0.158592,0.249224,0.267013,0.810185,-0.305964,-0.119064,-0.021518,0.077342,-0.079249,0.322854,-0.258138,-0.053796,0.014581,0.065420,0.173827,0.219875,0.134640,-0.081521,0.925086,0.824676,0.080682,0.636533,0.101210,-0.139781,0.342665,0.983066,-0.825400,0.237819,-0.106178
0.567385,-2.588881,0.783207,0.046715,0.028054,0.745809,-0.663927,-0.091394,0.258548,0.271304,0.869513,-0.309377,-0.118178,-0.037156,0.072419,-0.089370,0.314575,-0.235055,-0.054032,0.005792,0.063227,0.167913,0.186302,0.130075,-0.067225,0.921632,0.805486,0.074030,0.649772,0.137687,-0.151961,0.380787,0.993895,-0.852753,0.238302,-0.084953
0.568787,-2.573555,0.783147,0.046943,0.030083,0.742087,-0.667980,-0.021351,0.251304,0.256676,0.900687,-0.295868,-0.131267,-0.053133,0.066215,-0.100021,0.308325,-0.212385,-0.054632,-0.002872,0.060121,0.161196,0.152803,0.130086,-0.069401,0.913195,0.797920,0.063584,0.644390,0.172219,-0.161574,0.401821,1.002585,-0.865441,0.240098,-0.061626
0.570775,-2.557927,0.782645,0.047173,0.031544,0.738073,-0.672330,0.047900,0.229149,0.225519,0.906067,-0.285590,-0.158098,-0.072819,0.058769,-0.111690,0.306927,-0.191145,-0.054463,-0.011534,0.056364,0.153717,0.118417,0.145445,-0.109182,0.897495,0.832443,0.052320,0.611309,0.202253,-0.167146,0.407057,1.007154,-0.866966,0.245572,-0.041589
0.573243,-2.541755,0.781843,0.047023,0.032901,0.733792,-0.676946,0.111842,0.186517,0.169525,0.887862,-0.268213,-0.198407,-0.094891,0.049434,-0.123609,0.307236,-0.169872,-0.052987,-0.019796,0.051886,0.145752,0.081152,0.178195,-0.187836,0.872497,0.917180,0.041017,0.531194,0.227811,-0.167307,0.395362,1.006423,-0.855751,0.254453,-0.025498
0.576185,-2.524697,0.780678,0.046411,0.033574,0.728839,-0.682285,0.167867,0.125420,0.087440,0.850988,-0.234069,-0.238030,-0.121568,0.038108,-0.137416,0.310748,-0.148415,-0.050563,-0.027512,0.046432,0.137987,0.040769,0.212897,-0.267537,0.830301,1.013175,0.018177,0.432151,0.246721,-0.165030,0.374781,0.998213,-0.841470,0.262860,-0.019747
0.579486,-2.506674,0.779368,0.044180,0.034363,0.722483,-0.689119,0.219093,0.053435,0.004280,0.792298,-0.170601,-0.247066,-0.151167,0.021813,-0.153085,0.313761,-0.125744,-0.046956,-0.036893,0.038386,0.130432,0.004618,0.235112,-0.315219,0.771043,1.076022,-0.029644,0.371222,0.256990,-0.163149,0.354062,0.984415,-0.830681,0.268583,-0.019933
0.583251,-2.487605,0.777681,0.041467,0.034641,0.716291,-0.695707,0.263727,0.010094,-0.072854,0.711242,-0.107948,-0.246355,-0.183163,0.004145,-0.167549,0.316213,-0.101802,-0.042431,-0.045767,0.029761,0.123742,-0.022933,0.241644,-0.331424,0.711996,1.101317,-0.074690,0.359625,0.259253,-0.159579,0.331185,0.965829,-0.819244,0.269092,-0.025030
0.587623,-2.467141,0.775126,0.039333,0.033267,0.709958,-0.702357,0.295470,-0.001444,-0.116594,0.609844,-0.110194,-0.216460,-0.221378,-0.012909,-0.181966,0.323496,-0.077283,-0.037412,-0.054840,0.022422,0.119189,-0.044820,0.233671,-0.328787,0.668632,1.091510,-0.096970,0.352992,0.254394,-0.155927,0.310041,0.944700,-0.813861,0.273986,-0.034882
0.592602,-2.445458,0.771282,0.036535,0.031589,0.703062,-0.709487,0.310209,-0.004295,-0.116368,0.525032,-0.156635,-0.127141,-0.260567,-0.033210,-0.196943,0.326316,-0.052017,-0.022154,-0.064890,0.015910,0.117283,-0.067828,0.217301,-0.325899,0.633440,1.066412,-0.112139,0.354411,0.242492,-0.152761,0.285717,0.916220,-0.809809,0.275704,-0.046496
0.598679,-2.423242,0.767745,0.032619,0.030576,0.696302,-0.716355,0.313832,-0.008024,-0.094377,0.463155,-0.244776,-0.052521,-0.299277,-0.058639,-0.208800,0.324771,-0.026569,0.003799,-0.073085,0.008640,0.118590,-0.092448,0.198474,-0.328733,0.607162,1.043933,-0.124230,0.367741,0.227364,-0.149809,0.252255,0.877098,-0.801922,0.272666,-0.065418
0.605506,-2.400917,0.764534,0.026778,0.033397,0.693164,-0.719508,0.312706,-0.027561,-0.074488,0.410067,-0.306412,-0.001169,-0.332914,-0.088711,-0.209901,0.316513,-0.007802,0.039941,-0.076190,-0.000586,0.122457,-0.113088,0.177737,-0.336436,0.591305,1.032498,-0.131645,0.385958,0.211450,-0.149409,0.214948,0.830868,-0.792796,0.268204,-0.090613
0.612646,-2.378213,0.764059,0.020933,0.037740,0.693807,-0.718867,0.311430,-0.052702,-0.055598,0.355807,-0.349765,0.024700,-0.363090,-0.113746,-0.202538,0.292445,-0.019127,0.067768,-0.073515,-0.012750,0.128306,-0.124650,0.159928,-0.344683,0.581690,1.032247,-0.138970,0.404468,0.196020,-0.145457,0.179907,0.778618,-0.780576,0.257147,-0.130652
0.619589,-2.356008,0.762978,0.016285,0.042493,0.696905,-0.715718,0.308379,-0.080653,-0.057036,0.307527,-0.382164,0.034194,-0.379490,-0.130565,-0.193277,0.258080,-0.052846,0.083530,-0.065629,-0.026428,0.135250,-0.122402,0.139590,-0.343321,0.576616,1.021069,-0.147349,0.416031,0.182481,-0.139279,0.156373,0.726462,-0.764562,0.233425,-0.170750
0.624479,-2.337131,0.762466,0.012390,0.048341,0.700717,-0.711692,0.298986,-0.106091,-0.053776,0.280781,-0.402205,0.043293,-0.380120,-0.147663,-0.197204,0.216510,-0.111451,0.106105,-0.055567,-0.041192,0.142091,-0.104307,0.115024,-0.331385,0.575526,0.990801,-0.155038,0.430267,0.171874,-0.139896,0.154979,0.677545,-0.750480,0.198183,-0.195929
0.628776,-2.318835,0.758812,0.008511,0.056424,0.704508,-0.707399,0.281010,-0.131764,-0.041487,0.273500,-0.416034,0.052836,-0.374191,-0.172326,-0.217967,0.186330,-0.176793,0.143947,-0.045623,-0.055714,0.149466,-0.078868,0.093973,-0.323819,0.578366,0.966893,-0.164147,0.439814,0.164199,-0.148934,0.165838,0.630829,-0.739378,0.163333,-0.206397
0.632410,-2.301172,0.758849,0.007048,0.063078,0.708813,-0.702535,0.263690,-0.149980,-0.023429,0.271938,-0.418536,0.061220,-0.373290,-0.197078,-0.252974,0.187402,-0.209306,0.179623,-0.036085,-0.068854,0.157216,-0.045318,0.078666,-0.316022,0.582740,0.947230,-0.171568,0.437552,0.157573,-0.160053,0.187515,0.588546,-0.735655,0.138333,-0.205838
0.635507,-2.283476,0.761264,0.008949,0.064842,0.713928,-0.697153,0.246194,-0.154757,-0.006226,0.263017,-0.406812,0.066525,-0.373565,-0.207586,-0.273328,0.224806,-0.154125,0.154689,-0.028127,-0.078872,0.164366,-0.007522,0.073806,-0.307487,0.584978,0.932774,-0.178378,0.424606,0.149400,-0.164509,0.216113,0.553221,-0.733324,0.119134,-0.196752
0.637734,-2.266264,0.764590,0.011876,0.065853,0.717740,-0.693088,0.225614,-0.153971,0.008108,0.262211,-0.389579,0.068092,-0.376105,-0.208578,-0.258898,0.304227,-0.110236,0.131219,-0.022525,-0.085452,0.170815,0.030442,0.073042,-0.300409,0.590415,0.917901,-0.180079,0.401427,0.142936,-0.167116,0.244030,0.526574,-0.729229,0.102673,-0.186757
0.639213,-2.249552,0.768106,0.015270,0.066112,0.720867,-0.689744,0.203411,-0.149372,0.020116,0.265734,-0.373220,0.067671,-0.371828,-0.203100,-0.233073,0.395774,-0.091580,0.118557,-0.018114,-0.089812,0.175417,0.066262,0.075490,-0.297135,0.602397,0.891595,-0.182933,0.374626,0.137902,-0.168019,0.270931,0.509992,-0.722426,0.086193,-0.176207
0.640088,-2.233264,0.771430,0.018342,0.065860,0.723566,-0.686861,0.180348,-0.142727,0.031300,0.270503,-0.358510,0.066153,-0.359426,-0.196712,-0.209870,0.488715,-0.100103,0.104885,-0.014207,-0.093082,0.177926,0.101797,0.082355,-0.298013,0.614396,0.862714,-0.178726,0.352858,0.128281,-0.166541,0.303396,0.511231,-0.726056,0.075233,-0.169240
0.640609,-2.217317,0.774239,0.020403,0.065260,0.726292,-0.683978,0.157614,-0.136125,0.041868,0.272407,-0.345245,0.064583,-0.339550,-0.195789,-0.198277,0.578882,-0.143468,0.090025,-0.009943,-0.096137,0.178541,0.121782,0.099876,-0.313880,0.643348,0.841542,-0.159925,0.331467,0.126481,-0.182048,0.331543,0.504202,-0.744422,0.060559,-0.147913
0.640988,-2.201744,0.776453,0.021087,0.064072,0.729276,-0.680886,0.134953,-0.130301,0.051820,0.270379,-0.332057,0.063538,-0.311831,-0.201843,-0.198879,0.658220,-0.198844,0.076628,-0.004520,-0.099270,0.177635,0.126207,0.115547,-0.339546,0.678256,0.831846,-0.118219,0.299181,0.115888,-0.188921,0.358878,0.508531,-0.780356,0.060315,-0.128082
0.641340,-2.186506,0.778102,0.020567,0.062779,0.732482,-0.677573,0.110584,-0.125579,0.061674,0.269141,-0.317816,0.061124,-0.276617,-0.211167,-0.203126,0.723366,-0.249630,0.067339,0.001958,-0.102673,0.175600,0.124963,0.137270,-0.364818,0.721866,0.837719,-0.069522,0.258000,0.104229,-0.191251,0.380273,0.520104,-0.823971,0.072890,-0.113807
0.641762,-2.171577,0.779218,0.019209,0.061949,0.735952,-0.673920,0.084503,-0.122252,0.072239,0.270902,-0.302783,0.057800,-0.235769,-0.219663,-0.200434,0.774289,-0.288212,0.066696,0.009495,-0.106087,0.172553,0.119812,0.155527,-0.377895,0.774885,0.849621,-0.015922,0.226318,0.092937,-0.185160,0.390755,0.542991,-0.857030,0.094131,-0.102175
0.642293,-2.156985,0.779951,0.017648,0.061295,0.740095,-0.669470,0.059705,-0.119010,0.084494,0.270848,-0.286004,0.054502,-0.190034,-0.224710,-0.189473,0.811788,-0.315075,0.068668,0.018328,-0.109252,0.168524,0.115713,0.166595,-0.369087,0.836693,0.856601,0.043462,0.203076,0.081835,-0.172016,0.389899,0.581160,-0.866693,0.118260,-0.093071
0.642808,-2.142688,0.780361,0.015980,0.060767,0.745337,-0.663721,0.035840,-0.114800,0.100033,0.270074,-0.268655,0.051325,-0.140083,-0.229769,-0.177578,0.836948,-0.328832,0.077889,0.028615,-0.111662,0.163443,0.115426,0.168592,-0.333575,0.900461,0.851461,0.115286,0.178277,0.067357,-0.162505,0.390944,0.634220,-0.872105,0.141836,-0.078758
0.643187,-2.128609,0.780542,0.014154,0.060209,0.751672,-0.656630,0.012687,-0.109050,0.118901,0.268301,-0.250880,0.048636,-0.085512,-0.240351,-0.173358,0.847938,-0.328040,0.093766,0.039645,-0.112929,0.156979,0.119902,0.164117,-0.271128,0.949629,0.830196,0.192501,0.165680,0.049778,-0.155835,0.390085,0.695358,-0.872763,0.163289,-0.062206
0.643307,-2.114650,0.780599,0.012283,0.059331,0.758312,-0.649070,-0.009556,-0.101495,0.138539,0.264368,-0.231674,0.046861,-0.030095,-0.250599,-0.168783,0.845065,-0.320750,0.126539,0.050152,-0.113223,0.149088,0.129785,0.157087,-0.189481,0.974887,0.793245,0.257442,0.180040,0.030416,-0.155629,0.392907,0.758287,-0.880117,0.187801,-0.037109
0.643082,-2.100669,0.780605,0.010430,0.058040,0.764515,-0.641903,-0.031706,-0.092200,0.156928,0.259443,-0.211209,0.044669,0.021282,-0.244851,-0.144457,0.830590,-0.312716,0.167902,0.058520,-0.112292,0.140104,0.136164,0.152515,-0.106113,0.989644,0.749360,0.290073,0.205230,0.015313,-0.159643,0.394532,0.811399,-0.889764,0.206416,-0.013588
0.642429,-2.086405,0.780608,0.008263,0.056138,0.770634,-0.634747,-0.055771,-0.080560,0.174770,0.255686,-0.190501,0.041954,0.064399,-0.219453,-0.091581,0.809101,-0.302597,0.226536,0.064926,-0.109746,0.130379,0.158558,0.154253,-0.049889,0.974737,0.718287,0.287358,0.224873,0.001795,-0.166078,0.394600,0.851281,-0.899306,0.220127,0.002008
0.641452,-2.071706,0.780872,0.006565,0.052860,0.777608,-0.626488,-0.079354,-0.064287,0.193700,0.248869,-0.167754,0.038463,0.100785,-0.174935,-0.030623,0.779614,-0.276895,0.246838,0.071349,-0.104605,0.119901,0.179161,0.165482,-0.023384,0.954726,0.707210,0.268821,0.231420,-0.005169,-0.172313,0.388753,0.876827,-0.901256,0.221600,0.008992
0.640106,-2.056288,0.781207,0.005217,0.048495,0.785651,-0.616745,-0.104709,-0.042748,0.214360,0.243407,-0.144275,0.033439,0.130570,-0.123047,0.029582,0.746507,-0.249926,0.247721,0.078240,-0.096224,0.109683,0.196590,0.182874,-0.019648,0.933369,0.712501,0.241911,0.234067,-0.009334,-0.178696,0.376198,0.891125,-0.895893,0.218479,0.007529
0.638428,-2.040266,0.781491,0.004200,0.043295,0.793184,-0.607426,-0.130606,-0.018211,0.232710,0.237646,-0.119697,0.027005,0.153041,-0.080766,0.092355,0.706503,-0.230642,0.247757,0.083541,-0.086413,0.100553,0.207956,0.201857,-0.024710,0.912157,0.722600,0.212184,0.237861,-0.012740,-0.183841,0.360712,0.896117,-0.887561,0.214802,-0.001808
0.636374,-2.023691,0.781503,0.002896,0.038384,0.798610,-0.600617,-0.155962,0.004597,0.245261,0.229148,-0.092867,0.019392,0.169401,-0.061335,0.159321,0.644987,-0.218559,0.247597,0.084705,-0.078562,0.093174,0.211214,0.219343,-0.029127,0.892592,0.733318,0.188417,0.250969,-0.015527,-0.185000,0.344288,0.894267,-0.877554,0.211294,-0.017486
0.633934,-2.006267,0.780558,0.000955,0.034771,0.802482,-0.595662,-0.180714,0.024059,0.254179,0.217020,-0.062060,0.009653,0.179107,-0.053518,0.206755,0.567699,-0.213843,0.243648,0.083383,-0.073549,0.087577,0.205597,0.230961,-0.026069,0.878441,0.735751,0.170321,0.268812,-0.017701,-0.182352,0.326807,0.888539,-0.865240,0.207250,-0.037451
0.631036,-1.988010,0.779915,-0.001076,0.031910,0.806286,-0.590664,-0.208049,0.043922,0.261919,0.208240,-0.027870,0.002157,0.179676,-0.047636,0.198675,0.512711,-0.251565,0.196954,0.083144,-0.069471,0.084871,0.191579,0.237620,-0.017015,0.867787,0.731192,0.159284,0.289995,-0.021251,-0.177180,0.311769,0.881455,-0.853015,0.200128,-0.056001
0.627696,-1.969022,0.778310,-0.002237,0.028573,0.809158,-0.586892,-0.235345,0.065080,0.264713,0.197743,0.007231,-0.004688,0.173538,-0.039568,0.164599,0.472054,-0.299595,0.136376,0.082141,-0.064566,0.085137,0.170248,0.239501,-0.002673,0.857698,0.722452,0.154774,0.315185,-0.027348,-0.167966,0.296829,0.874120,-0.837470,0.189990,-0.069828
0.623942,-1.949878,0.776393,-0.000830,0.024751,0.809870,-0.586087,-0.258191,0.087741,0.259924,0.183412,0.040138,-0.021293,0.172378,-0.021021,0.134288,0.427965,-0.333958,0.072431,0.077756,-0.057837,0.088846,0.144723,0.237084,0.014397,0.847467,0.707824,0.153437,0.331849,-0.033631,-0.154779,0.282607,0.868477,-0.819146,0.178021,-0.080343
0.620073,-1.931004,0.774305,0.002811,0.021523,0.808815,-0.587663,-0.276206,0.110466,0.251947,0.168705,0.062639,-0.051015,0.174618,0.002930,0.112028,0.385366,-0.358724,0.021556,0.070387,-0.048407,0.096373,0.120377,0.227298,0.032160,0.830678,0.684892,0.147039,0.344312,-0.040379,-0.141681,0.272540,0.866895,-0.802090,0.167517,-0.084366
0.616589,-1.912295,0.773845,0.007916,0.019314,0.806928,-0.590282,-0.296400,0.134374,0.244881,0.157181,0.059315,-0.087375,0.173083,0.027266,0.098115,0.355206,-0.382732,-0.006565,0.061496,-0.036136,0.108042,0.100400,0.211047,0.045064,0.806612,0.655370,0.134667,0.351124,-0.048180,-0.131360,0.267914,0.868854,-0.789354,0.159344,-0.081037
0.613797,-1.894761,0.770560,0.015071,0.017756,0.805709,-0.591854,-0.309526,0.158017,0.238849,0.156262,0.030000,-0.114844,0.167408,0.051029,0.090452,0.337374,-0.399365,-0.020830,0.052946,-0.020965,0.122341,0.088697,0.195464,0.042553,0.775793,0.630048,0.113528,0.353607,-0.055669,-0.120525,0.265116,0.874066,-0.776193,0.154649,-0.069912
0.611878,-1.878727,0.769742,0.023921,0.015319,0.805435,-0.592003,-0.317957,0.182666,0.231892,0.159962,-0.021910,-0.129778,0.156975,0.076431,0.085429,0.337270,-0.402240,-0.025669,0.045661,-0.003687,0.137160,0.086294,0.186340,0.018345,0.742028,0.622360,0.091747,0.346490,-0.060242,-0.106537,0.258203,0.881932,-0.755665,0.148310,-0.057274
0.610742,-1.863186,0.771688,0.032618,0.013257,0.806114,-0.590711,-0.321094,0.206913,0.238699,0.164078,-0.078422,-0.148899,0.143148,0.098930,0.080888,0.343377,-0.398011,-0.030714,0.038441,0.013722,0.150500,0.101279,0.187356,-0.015303,0.703299,0.629454,0.059807,0.343180,-0.057899,-0.097820,0.248693,0.890741,-0.736234,0.137061,-0.038046
0.610054,-1.848194,0.773606,0.038274,0.012974,0.806485,-0.589872,-0.315609,0.225636,0.271764,0.172052,-0.091050,-0.175566,0.129207,0.113631,0.074112,0.343476,-0.381885,-0.037454,0.030917,0.028969,0.161332,0.115969,0.174832,-0.056266,0.669907,0.651361,0.031738,0.350319,-0.055344,-0.090576,0.241380,0.900553,-0.726519,0.133163,-0.020279
0.609896,-1.833551,0.776402,0.040029,0.014490,0.807108,-0.588867,-0.304055,0.230370,0.294663,0.181060,-0.052565,-0.187365,0.112443,0.119569,0.070028,0.339450,-0.355366,-0.041618,0.025279,0.040063,0.169623,0.126951,0.155609,-0.100390,0.647867,0.676997,0.006667,0.352216,-0.047826,-0.085833,0.234525,0.901089,-0.721376,0.123572,-0.009201
0.610188,-1.819378,0.779559,0.039562,0.017843,0.807979,-0.587611,-0.286900,0.219092,0.289477,0.190752,-0.009885,-0.177216,0.095147,0.118725,0.068867,0.335109,-0.328570,-0.042801,0.022066,0.047031,0.176371,0.134655,0.136611,-0.144117,0.634055,0.694682,-0.020529,0.336676,-0.031923,-0.083332,0.229351,0.888928,-0.713913,0.102584,0.000773
0.610720,-1.805710,0.782379,0.038535,0.022287,0.808587,-0.586691,-0.268101,0.200372,0.268985,0.214306,0.008299,-0.174585,0.079271,0.114530,0.067841,0.331948,-0.308962,-0.041738,0.020242,0.050848,0.182495,0.138814,0.128137,-0.192543,0.621889,0.714847,-0.049558,0.317411,-0.010515,-0.081903,0.229677,0.865915,-0.700577,0.071997,0.015563
0.611299,-1.792455,0.784584,0.037171,0.026831,0.808832,-0.586250,-0.250541,0.178430,0.239153,0.250986,0.014737,-0.177872,0.065011,0.109408,0.066123,0.328222,-0.298245,-0.040324,0.018766,0.053031,0.188515,0.138820,0.128683,-0.245316,0.607739,0.730940,-0.080809,0.298701,0.010846,-0.085070,0.241855,0.834915,-0.689321,0.036334,0.028295
0.611845,-1.779482,0.786215,0.035467,0.031231,0.808796,-0.586187,-0.231350,0.149814,0.193235,0.288808,0.014677,-0.170227,0.052333,0.104029,0.063919,0.322476,-0.292739,-0.039853,0.017489,0.054542,0.193540,0.135760,0.134832,-0.299892,0.592177,0.734209,-0.115707,0.271046,0.031664,-0.092333,0.264217,0.797002,-0.679014,0.004137,0.038913
0.612308,-1.766673,0.786887,0.034719,0.034073,0.807811,-0.587431,-0.209358,0.115414,0.123420,0.309394,-0.040235,-0.121652,0.040435,0.101888,0.057420,0.316211,-0.288356,-0.041538,0.015839,0.056218,0.197351,0.129314,0.150626,-0.355758,0.575312,0.731985,-0.153854,0.237700,0.052027,-0.099595,0.292595,0.751007,-0.663258,-0.025354,0.047373
0.612735,-1.753926,0.786776,0.034422,0.035173,0.805497,-0.590553,-0.181718,0.095462,0.087210,0.300196,-0.095337,-0.107019,0.027840,0.101995,0.045334,0.308303,-0.279449,-0.044596,0.011113,0.059082,0.199815,0.120032,0.166492,-0.408202,0.556033,0.737100,-0.180837,0.213887,0.070092,-0.107451,0.327490,0.695655,-0.639003,-0.056992,0.052496
0.613189,-1.740925,0.785603,0.033841,0.035870,0.802242,-0.594959,-0.153336,0.086974,0.080486,0.257376,-0.110972,-0.099296,0.013791,0.101599,0.030555,0.299116,-0.264882,-0.047463,0.004647,0.062931,0.201674,0.113617,0.182882,-0.450721,0.534899,0.744429,-0.204136,0.200653,0.080262,-0.113969,0.359817,0.635990,-0.607467,-0.079654,0.067056
0.613713,-1.728257,0.785842,0.032400,0.036784,0.797958,-0.600717,-0.134628,0.086793,0.102086,0.194101,-0.076219,-0.104249,-0.002445,0.098557,0.014662,0.290843,-0.246808,-0.049246,-0.003599,0.066564,0.203235,0.106033,0.195456,-0.481940,0.518875,0.750376,-0.221861,0.193458,0.090642,-0.123644,0.388429,0.574061,-0.575079,-0.103985,0.078639
0.614452,-1.715090,0.786119,0.031376,0.037303,0.793339,-0.606825,-0.132576,0.096108,0.153115,0.161608,-0.037040,-0.130489,-0.023543,0.095852,-0.001912,0.290797,-0.230532,-0.050206,-0.013000,0.069062,0.205792,0.105178,0.203268,-0.498304,0.498237,0.739382,-0.248898,0.199815,0.095306,-0.134669,0.415089,0.512027,-0.556083,-0.126214,0.072537
0.615212,-1.701022,0.787421,0.030408,0.038222,0.787922,-0.613835,-0.136862,0.102358,0.196351,0.159523,-0.023441,-0.156140,-0.046359,0.091224,-0.019852,0.294624,-0.215694,-0.051300,-0.020707,0.070413,0.209254,0.107140,0.211118,-0.505411,0.468700,0.720020,-0.281793,0.234196,0.094165,-0.145012,0.438239,0.448169,-0.558765,-0.148328,0.039773
0.615953,-1.686811,0.787496,0.030050,0.040524,0.782722,-0.620323,-0.143997,0.095374,0.187400,0.181977,-0.024967,-0.150132,-0.065441,0.085151,-0.036424,0.296089,-0.200928,-0.053095,-0.024183,0.070652,0.213840,0.102967,0.240514,-0.518153,0.414689,0.754514,-0.332655,0.328947,0.087977,-0.150512,0.453628,0.390159,-0.572803,-0.172921,-0.006812
0.616815,-1.672335,0.786740,0.031198,0.043364,0.777884,-0.626133,-0.159236,0.078594,0.136415,0.227409,-0.042288,-0.131850,-0.083839,0.079721,-0.052059,0.300812,-0.187973,-0.054121,-0.024193,0.070608,0.220050,0.098545,0.277007,-0.530705,0.337277,0.835693,-0.381873,0.459398,0.082250,-0.160322,0.467594,0.324453,-0.618067,-0.196138,-0.068757
0.617768,-1.657466,0.785426,0.031300,0.045675,0.773688,-0.631143,-0.177322,0.061237,0.087920,0.271906,-0.064429,-0.129018,-0.108974,0.073655,-0.066288,0.311154,-0.174194,-0.057115,-0.022718,0.070482,0.226145,0.105843,0.310325,-0.536309,0.239521,0.908317,-0.435493,0.588444,0.085758,-0.173381,0.481576,0.239505,-0.671205,-0.233226,-0.134180
0.618696,-1.642511,0.783788,0.032814,0.048425,0.769758,-0.635650,-0.189899,0.053469,0.070027,0.309391,-0.084854,-0.131868,-0.129743,0.068499,-0.079737,0.317743,-0.156994,-0.061452,-0.021353,0.070404,0.231001,0.132270,0.348402,-0.546405,0.113904,0.943458,-0.478197,0.725235,0.108255,-0.183240,0.506118,0.145567,-0.659004,-0.291604,-0.162365
0.619380,-1.627400,0.781886,0.035538,0.051874,0.766448,-0.639221,-0.198063,0.055867,0.079972,0.349253,-0.107803,-0.141702,-0.146305,0.064929,-0.091186,0.321383,-0.137022,-0.067830,-0.020993,0.069866,0.234623,0.171424,0.394502,-0.594866,-0.029896,0.899892,-0.485042,0.825750,0.134870,-0.216907,0.542215,0.029187,-0.637828,-0.361642,-0.187331
0.619704,-1.611838,0.779722,0.038821,0.056266,0.764143,-0.641415,-0.201914,0.067381,0.119594,0.415378,-0.144948,-0.146448,-0.161324,0.062926,-0.098725,0.324379,-0.113355,-0.077269,-0.022206,0.067882,0.236700,0.200870,0.459782,-0.662272,-0.182044,0.832026,-0.485463,0.887486,0.161349,-0.265401,0.584711,-0.102231,-0.622107,-0.425505,-0.217422
0.619630,-1.595561,0.777084,0.042916,0.061953,0.763482,-0.641417,-0.200475,0.074430,0.149156,0.520885,-0.194955,-0.138813,-0.176829,0.063784,-0.098790,0.331097,-0.085569,-0.091024,-0.023070,0.062720,0.236796,0.229235,0.535792,-0.733686,-0.318336,0.741534,-0.485486,0.898555,0.196467,-0.314778,0.642662,-0.228189,-0.574052,-0.470485,-0.232656
0.619173,-1.578398,0.773473,0.047733,0.068263,0.766129,-0.637266,-0.196008,0.037560,0.094150,0.646353,-0.230284,-0.149576,-0.197314,0.070576,-0.087153,0.346948,-0.055368,-0.104191,-0.021285,0.052546,0.234552,0.249156,0.607542,-0.786652,-0.438104,0.664137,-0.485535,0.886284,0.228919,-0.362130,0.703279,-0.341368,-0.509122,-0.481809,-0.245357
0.618203,-1.560276,0.768147,0.051562,0.074670,0.772115,-0.628971,-0.175890,-0.028364,0.006340,0.742530,-0.254815,-0.177064,-0.227209,0.082537,-0.065884,0.373822,-0.030131,-0.106197,-0.020516,0.036504,0.227723,0.271835,0.658476,-0.767943,-0.500876,0.648545,-0.484197,0.879965,0.245065,-0.399925,0.728742,-0.422821,-0.482591,-0.479876,-0.290341
0.616753,-1.541462,0.759781,0.052674,0.077887,0.782643,-0.615328,-0.149638,-0.032840,0.006081,0.737879,-0.299373,-0.112470,-0.283481,0.103288,-0.038396,0.433640,-0.022333,-0.070624,-0.024456,0.016072,0.218581,0.298266,0.680984,-0.702662,-0.525214,0.674519,-0.470102,0.912372,0.234028,-0.422302,0.723401,-0.458968,-0.486610,-0.464756,-0.371822
0.614574,-1.521764,0.751712,0.052398,0.082010,0.795469,-0.598129,-0.136899,-0.008012,0.056755,0.700753,-0.381500,-0.062130,-0.374850,0.123246,-0.010932,0.560507,-0.063661,0.081706,-0.029370,-0.005586,0.208784,0.300071,0.692882,-0.650714,-0.560952,0.734448,-0.455986,0.959102,0.188272,-0.444426,0.710112,-0.478503,-0.528737,-0.450143,-0.480141
0.612309,-1.501283,0.742087,0.053726,0.091405,0.802323,-0.587398,-0.168841,0.009677,0.090353,0.747431,-0.421840,-0.049314,-0.444505,0.101686,-0.034656,0.747982,-0.162357,0.235989,-0.031209,-0.024318,0.199578,0.250839,0.700519,-0.618501,-0.609416,0.828083,-0.453855,0.983780,0.128761,-0.475731,0.715990,-0.500868,-0.575579,-0.437824,-0.568121
0.610779,-1.480524,0.734041,0.060283,0.098998,0.800240,-0.588372,-0.215269,0.025246,0.093589,0.812537,-0.410380,-0.059274,-0.461542,-0.015053,-0.120639,0.966288,-0.268150,0.188836,-0.034683,-0.034261,0.190752,0.172231,0.702231,-0.632191,-0.627597,0.883006,-0.454188,0.985431,0.069464,-0.492200,0.734978,-0.524083,-0.633256,-0.414474,-0.665255
0.610184,-1.461138,0.729959,0.063802,0.110129,0.794130,-0.594271,-0.231209,0.018731,0.090539,0.817170,-0.380847,-0.068873,-0.405386,-0.186970,-0.193568,1.145064,-0.360684,0.073143,-0.035905,-0.034263,0.172194,0.104258,0.696745,-0.682537,-0.605099,0.906049,-0.455894,0.985521,0.009004,-0.519306,0.809101,-0.514943,-0.636919,-0.426163,-0.707352
0.610431,-1.442785,0.728957,0.066360,0.124880,0.788711,-0.598278,-0.222646,-0.002586,0.087148,0.786918,-0.337308,-0.074236,-0.298698,-0.331197,-0.189457,1.247803,-0.416771,-0.002550,-0.035601,-0.027746,0.144323,0.050580,0.672234,-0.725274,-0.575846,0.892554,-0.452844,0.985574,-0.059585,-0.542538,0.895534,-0.487611,-0.612090,-0.430622,-0.766987
0.611135,-1.424120,0.730201,0.067010,0.140989,0.787131,-0.596704,-0.201811,-0.024392,0.094867,0.734663,-0.277824,-0.078069,-0.165648,-0.429816,-0.142200,1.255006,-0.424341,0.005355,-0.029615,-0.015196,0.110709,0.040839,0.633583,-0.732101,-0.532915,0.870491,-0.433023,0.985598,-0.175196,-0.549858,0.960972,-0.446678,-0.547223,-0.422379,-0.835808
0.611886,-1.403748,0.733420,0.067221,0.155825,0.790123,-0.588987,-0.175486,-0.039348,0.108477,0.668555,-0.206838,-0.084068,-0.020266,-0.477660,-0.067138,1.168170,-0.364025,0.093839,-0.012985,0.005371,0.075269,0.041939,0.595121,-0.711997,-0.493294,0.832913,-0.411283,0.985659,-0.324688,-0.517651,0.997489,-0.403164,-0.574212,-0.370667,-0.975068
