-0.054792,-1.162211,0.605355,-0.118011,-0.059533,0.728989,-0.671643,-1.276898,0.352033,-0.059431,0.911107,-0.102184,-0.247769,0.092748,-0.407563,-0.079517,0.881759,-0.835257,0.247732,0.089450,0.056487,0.416815,0.481233,0.286578,-0.012532,0.268200,0.597601,0.009251,0.315164,-0.107537,-0.423155,0.003319,0.046952,-1.119340,0.156415,-0.369261
-0.043969,-1.184857,0.613035,-0.123166,-0.069409,0.707966,-0.691952,-1.288820,0.279799,-0.064160,1.013146,-0.164860,-0.247765,0.191689,-0.400737,-0.167511,0.732684,-0.710549,0.247725,0.103980,0.058228,0.400062,0.516075,0.276865,-0.018639,0.217094,0.645324,-0.030553,0.319107,-0.077279,-0.408391,0.083652,-0.073712,-1.136906,0.121245,-0.417644
-0.033011,-1.212816,0.624326,-0.138725,-0.074481,0.677388,-0.718577,-1.259592,0.173137,-0.073650,1.028039,-0.239456,-0.247763,0.265937,-0.418316,-0.269270,0.632368,-0.449948,0.247789,0.123236,0.047317,0.376684,0.526947,0.251780,-0.035447,0.180491,0.652099,-0.068244,0.310818,-0.031311,-0.404180,0.121657,-0.179737,-1.193352,0.104700,-0.504622
-0.023254,-1.243700,0.635535,-0.153279,-0.073647,0.638784,-0.750358,-1.219392,0.062644,-0.064678,1.019452,-0.289940,-0.247765,0.289208,-0.439033,-0.360147,0.663540,-0.149498,0.247726,0.141493,0.027682,0.358819,0.519575,0.242835,-0.072537,0.182632,0.660461,-0.080701,0.302391,0.032123,-0.420419,0.117747,-0.199803,-1.249714,0.128771,-0.576958
-0.014909,-1.278143,0.643382,-0.168223,-0.067677,0.597013,-0.781471,-1.156593,-0.054551,-0.090562,0.986641,-0.327468,-0.247767,0.183470,-0.376330,-0.281042,0.896912,-0.020400,0.247754,0.149899,-0.002122,0.354303,0.497723,0.240536,-0.115529,0.241038,0.650793,-0.061046,0.277889,0.089294,-0.478965,0.093568,-0.107396,-1.270333,0.182358,-0.467274
-0.007408,-1.315145,0.647241,-0.174167,-0.062299,0.564851,-0.804194,-1.089460,-0.133994,-0.128962,0.967863,-0.355588,-0.247733,-0.010366,-0.207226,-0.146683,1.231206,-0.109271,0.247758,0.155618,-0.027356,0.362068,0.488820,0.256626,-0.148332,0.358658,0.670434,0.013337,0.237620,0.142561,-0.535339,0.057383,0.043525,-1.237601,0.244922,-0.325491
-0.000279,-1.356270,0.655184,-0.174360,-0.058205,0.541122,-0.820608,-1.016136,-0.180025,-0.166654,0.958226,-0.393468,-0.247731,-0.219858,-0.197378,-0.137361,1.530503,-0.219008,0.247652,0.157689,-0.050378,0.375587,0.521158,0.280609,-0.177800,0.500441,0.678485,0.082657,0.180773,0.217303,-0.563361,0.019368,0.221624,-1.171735,0.309672,-0.219835
0.006608,-1.401456,0.663148,-0.173117,-0.052775,0.515069,-0.837824,-0.936258,-0.217567,-0.205334,0.957666,-0.429316,-0.247506,-0.450379,-0.237297,-0.051577,1.726194,-0.334652,0.245091,0.135949,-0.072020,0.392197,0.603569,0.344438,-0.269978,0.638232,0.752904,0.107753,0.106175,0.314335,-0.586715,0.017823,0.397427,-1.158104,0.350493,-0.157747
0.012341,-1.449355,0.670759,-0.165678,-0.044956,0.487169,-0.856269,-0.861592,-0.234188,-0.231039,0.986167,-0.449846,-0.245512,-0.687058,-0.243235,0.055973,1.800888,-0.413754,0.187657,0.102175,-0.084229,0.410233,0.730121,0.404305,-0.378443,0.731416,0.819725,0.062261,0.012394,0.420517,-0.573721,0.027792,0.537094,-1.136319,0.350659,-0.175581
0.016534,-1.499460,0.676869,-0.152521,-0.035858,0.455106,-0.876544,-0.819340,-0.222880,-0.209965,1.071414,-0.416148,-0.199515,-0.883779,-0.228914,0.153132,1.744801,-0.443673,0.119400,0.065973,-0.082705,0.427653,0.898189,0.442209,-0.419287,0.762128,0.810743,-0.012702,-0.039039,0.553557,-0.510818,-0.008384,0.613034,-1.080565,0.335489,-0.237370
0.020076,-1.551391,0.680906,-0.134620,-0.026256,0.416656,-0.898658,-0.830691,-0.183161,-0.143923,1.229975,-0.299836,-0.114315,-0.997693,-0.219738,0.244664,1.577606,-0.444811,0.067111,0.028391,-0.066829,0.442493,1.079679,0.454075,-0.372620,0.732619,0.737137,-0.066057,-0.024791,0.696354,-0.418009,-0.071644,0.624226,-1.040976,0.315566,-0.336405
0.022410,-1.604972,0.686786,-0.117074,-0.022533,0.373032,-0.920126,-0.879075,-0.049860,-0.002840,1.392790,-0.219001,-0.093213,-1.026779,-0.204034,0.344334,1.342280,-0.399064,0.028229,-0.009192,-0.044090,0.450010,1.220571,0.426598,-0.276378,0.676002,0.647935,-0.078155,0.031954,0.808508,-0.302182,-0.146297,0.600941,-1.027322,0.312452,-0.439220
0.025157,-1.658152,0.685153,-0.097645,-0.025067,0.329423,-0.938785,-0.920892,0.019707,0.087105,1.504861,-0.248366,-0.120947,-0.985757,-0.178130,0.459466,1.093340,-0.301177,0.054491,-0.039454,-0.021894,0.448136,1.278068,0.360096,-0.163422,0.630200,0.519215,-0.079734,0.075137,0.853097,-0.182169,-0.208856,0.577757,-1.009609,0.304012,-0.500264
0.028009,-1.710134,0.676635,-0.067340,-0.031211,0.284870,-0.955688,-0.971946,-0.050629,0.125908,1.564385,-0.323392,-0.241772,-0.916023,-0.135714,0.558155,0.934667,-0.208213,0.192976,-0.070055,0.003748,0.439850,1.223593,0.321352,-0.093192,0.606408,0.443729,-0.054774,0.112953,0.819366,-0.084026,-0.242866,0.594567,-0.974859,0.290787,-0.474517
0.030553,-1.761023,0.660675,-0.035088,-0.034654,0.242820,-0.968817,-1.014992,-0.110071,0.227146,1.593962,-0.399863,-0.246657,-0.855542,-0.035042,0.533059,1.019361,-0.338878,0.245382,-0.100344,0.026721,0.426054,1.066415,0.309744,-0.064954,0.608186,0.415001,-0.024454,0.162638,0.718034,-0.026322,-0.266896,0.645457,-0.934294,0.277522,-0.425249
0.032174,-1.807258,0.642072,-0.010028,-0.036972,0.214342,-0.976007,-1.005026,-0.159631,0.227821,1.562031,-0.453902,-0.226971,-0.885889,0.019617,0.418728,1.199863,-0.476558,0.247632,-0.114742,0.032094,0.410392,0.813837,0.281408,-0.039882,0.634656,0.358995,0.006810,0.215317,0.542895,0.017136,-0.326434,0.715563,-0.841052,0.278837,-0.365847
0.034335,-1.847810,0.620195,0.012602,-0.038103,0.203680,-0.978215,-0.924736,-0.102419,0.157174,1.591218,-0.616212,0.133665,-0.929922,0.073513,0.326574,1.358551,-0.553966,0.247753,-0.110840,0.020375,0.388807,0.473527,0.292186,-0.101954,0.677272,0.432271,0.041012,0.256802,0.320948,0.040718,-0.412846,0.780209,-0.728248,0.280806,-0.319821
0.036186,-1.882336,0.604887,0.031958,-0.029778,0.189522,-0.980904,-0.895003,-0.062226,0.104761,1.665646,-0.705069,0.224132,-0.946181,0.106689,0.247518,1.482314,-0.598537,0.247557,-0.103478,0.005514,0.374713,0.075144,0.245725,-0.181989,0.689475,0.494144,0.060738,0.220914,0.091653,0.014834,-0.427443,0.756719,-0.706024,0.255135,-0.345046
0.037827,-1.911430,0.596552,0.041022,-0.017779,0.168957,-0.984609,-0.880254,-0.092118,0.010184,1.727949,-0.724686,0.174503,-0.937961,0.103746,0.184337,1.560163,-0.631361,0.242952,-0.092643,-0.013228,0.368139,-0.369198,0.138842,-0.277992,0.681606,0.510827,0.010406,0.172779,-0.158458,-0.046020,-0.438403,0.598210,-0.658226,0.146851,-0.432365
0.040546,-1.936896,0.597491,0.042811,-0.007261,0.154921,-0.986972,-0.842509,-0.097062,-0.047967,1.738052,-0.743697,0.138851,-0.912457,0.095296,0.126976,1.589135,-0.651060,0.206638,-0.085190,-0.030945,0.361159,-0.777304,0.030815,-0.365617,0.634165,0.491963,-0.077429,0.164231,-0.413353,-0.188530,-0.392952,0.386934,-0.693447,0.063671,-0.543148
0.046140,-1.958340,0.610446,0.037467,-0.002927,0.155985,-0.987044,-0.782761,-0.082448,-0.073816,1.682037,-0.751774,0.115396,-0.872721,0.093739,0.093669,1.559698,-0.648422,0.163762,-0.082159,-0.046503,0.350230,-1.149434,-0.010839,-0.403186,0.544195,0.442792,-0.169629,0.234232,-0.670409,-0.358444,-0.338767,0.158507,-0.707721,-0.012400,-0.654612
0.055661,-1.977718,0.637369,0.025210,-0.003012,0.162925,-0.986312,-0.704283,-0.070025,-0.080878,1.567608,-0.710514,0.093966,-0.813291,0.091990,0.083517,1.478327,-0.601391,0.123455,-0.081001,-0.058280,0.329887,-1.456302,0.019525,-0.384272,0.418811,0.385641,-0.231246,0.437385,-0.914337,-0.550569,-0.276207,-0.071515,-0.733017,-0.081570,-0.752645
0.070447,-1.995918,0.683481,0.011863,-0.005224,0.169019,-0.985528,-0.597207,-0.056146,-0.071280,1.380699,-0.585772,0.090822,-0.717642,0.074950,0.075754,1.325410,-0.488499,0.087864,-0.076602,-0.067434,0.297294,-1.484399,0.077852,-0.364234,0.148784,0.460734,-0.281137,0.596176,-1.134779,-0.699899,-0.202394,-0.268394,-0.867103,-0.114117,-0.850121
0.090881,-2.014908,0.740265,-0.002346,-0.005178,0.177564,-0.984093,-0.431149,-0.047094,-0.059027,1.085826,-0.370726,0.082863,-0.561087,0.051348,0.075233,1.065374,-0.310739,0.073296,-0.066100,-0.077301,0.248658,-1.485598,0.133088,-0.345023,-0.082139,0.550565,-0.311020,0.649374,-1.316178,-0.807327,-0.126490,-0.417650,-1.038789,-0.132354,-0.926005
0.117009,-2.035410,0.801340,-0.011778,-0.004682,0.181322,-0.983342,-0.196160,-0.038791,-0.059541,0.644449,-0.006411,0.018593,-0.325056,0.026013,0.072112,0.653169,-0.021360,0.140568,-0.049055,-0.087484,0.180078,-1.485648,0.147899,-0.322583,-0.244920,0.640624,-0.353386,0.725696,-1.419997,-0.892130,-0.067894,-0.516075,-1.221283,-0.147836,-0.974124
0.143441,-2.056217,0.842595,-0.021202,-0.008053,0.187438,-0.982015,0.008204,0.043534,0.209585,0.285072,0.331377,-0.234184,-0.100840,-0.010265,-0.172106,0.261460,0.293746,0.242987,-0.031150,-0.097211,0.098485,-1.485652,0.162490,-0.306333,-0.365035,0.792405,-0.428912,0.784109,-1.467393,-0.963246,0.021906,-0.596573,-1.417186,-0.148904,-0.982642
0.166903,-2.076713,0.871065,-0.024233,-0.009805,0.191680,-0.981109,0.142305,0.106527,0.389166,0.242862,0.456874,-0.247134,0.029444,-0.050634,-0.279877,0.229196,0.410662,0.247581,-0.030347,-0.107863,0.028012,-1.485651,0.169729,-0.302381,-0.418715,0.946738,-0.467600,0.858401,-1.484537,-0.997755,0.127118,-0.605020,-1.471323,-0.150148,-0.984633
0.190118,-2.097579,0.892650,-0.027498,0.001920,0.188769,-0.981635,0.220638,0.050403,0.284051,0.285349,0.485705,-0.247720,0.147504,0.017222,-0.173618,0.241892,0.440738,0.247765,-0.036044,-0.122606,-0.019589,-1.485649,0.163804,-0.292252,-0.465641,1.027639,-0.475731,0.938346,-1.485509,-1.047793,0.139867,-0.674666,-1.523471,-0.124193,-0.985425
0.210676,-2.117358,0.909788,-0.030221,0.000644,0.180028,-0.983197,0.298036,0.067980,0.307772,0.251678,0.465270,-0.247714,0.237372,0.034932,-0.227235,0.208063,0.424135,0.247769,-0.038702,-0.138765,-0.066651,-1.485649,0.188767,-0.268214,-0.560828,1.149540,-0.484461,0.982748,-1.485571,-1.107254,0.078258,-0.768844,-1.596702,-0.086734,-0.985529
0.226873,-2.136088,0.923418,-0.030300,-0.000571,0.170709,-0.984855,0.346644,0.120264,0.375457,0.247059,0.445283,-0.247297,0.284239,0.044256,-0.294138,0.213394,0.418690,0.247765,-0.037945,-0.156881,-0.118490,-1.485647,0.176837,-0.271648,-0.600106,1.175109,-0.484850,0.985401,-1.485532,-1.173183,0.065145,-0.799600,-1.570339,-0.087946,-0.985458
0.240887,-2.154378,0.933972,-0.030789,0.000988,0.158374,-0.986899,0.369784,0.150887,0.370715,0.267935,0.442701,-0.240704,0.318044,0.068002,-0.307365,0.234729,0.415912,0.247762,-0.034846,-0.175753,-0.154861,-1.485646,0.197205,-0.305024,-0.682697,1.202944,-0.485398,0.985566,-1.485510,-1.251381,0.058301,-0.877381,-1.527444,-0.106465,-0.985519
0.252924,-2.171614,0.941745,-0.030787,0.002640,0.148948,-0.988362,0.366676,0.157484,0.293192,0.295576,0.438721,-0.238622,0.319666,0.114519,-0.239875,0.277907,0.418371,0.247762,-0.030731,-0.193646,-0.170934,-1.485645,0.237860,-0.335586,-0.775121,1.261519,-0.485539,0.985590,-1.485434,-1.291716,0.029471,-0.936529,-1.511060,-0.099785,-0.985463
0.262539,-2.187172,0.946911,-0.030856,0.005027,0.141468,-0.989449,0.355880,0.175064,0.274768,0.308741,0.427357,-0.232960,0.305196,0.141321,-0.202150,0.306916,0.412889,0.247763,-0.027812,-0.209759,-0.182640,-1.485643,0.240027,-0.352573,-0.795665,1.276192,-0.485532,0.985597,-1.485333,-1.297972,0.023030,-0.952166,-1.498771,-0.085842,-0.985477
0.270250,-2.200660,0.949525,-0.034169,0.005764,0.137848,-0.989847,0.340793,0.196373,0.322409,0.315051,0.407542,-0.226893,0.287490,0.107337,-0.260851,0.311653,0.395738,0.247761,-0.022969,-0.221425,-0.190359,-1.485642,0.225140,-0.360893,-0.795437,1.278357,-0.485388,0.985557,-1.485110,-1.290672,0.048877,-0.952793,-1.476956,-0.080520,-0.985467
0.276613,-2.212687,0.949522,-0.037593,0.006339,0.139434,-0.989497,0.315800,0.180752,0.296799,0.312601,0.404478,-0.238007,0.262057,0.062251,-0.288678,0.313449,0.382465,0.247759,-0.016852,-0.227411,-0.190928,-1.485641,0.218136,-0.355142,-0.741562,1.307755,-0.482432,0.984408,-1.485388,-1.262688,0.073049,-0.930015,-1.463161,-0.077678,-0.985299
0.281768,-2.223810,0.946778,-0.041684,0.007868,0.143449,-0.988748,0.279339,0.143321,0.221371,0.316076,0.389873,-0.243794,0.221082,0.030151,-0.252134,0.324340,0.374108,0.247768,-0.013908,-0.228260,-0.184373,-1.485650,0.215868,-0.335475,-0.590058,1.397172,-0.420122,0.957847,-1.485552,-1.225599,0.063064,-0.782803,-1.500612,-0.077605,-0.978457
0.285699,-2.234499,0.941133,-0.045468,0.009202,0.148003,-0.987898,0.244743,0.114381,0.204973,0.318021,0.356813,-0.247551,0.177484,-0.018834,-0.243556,0.332302,0.360981,0.247768,-0.016158,-0.225612,-0.175648,-1.485650,0.150571,-0.336674,-0.414026,1.513658,-0.265401,0.704196,-1.485552,-1.197259,0.012048,-0.451904,-1.625051,0.019014,-0.833830
0.288540,-2.245225,0.932379,-0.047950,0.009859,0.152527,-0.987086,0.210891,0.090692,0.210579,0.313334,0.317306,-0.247689,0.135216,-0.085369,-0.274021,0.327049,0.339490,0.247756,-0.018329,-0.219012,-0.164428,-1.485638,0.045336,-0.372351,-0.262886,1.611075,-0.127524,0.450917,-1.485534,-1.170210,-0.026640,-0.052421,-1.697931,0.117136,-0.263173
0.290131,-2.256368,0.920227,-0.048881,0.011539,0.156479,-0.986404,0.173335,0.071187,0.211007,0.314317,0.262031,-0.247696,0.093299,-0.151083,-0.309830,0.311503,0.315925,0.247753,-0.019293,-0.209574,-0.149469,-1.485635,-0.078450,-0.427496,-0.154045,1.532246,-0.056010,0.346263,-1.485595,-1.264370,-0.050756,0.282939,-1.857571,0.088978,0.467085
0.290123,-2.267681,0.904340,-0.049113,0.013857,0.160652,-0.985691,0.123242,0.055163,0.197306,0.329119,0.205308,-0.247577,0.040471,-0.209775,-0.323674,0.304676,0.294683,0.247751,-0.021422,-0.199027,-0.130386,-1.485638,-0.112258,-0.447359,-0.100011,1.453379,-0.042918,0.266297,-1.485585,-1.282876,-0.108367,0.472252,-1.949654,-0.026042,0.954875
0.288415,-2.278969,0.884220,-0.049657,0.014306,0.164991,-0.984940,0.058957,0.038233,0.173559,0.350394,0.148363,-0.246184,-0.031339,-0.260080,-0.297326,0.319013,0.258092,0.247761,-0.027674,-0.186407,-0.108021,-1.485650,-0.036152,-0.449479,-0.122241,1.428324,-0.070170,0.198354,-1.485632,-1.267404,-0.050434,0.291309,-1.951402,-0.042274,0.980114
0.285318,-2.290301,0.859107,-0.049433,0.014280,0.169504,-0.984185,-0.013201,0.016267,0.126431,0.370559,0.075921,-0.219218,-0.117543,-0.305542,-0.255884,0.358405,0.235192,0.247752,-0.036741,-0.171145,-0.081409,-1.485650,0.049504,-0.457013,-0.156818,1.405964,-0.098641,0.180728,-1.485626,-1.270252,0.030210,0.168583,-1.905810,-0.078216,0.897218
0.280675,-2.301654,0.827552,-0.049402,0.013843,0.168892,-0.984298,-0.101896,-0.007567,0.065241,0.419483,0.088854,-0.211587,-0.218804,-0.321011,-0.166573,0.422762,0.235081,0.247704,-0.047156,-0.156050,-0.050511,-1.485638,0.108981,-0.483408,-0.167089,1.384919,-0.115899,0.199829,-1.485593,-1.296564,0.028500,0.204848,-1.877507,-0.087264,0.981318
0.274033,-2.312322,0.784268,-0.046368,0.014412,0.163782,-0.985301,-0.195614,0.012734,0.082719,0.616084,-0.180151,-0.117346,-0.329962,-0.292497,-0.015616,0.647108,-0.097759,0.246787,-0.060976,-0.142934,-0.020053,-1.485636,0.161549,-0.539250,-0.156908,1.355699,-0.104108,0.223154,-1.485601,-1.331614,-0.014251,0.265135,-1.880936,-0.098355,0.985409
0.265531,-2.321328,0.726966,-0.046561,0.014570,0.164980,-0.985090,-0.343940,0.073352,0.116618,0.967014,-0.546807,-0.099141,-0.489137,-0.287030,0.034409,0.988302,-0.491027,0.225176,-0.068213,-0.136076,0.017100,-1.485647,0.212829,-0.579386,-0.150628,1.323292,-0.119998,0.218455,-1.485626,-1.353943,-0.000656,0.253593,-1.884331,-0.093899,0.985287
0.258734,-2.329183,0.676471,-0.039404,0.012567,0.172509,-0.984139,-0.505873,0.147396,0.100805,1.311948,-0.683802,-0.124739,-0.673047,-0.265189,0.051707,1.328797,-0.595740,0.186985,-0.075031,-0.130796,0.057652,-1.485623,0.284028,-0.661317,-0.152860,1.221482,-0.156197,0.183491,-1.485585,-1.378009,-0.001102,0.249071,-1.821904,-0.059007,0.978573
0.253124,-2.335844,0.638251,-0.033841,0.018718,0.183053,-0.982342,-0.604980,0.209400,0.077533,1.536124,-0.708747,-0.156667,-0.783904,-0.263630,0.032744,1.543778,-0.621701,0.129329,-0.086230,-0.125530,0.092186,-1.485588,0.401776,-0.817988,-0.159917,1.062975,-0.151980,0.186836,-1.485577,-1.384041,0.022016,0.285394,-1.749931,-0.000008,0.927693
0.248893,-2.340399,0.609364,-0.026062,0.022625,0.187652,-0.981629,-0.673502,0.254583,0.045578,1.681712,-0.726460,-0.177595,-0.851541,-0.256039,0.020140,1.681344,-0.644136,0.105037,-0.100054,-0.118645,0.122510,-1.485425,0.495305,-1.011459,-0.129403,0.964983,-0.165738,0.180019,-1.485611,-1.386749,0.043966,0.347643,-1.699569,0.061353,0.866967
0.245246,-2.343063,0.588108,-0.020342,0.019520,0.189887,-0.981401,-0.729847,0.286110,0.018837,1.774708,-0.757473,-0.183917,-0.911608,-0.235478,0.025711,1.773011,-0.654152,0.120094,-0.111819,-0.106230,0.151742,-1.482677,0.563473,-1.206732,-0.076777,0.901156,-0.182798,0.148373,-1.485553,-1.411201,0.064830,0.398640,-1.680249,0.113707,0.813044
0.241899,-2.343836,0.573754,-0.018465,0.014583,0.191548,-0.981201,-0.773627,0.305483,0.007585,1.833104,-0.777451,-0.174320,-0.961948,-0.228706,0.028262,1.829730,-0.660815,0.125985,-0.117614,-0.091920,0.180429,-1.444226,0.578179,-1.343263,0.012620,0.858291,-0.185598,0.140264,-1.485534,-1.458905,0.096449,0.421274,-1.675940,0.145918,0.729030
0.238507,-2.343113,0.565568,-0.017281,0.008970,0.197389,-0.980132,-0.809607,0.324169,0.004796,1.869034,-0.779494,-0.163413,-1.002297,-0.224537,0.022742,1.856335,-0.658105,0.117538,-0.121170,-0.077534,0.209961,-1.397745,0.606278,-1.446481,0.096467,0.844346,-0.174393,0.127420,-1.485489,-1.485155,0.122495,0.422161,-1.659077,0.190380,0.593678
0.235509,-2.341086,0.562684,-0.015656,0.001522,0.206525,-0.978315,-0.841336,0.339070,0.002327,1.886950,-0.764062,-0.157497,-1.031231,-0.197324,0.030110,1.856969,-0.654683,0.133866,-0.125207,-0.062804,0.238912,-1.339100,0.652342,-1.483617,0.168928,0.875811,-0.169082,0.097153,-1.485451,-1.457771,0.124078,0.424293,-1.620761,0.254469,0.428288
0.233263,-2.337838,0.564203,-0.015726,-0.006641,0.220357,-0.975270,-0.857793,0.355502,0.011471,1.883222,-0.748919,-0.156074,-1.052142,-0.166652,0.041460,1.839444,-0.653017,0.150246,-0.129624,-0.048809,0.263444,-1.248576,0.696722,-1.482258,0.245609,0.878668,-0.158484,0.150805,-1.483950,-1.424625,0.134803,0.416748,-1.552151,0.288796,0.279668
0.231866,-2.333605,0.569943,-0.016253,-0.015430,0.236236,-0.971437,-0.857712,0.374512,0.031216,1.859104,-0.741776,-0.158179,-1.064887,-0.146465,0.041786,1.802716,-0.644326,0.139435,-0.130952,-0.036314,0.282830,-1.126645,0.724092,-1.428282,0.346231,0.812145,-0.157806,0.230605,-1.451677,-1.398469,0.156460,0.389471,-1.471482,0.294540,0.149285
0.231330,-2.328767,0.579541,-0.017576,-0.025155,0.252463,-0.967120,-0.842857,0.393646,0.061618,1.814003,-0.741528,-0.162087,-1.069292,-0.124422,0.044349,1.748677,-0.627105,0.134477,-0.127601,-0.024070,0.296187,-0.995700,0.716122,-1.323442,0.476775,0.757535,-0.134424,0.259969,-1.335810,-1.371826,0.152757,0.332895,-1.381931,0.277808,0.043269
0.231696,-2.323448,0.592040,-0.018378,-0.034642,0.270173,-0.962013,-0.815915,0.411564,0.098548,1.753656,-0.740148,-0.162095,-1.061674,-0.095448,0.052031,1.677967,-0.604812,0.137425,-0.121233,-0.012101,0.303945,-0.858323,0.673210,-1.173747,0.646589,0.697755,-0.059099,0.258383,-1.155350,-1.299967,0.107723,0.261605,-1.282794,0.273402,-0.070370
0.233015,-2.317836,0.605558,-0.019039,-0.044061,0.290427,-0.955693,-0.781636,0.427317,0.140159,1.683423,-0.728509,-0.160352,-1.042129,-0.064256,0.060634,1.590888,-0.582124,0.138172,-0.114973,-0.002174,0.307137,-0.692949,0.584334,-0.925604,0.824950,0.576957,0.090081,0.294775,-0.930010,-1.164970,0.054521,0.207043,-1.155601,0.272326,-0.211920
0.235639,-2.312390,0.623111,-0.019134,-0.052744,0.313125,-0.948053,-0.739227,0.442155,0.186342,1.604130,-0.706604,-0.160012,-1.015703,-0.031366,0.071344,1.495958,-0.549253,0.137825,-0.110182,0.005329,0.307365,-0.534489,0.458186,-0.563531,0.954355,0.358391,0.244883,0.468038,-0.723090,-0.998900,0.030878,0.193842,-1.025514,0.233743,-0.263261
0.239233,-2.306821,0.641830,-0.019013,-0.059937,0.336866,-0.939451,-0.688818,0.451977,0.234190,1.518784,-0.680827,-0.166530,-0.982449,0.001463,0.087427,1.394966,-0.507289,0.140675,-0.104876,0.011289,0.304767,-0.369685,0.320064,-0.150254,1.009757,0.093705,0.253161,0.706102,-0.560740,-0.824109,0.065028,0.270731,-0.928965,0.210365,-0.149746
0.243612,-2.301434,0.660693,-0.019852,-0.064028,0.358969,-0.930939,-0.635077,0.449467,0.275888,1.433016,-0.644068,-0.180253,-0.940332,0.028588,0.110967,1.290426,-0.462705,0.149033,-0.097457,0.017575,0.300212,-0.227879,0.198182,0.131567,1.030591,-0.081759,0.206032,0.824571,-0.443205,-0.681569,0.144335,0.426492,-0.933469,0.230596,-0.004901
0.248512,-2.296372,0.679249,-0.022896,-0.064517,0.375916,-0.924121,-0.588747,0.427764,0.298781,1.355387,-0.580416,-0.202651,-0.889666,0.041419,0.140076,1.183718,-0.418514,0.162441,-0.085787,0.023624,0.294422,-0.124949,0.128932,0.230237,1.061775,-0.107152,0.208778,0.845854,-0.348740,-0.552525,0.222025,0.628008,-0.986595,0.273841,0.047597
0.253888,-2.291277,0.696234,-0.025969,-0.061930,0.387697,-0.919337,-0.560644,0.380230,0.278924,1.296455,-0.495277,-0.236332,-0.834071,0.041570,0.169738,1.080598,-0.375289,0.178441,-0.071042,0.028381,0.288909,-0.043609,0.101777,0.210382,1.087449,-0.022153,0.231702,0.847961,-0.252284,-0.428701,0.245752,0.854571,-1.011813,0.320917,0.076070
0.259636,-2.285569,0.710987,-0.030435,-0.056821,0.392814,-0.917356,-0.547878,0.295854,0.228573,1.251386,-0.414371,-0.247232,-0.779917,0.026344,0.197246,0.987674,-0.334935,0.194435,-0.060454,0.031545,0.283341,0.020273,0.093766,0.157120,1.095662,0.092157,0.250022,0.838120,-0.142145,-0.318232,0.218245,1.035267,-0.993459,0.373912,0.186217
0.265150,-2.279816,0.723794,-0.032615,-0.050600,0.391105,-0.918375,-0.538075,0.206787,0.186313,1.228802,-0.358880,-0.247765,-0.727652,0.002666,0.214851,0.906955,-0.299936,0.210240,-0.062242,0.031475,0.276286,0.073370,0.100507,0.102662,1.089492,0.195556,0.259539,0.771557,-0.012634,-0.233445,0.214996,1.116115,-0.989635,0.351627,0.307135
0.270868,-2.273640,0.732596,-0.032595,-0.045331,0.392819,-0.917919,-0.515737,0.178995,0.152352,1.224627,-0.331139,-0.247784,-0.682357,-0.013535,0.231772,0.836128,-0.269730,0.224800,-0.074015,0.027323,0.267122,0.126880,0.127680,0.054384,1.072266,0.280273,0.258057,0.660648,0.124818,-0.178011,0.250011,1.122096,-1.013604,0.247173,0.366811
0.276643,-2.267014,0.738743,-0.031689,-0.039386,0.401613,-0.914413,-0.474805,0.216095,0.119230,1.217823,-0.333484,-0.247767,-0.642649,-0.018832,0.255225,0.774421,-0.241872,0.236150,-0.085412,0.020048,0.257057,0.174075,0.158296,0.001430,1.055252,0.361095,0.254573,0.549761,0.255186,-0.144155,0.285639,1.094426,-1.033436,0.143936,0.353358
0.282468,-2.259497,0.742475,-0.028100,-0.033572,0.414890,-0.908818,-0.424708,0.268971,0.082624,1.198261,-0.334032,-0.247751,-0.609561,-0.013411,0.281156,0.724479,-0.215873,0.244059,-0.091447,0.012904,0.247344,0.213737,0.190751,-0.058762,1.036951,0.445191,0.244846,0.468054,0.377419,-0.132192,0.327371,1.067353,-1.051553,0.067309,0.320796
0.288472,-2.250578,0.743868,-0.021180,-0.027487,0.430677,-0.901839,-0.365923,0.302547,0.036263,1.162205,-0.352210,-0.247724,-0.582140,0.000303,0.306043,0.687240,-0.192748,0.247237,-0.091479,0.007630,0.238178,0.242682,0.215751,-0.110351,1.031026,0.515913,0.234942,0.426181,0.485100,-0.138330,0.372570,1.040377,-1.070050,0.026646,0.325780
0.294600,-2.239993,0.743253,-0.012240,-0.020468,0.447337,-0.894048,-0.301782,0.293770,-0.023542,1.109632,-0.380571,-0.247740,-0.560210,0.017795,0.329374,0.662334,-0.172475,0.247718,-0.088835,0.003807,0.230306,0.249154,0.243721,-0.155627,1.029830,0.572895,0.222209,0.366942,0.567598,-0.161089,0.413552,1.010107,-1.082864,-0.011336,0.366382
0.300692,-2.227680,0.740805,-0.002566,-0.012919,0.463760,-0.885863,-0.230030,0.254185,-0.100063,1.043606,-0.409827,-0.247745,-0.546039,0.036402,0.351092,0.650460,-0.155137,0.247756,-0.084518,-0.000262,0.223082,0.237787,0.271900,-0.179968,1.026836,0.613933,0.215957,0.314163,0.621553,-0.191234,0.429994,0.986442,-1.074520,-0.038750,0.457120
0.306677,-2.213700,0.736656,0.006306,-0.004509,0.480039,-0.877213,-0.151955,0.192548,-0.192332,0.969853,-0.437425,-0.247687,-0.539232,0.054093,0.373930,0.650610,-0.144182,0.247731,-0.079462,-0.005341,0.217280,0.210992,0.291197,-0.175090,1.012368,0.631298,0.204524,0.280681,0.642437,-0.224704,0.415936,0.963521,-1.050079,-0.040294,0.553776
0.312363,-2.197852,0.730225,0.015386,0.004158,0.495433,-0.868500,-0.083455,0.147738,-0.267283,0.908791,-0.476751,-0.247530,-0.537360,0.071280,0.396816,0.656576,-0.137536,0.247748,-0.074654,-0.011307,0.213802,0.172371,0.303178,-0.150229,0.989029,0.633768,0.201258,0.263506,0.630052,-0.258944,0.387861,0.936230,-1.031024,-0.023712,0.618761
0.316785,-2.180356,0.723745,0.025937,0.014691,0.509094,-0.860195,-0.040943,0.144360,-0.270093,0.891178,-0.562575,-0.245444,-0.532063,0.088014,0.418753,0.660796,-0.131248,0.247755,-0.072129,-0.017155,0.213940,0.125511,0.306871,-0.118303,0.956404,0.631143,0.194190,0.267919,0.593218,-0.292181,0.342690,0.899552,-1.025261,0.016310,0.613467
0.320701,-2.160638,0.717182,0.036373,0.026327,0.520188,-0.852871,-0.030994,0.161389,-0.198132,0.915235,-0.643921,-0.200439,-0.518910,0.096467,0.441141,0.645609,-0.118696,0.247750,-0.071749,-0.022855,0.217714,0.066389,0.305070,-0.094420,0.925084,0.629962,0.182734,0.274432,0.543894,-0.313077,0.268002,0.847686,-1.033076,0.079501,0.510334
0.324465,-2.138580,0.712523,0.045711,0.036632,0.528487,-0.846918,-0.036606,0.167527,-0.132795,0.946348,-0.703757,-0.157928,-0.493894,0.087256,0.461373,0.588087,-0.082844,0.247747,-0.070259,-0.029187,0.224154,-0.006015,0.302786,-0.087666,0.898508,0.642015,0.177180,0.281410,0.496594,-0.297923,0.139921,0.771699,-1.030287,0.166244,0.305440
0.327794,-2.115265,0.709666,0.050495,0.045677,0.535929,-0.841513,-0.045884,0.151464,-0.104395,0.959762,-0.745196,-0.139980,-0.465050,0.049961,0.463287,0.490150,-0.024803,0.247728,-0.067049,-0.037913,0.229349,-0.082102,0.294329,-0.097208,0.874144,0.662819,0.170757,0.284580,0.454196,-0.232350,-0.042000,0.661116,-0.970721,0.245172,0.036579
0.330215,-2.091367,0.709002,0.053476,0.054622,0.541554,-0.837184,-0.062322,0.128779,-0.082204,0.966760,-0.760044,-0.121817,-0.453361,-0.053553,0.399690,0.373675,0.003200,0.246392,-0.065081,-0.050024,0.232990,-0.146604,0.287035,-0.114442,0.848668,0.679643,0.164047,0.283233,0.411230,-0.138076,-0.200576,0.534975,-0.839249,0.246454,-0.195857
0.331678,-2.068030,0.709337,0.053532,0.063258,0.545379,-0.834083,-0.088975,0.105647,-0.059986,0.986450,-0.744607,-0.099577,-0.432724,-0.162826,0.255591,0.282651,-0.040410,0.215573,-0.062560,-0.064312,0.234818,-0.195071,0.288591,-0.139137,0.818185,0.686909,0.146091,0.263584,0.379096,-0.079741,-0.244405,0.426127,-0.711589,0.180592,-0.283137
0.332310,-2.045517,0.710615,0.053607,0.071624,0.553941,-0.827735,-0.108451,0.089491,-0.031141,0.997702,-0.722549,-0.082867,-0.420861,-0.240668,0.088870,0.264389,-0.073787,0.212203,-0.058922,-0.076395,0.236725,-0.218188,0.299245,-0.155600,0.771041,0.680081,0.116569,0.245931,0.353979,-0.096643,-0.185595,0.344456,-0.693264,0.136255,-0.268043
0.332539,-2.023063,0.714291,0.055129,0.077782,0.568252,-0.817313,-0.114227,0.081767,0.004173,0.980252,-0.699549,-0.068148,-0.429691,-0.288323,-0.041612,0.359644,-0.061735,0.243962,-0.054731,-0.084702,0.238387,-0.211816,0.316543,-0.158914,0.706186,0.666463,0.082150,0.242838,0.320756,-0.163289,-0.078868,0.272509,-0.802442,0.097804,-0.225183
0.332058,-2.000823,0.719721,0.058203,0.082551,0.582158,-0.806778,-0.114539,0.078074,0.033690,0.948362,-0.668369,-0.055970,-0.443936,-0.300560,-0.050193,0.520145,-0.098680,0.217516,-0.054923,-0.088785,0.238959,-0.182313,0.334805,-0.142431,0.632400,0.646629,0.049851,0.249614,0.275221,-0.233741,0.015745,0.214816,-0.970405,0.062477,-0.191983
0.330731,-1.978607,0.725917,0.059376,0.086319,0.595539,-0.796465,-0.117012,0.074132,0.061271,0.908563,-0.628904,-0.044680,-0.448001,-0.294060,-0.038333,0.692155,-0.150020,0.215092,-0.051984,-0.091647,0.235895,-0.139179,0.341232,-0.128774,0.565569,0.626522,0.012832,0.274202,0.228682,-0.258957,0.079436,0.158470,-1.100562,0.039151,-0.167212
0.328778,-1.956271,0.732539,0.059452,0.087059,0.608476,-0.786539,-0.124453,0.074301,0.087485,0.862353,-0.583204,-0.033418,-0.432969,-0.284286,-0.039201,0.841811,-0.197954,0.225587,-0.044700,-0.093425,0.228664,-0.088951,0.339222,-0.115422,0.518824,0.601555,-0.011843,0.291989,0.195116,-0.236876,0.108302,0.112903,-1.127112,0.027856,-0.144736
0.326367,-1.933964,0.738916,0.058808,0.085199,0.620395,-0.777427,-0.136074,0.078384,0.111521,0.812685,-0.535056,-0.026577,-0.397260,-0.281579,-0.062185,0.968884,-0.238746,0.226698,-0.035042,-0.093685,0.218176,-0.039285,0.329802,-0.105301,0.490727,0.573365,-0.019386,0.297324,0.171125,-0.196968,0.119412,0.080477,-1.079044,0.018914,-0.132178
0.323618,-1.911849,0.744207,0.057473,0.082739,0.629925,-0.770095,-0.149951,0.082299,0.131535,0.763168,-0.487326,-0.023973,-0.340507,-0.290667,-0.095968,1.072171,-0.267946,0.221378,-0.025827,-0.092673,0.205477,0.001008,0.308385,-0.105132,0.477907,0.547169,0.003916,0.285748,0.146615,-0.164736,0.126277,0.063499,-1.029065,0.016087,-0.141842
0.320557,-1.889800,0.747700,0.054089,0.079940,0.637398,-0.764466,-0.170700,0.083369,0.147917,0.720345,-0.441777,-0.023011,-0.272873,-0.294116,-0.112538,1.149133,-0.295972,0.212254,-0.018275,-0.090686,0.191159,0.040250,0.287044,-0.111107,0.478886,0.534369,0.022615,0.286800,0.126211,-0.150294,0.133509,0.050357,-1.020380,0.022209,-0.155588
0.317218,-1.867783,0.749598,0.050290,0.076847,0.643481,-0.759933,-0.196447,0.084442,0.160994,0.685309,-0.398546,-0.022345,-0.193351,-0.282370,-0.110689,1.187665,-0.323937,0.211688,-0.010285,-0.087804,0.176138,0.077461,0.268112,-0.125378,0.497930,0.537185,0.043099,0.285948,0.111205,-0.137075,0.139415,0.039284,-1.031032,0.027648,-0.180028
0.313503,-1.845797,0.750177,0.046295,0.073979,0.649520,-0.755319,-0.225596,0.087092,0.173409,0.658512,-0.356703,-0.022885,-0.108322,-0.256846,-0.092198,1.189088,-0.339062,0.222995,-0.000686,-0.083926,0.161953,0.111432,0.251473,-0.141348,0.531363,0.553256,0.063001,0.283115,0.099819,-0.121735,0.142019,0.029653,-1.024752,0.031423,-0.211867
0.309382,-1.823632,0.749851,0.042290,0.070971,0.656209,-0.750043,-0.257741,0.092493,0.186272,0.637687,-0.315337,-0.018159,-0.018566,-0.221339,-0.062157,1.149344,-0.343150,0.239570,0.011058,-0.078796,0.149288,0.141552,0.233985,-0.152118,0.577907,0.586678,0.093875,0.283527,0.088508,-0.112772,0.145391,0.021489,-1.006033,0.036469,-0.252432
0.304812,-1.801072,0.749209,0.039333,0.067818,0.664651,-0.743029,-0.290680,0.103851,0.200736,0.621735,-0.273549,-0.011078,0.073236,-0.181890,-0.037857,1.065700,-0.325914,0.247393,0.025065,-0.071203,0.138473,0.173152,0.209951,-0.152873,0.631707,0.624904,0.142188,0.277359,0.072820,-0.118770,0.154986,0.018111,-0.992461,0.040822,-0.295287
0.299654,-1.777842,0.749247,0.036735,0.064236,0.674049,-0.734971,-0.322316,0.119999,0.216136,0.602657,-0.230984,-0.013505,0.158892,-0.149372,-0.008416,0.946981,-0.295647,0.247499,0.037776,-0.062052,0.129831,0.205495,0.175867,-0.126345,0.694099,0.644547,0.191690,0.278404,0.059524,-0.133096,0.165362,0.015315,-0.994497,0.042802,-0.333597
0.293606,-1.753219,0.752621,0.033149,0.060816,0.684199,-0.725999,-0.356819,0.136938,0.229281,0.576621,-0.196545,-0.021267,0.224274,-0.134911,0.045523,0.806497,-0.292734,0.243284,0.045723,-0.054757,0.123932,0.234265,0.133917,-0.068941,0.759245,0.631774,0.236164,0.276955,0.035579,-0.152702,0.181876,0.022387,-0.985890,0.048798,-0.340557
0.287042,-1.728040,0.753039,0.029161,0.056985,0.697153,-0.714059,-0.380277,0.154036,0.240866,0.535398,-0.169748,-0.028842,0.263104,-0.124677,0.073586,0.658139,-0.339346,0.171561,0.053008,-0.047751,0.121121,0.259019,0.095186,0.004842,0.820558,0.600434,0.274485,0.275699,-0.000732,-0.174926,0.201084,0.042445,-0.979020,0.067604,-0.313257
0.279823,-1.702699,0.754818,0.027295,0.050921,0.709629,-0.702203,-0.393636,0.173769,0.247079,0.474520,-0.166878,-0.035950,0.270357,-0.121041,0.054160,0.545724,-0.401904,0.118537,0.059834,-0.038169,0.123750,0.276978,0.073223,0.065900,0.873356,0.585034,0.302564,0.287248,-0.044435,-0.189596,0.214167,0.076986,-0.965809,0.082104,-0.278256
0.272384,-1.676855,0.756921,0.027711,0.043061,0.719274,-0.692836,-0.397980,0.195427,0.249716,0.397283,-0.193707,-0.049901,0.251511,-0.103404,0.045199,0.478083,-0.439220,0.094406,0.062218,-0.025337,0.131527,0.292181,0.064022,0.101571,0.911782,0.595978,0.320776,0.305028,-0.087713,-0.194373,0.215668,0.134751,-0.943174,0.084436,-0.250657
0.264839,-1.650720,0.761594,0.030818,0.035048,0.725735,-0.686390,-0.387719,0.217946,0.255330,0.301618,-0.244687,-0.086508,0.218464,-0.071065,0.063067,0.443754,-0.452679,0.082293,0.060127,-0.009160,0.141038,0.307458,0.059392,0.120429,0.930458,0.619192,0.329101,0.325298,-0.131243,-0.194440,0.209896,0.227343,-0.914180,0.101451,-0.222847
0.258001,-1.625419,0.761145,0.037180,0.026449,0.730128,-0.681786,-0.365070,0.243396,0.269089,0.213298,-0.302320,-0.133025,0.178530,-0.034761,0.073862,0.434049,-0.457920,0.077205,0.057036,0.009242,0.150611,0.330517,0.056314,0.132368,0.928595,0.640262,0.310480,0.346586,-0.159849,-0.192119,0.194716,0.341397,-0.888122,0.130749,-0.206131
0.251551,-1.601120,0.763989,0.042266,0.020826,0.731694,-0.680003,-0.351489,0.272651,0.313930,0.187893,-0.302956,-0.163001,0.144487,-0.004919,0.071568,0.426160,-0.443525,0.063615,0.052428,0.026198,0.159851,0.349731,0.053461,0.131372,0.918252,0.668332,0.289084,0.373769,-0.178199,-0.193464,0.175606,0.470304,-0.865379,0.159761,-0.187255
0.245355,-1.577051,0.768416,0.043333,0.019239,0.730072,-0.681724,-0.335471,0.282934,0.345814,0.203671,-0.285637,-0.145796,0.115277,0.010994,0.057855,0.409688,-0.414619,0.047534,0.048601,0.038096,0.167218,0.354908,0.055187,0.112088,0.907714,0.714408,0.270823,0.417605,-0.184102,-0.201217,0.148320,0.612786,-0.851786,0.202020,-0.153839
0.239933,-1.553502,0.772860,0.042791,0.020871,0.725931,-0.686118,-0.324026,0.274477,0.334373,0.263788,-0.283873,-0.146142,0.088170,0.017613,0.044951,0.397223,-0.385830,0.037700,0.046755,0.044550,0.172866,0.343789,0.059422,0.092626,0.900953,0.761723,0.259344,0.477368,-0.176170,-0.215754,0.123721,0.753323,-0.855486,0.248029,-0.110878
0.235243,-1.530647,0.776781,0.041724,0.024584,0.721040,-0.691198,-0.313966,0.253399,0.287144,0.356643,-0.283669,-0.160360,0.062058,0.017171,0.031580,0.390042,-0.358928,0.031692,0.046910,0.046952,0.177004,0.320781,0.061960,0.082415,0.893904,0.791775,0.253301,0.532509,-0.150746,-0.230573,0.109479,0.878710,-0.868585,0.292911,-0.047002
0.230991,-1.508447,0.779866,0.040124,0.028446,0.716025,-0.696340,-0.299767,0.233507,0.247189,0.466809,-0.285365,-0.169142,0.034088,0.013449,0.016701,0.387800,-0.336714,0.027107,0.046441,0.047545,0.178989,0.291085,0.062406,0.081767,0.879383,0.797218,0.234771,0.572406,-0.111288,-0.245494,0.117011,0.974622,-0.892925,0.314326,0.037875
0.226991,-1.486887,0.782250,0.038647,0.031821,0.710629,-0.701784,-0.276291,0.224902,0.230910,0.580336,-0.288648,-0.182134,0.007763,0.009255,0.001088,0.383616,-0.314896,0.022892,0.043461,0.046478,0.178974,0.262663,0.062923,0.080943,0.856026,0.788208,0.205119,0.586353,-0.060396,-0.259109,0.161156,1.036781,-0.941151,0.307863,0.137029
0.223273,-1.466034,0.783991,0.037641,0.035013,0.705389,-0.706954,-0.238180,0.228556,0.237929,0.686000,-0.295260,-0.179678,-0.015324,0.005248,-0.012922,0.376726,-0.292690,0.018806,0.037254,0.043674,0.176781,0.238299,0.076061,0.072202,0.829259,0.778175,0.154761,0.588902,0.001280,-0.277371,0.213765,1.057165,-0.992881,0.277310,0.214273
0.219941,-1.445703,0.785027,0.036956,0.037467,0.700868,-0.711347,-0.188378,0.240330,0.253354,0.779251,-0.291835,-0.182775,-0.038680,0.002455,-0.023792,0.370801,-0.268442,0.014838,0.027670,0.039499,0.172694,0.208396,0.089405,0.048614,0.808619,0.779212,0.103883,0.597096,0.067292,-0.290885,0.262297,1.048274,-1.035606,0.239549,0.258661
0.217180,-1.425627,0.785132,0.037108,0.039529,0.696792,-0.715221,-0.129095,0.244224,0.253152,0.851035,-0.288472,-0.182266,-0.063124,0.000459,-0.032597,0.369257,-0.244247,0.011675,0.015432,0.034670,0.166954,0.184415,0.096856,0.016791,0.786351,0.788647,0.059292,0.607721,0.134291,-0.292429,0.291576,1.026410,-1.052015,0.215753,0.270472
0.215139,-1.405439,0.784262,0.037631,0.041436,0.693281,-0.718491,-0.064644,0.233099,0.232488,0.898908,-0.276160,-0.199990,-0.090605,-0.002034,-0.039509,0.373229,-0.221482,0.009461,0.001629,0.029486,0.160200,0.159905,0.106662,-0.020573,0.769967,0.802673,0.015073,0.615082,0.202265,-0.288211,0.301024,0.997626,-1.046586,0.197044,0.259885
0.213936,-1.384832,0.782318,0.038175,0.043445,0.690248,-0.721258,0.003465,0.201368,0.187333,0.917368,-0.254581,-0.222901,-0.123788,-0.006382,-0.044965,0.386882,-0.202251,0.008267,-0.012622,0.023407,0.152837,0.134305,0.118271,-0.061731,0.756826,0.821563,-0.026186,0.623843,0.265091,-0.279185,0.293729,0.971979,-1.024909,0.190108,0.255517
0.213575,-1.363481,0.779243,0.038033,0.045476,0.687377,-0.723877,0.072703,0.151270,0.123749,0.907541,-0.222117,-0.241163,-0.165298,-0.013805,-0.049060,0.412237,-0.186664,0.007987,-0.026562,0.015897,0.145847,0.107499,0.130112,-0.102342,0.740996,0.841715,-0.066736,0.635071,0.317431,-0.264152,0.270121,0.950169,-0.991026,0.192970,0.259137
0.213961,-1.341086,0.775123,0.037155,0.047759,0.684739,-0.726272,0.142792,0.092333,0.053742,0.870765,-0.199222,-0.246809,-0.213110,-0.024354,-0.051302,0.444410,-0.171732,0.009824,-0.039915,0.006744,0.140113,0.081631,0.140769,-0.137394,0.717664,0.856963,-0.110421,0.649131,0.356748,-0.247248,0.244607,0.929154,-0.962985,0.199142,0.267514
0.215014,-1.317397,0.770193,0.035766,0.050365,0.682111,-0.728635,0.208544,0.041651,-0.011430,0.813293,-0.178930,-0.246261,-0.263222,-0.037857,-0.052085,0.475414,-0.153268,0.016324,-0.051896,-0.003236,0.136343,0.056337,0.149406,-0.166841,0.686726,0.868788,-0.150944,0.666882,0.384201,-0.228834,0.219790,0.906571,-0.944854,0.211277,0.268476
0.216721,-1.292264,0.764561,0.035209,0.051498,0.679160,-0.731334,0.266711,0.013419,-0.060259,0.729887,-0.172791,-0.226364,-0.312180,-0.050217,-0.053737,0.496681,-0.127648,0.023564,-0.061871,-0.012193,0.134994,0.029731,0.157426,-0.192858,0.651046,0.875873,-0.183143,0.684285,0.401593,-0.206237,0.195150,0.878324,-0.933002,0.219923,0.257194
0.219079,-1.265646,0.758165,0.035282,0.051123,0.675255,-0.734965,0.311691,0.000790,-0.080225,0.612289,-0.212680,-0.143720,-0.356990,-0.063282,-0.058626,0.502455,-0.096763,0.038949,-0.070957,-0.019979,0.136298,0.001009,0.160006,-0.214406,0.618103,0.868488,-0.201637,0.689030,0.410722,-0.180576,0.166230,0.842021,-0.922975,0.228081,0.226894
0.222390,-1.238444,0.754094,0.033746,0.051731,0.669754,-0.740010,0.335516,-0.003567,-0.067215,0.516985,-0.317955,-0.069770,-0.392541,-0.084432,-0.064472,0.488367,-0.060829,0.062063,-0.079244,-0.028064,0.140419,-0.032946,0.155485,-0.238475,0.597041,0.856075,-0.206444,0.672773,0.414650,-0.157951,0.135247,0.795052,-0.917427,0.229375,0.169227
0.226575,-1.210100,0.752615,0.028130,0.055090,0.665257,-0.744048,0.335950,-0.022382,-0.047283,0.446805,-0.405227,-0.023439,-0.424443,-0.117015,-0.064474,0.450459,-0.036524,0.111452,-0.084148,-0.037624,0.146731,-0.067343,0.138293,-0.261670,0.595327,0.832424,-0.196379,0.622855,0.414320,-0.140440,0.097696,0.742437,-0.910138,0.234135,0.096717
0.230897,-1.182460,0.750471,0.022103,0.060159,0.663630,-0.745310,0.331558,-0.047564,-0.028784,0.382545,-0.455361,-0.000120,-0.435478,-0.145587,-0.060649,0.386937,-0.052971,0.142612,-0.083467,-0.049834,0.153685,-0.094549,0.118748,-0.278777,0.612192,0.803957,-0.164403,0.545136,0.409393,-0.126701,0.070402,0.694114,-0.908105,0.232988,0.014434
0.234695,-1.155060,0.749369,0.016976,0.065054,0.665167,-0.743662,0.317580,-0.075218,-0.032871,0.330881,-0.475615,0.006317,-0.424452,-0.167877,-0.068501,0.295342,-0.108635,0.158719,-0.076690,-0.063261,0.159623,-0.111834,0.101084,-0.290864,0.642712,0.773067,-0.115235,0.453755,0.399028,-0.118083,0.061123,0.660883,-0.906408,0.226340,-0.055194
0.237641,-1.129420,0.751202,0.011697,0.072518,0.667598,-0.740889,0.299443,-0.103884,-0.028803,0.303661,-0.476463,0.010174,-0.397699,-0.196277,-0.106247,0.217411,-0.164241,0.183806,-0.066498,-0.076801,0.164151,-0.116653,0.081279,-0.298226,0.684698,0.740081,-0.059525,0.377869,0.386228,-0.121084,0.068035,0.641890,-0.905750,0.221923,-0.089595
0.240283,-1.104006,0.754881,0.009842,0.077358,0.672984,-0.735534,0.277895,-0.122804,-0.012696,0.282135,-0.454946,0.016735,-0.380997,-0.231185,-0.201886,0.225579,-0.135384,0.213978,-0.052451,-0.087618,0.168336,-0.110707,0.072385,-0.307956,0.736688,0.721477,-0.008361,0.317640,0.365958,-0.133506,0.095453,0.634943,-0.915754,0.210425,-0.082367
0.242155,-1.078960,0.759160,0.011766,0.079829,0.679151,-0.729550,0.250704,-0.129762,0.007691,0.275020,-0.432043,0.022829,-0.382823,-0.253420,-0.237345,0.334051,-0.140973,0.173660,-0.043036,-0.092655,0.172987,-0.092154,0.071432,-0.314514,0.794779,0.716019,0.040332,0.270005,0.334772,-0.154783,0.135054,0.639211,-0.937507,0.194186,-0.049275
0.243068,-1.054514,0.763118,0.014547,0.081942,0.686369,-0.722476,0.218445,-0.131138,0.030216,0.281228,-0.410752,0.027296,-0.384618,-0.261976,-0.232543,0.479274,-0.176662,0.163747,-0.037343,-0.094809,0.176643,-0.060256,0.073786,-0.320959,0.852390,0.727237,0.089176,0.237190,0.295885,-0.180256,0.174162,0.651279,-0.967215,0.187654,-0.004847
0.243301,-1.030637,0.766730,0.018206,0.083166,0.691989,-0.716870,0.184504,-0.127008,0.049066,0.291420,-0.389501,0.029551,-0.376104,-0.254056,-0.192387,0.622296,-0.209222,0.160580,-0.034600,-0.095979,0.179098,-0.021892,0.074262,-0.324679,0.907958,0.739184,0.130629,0.206091,0.258806,-0.199854,0.201369,0.660710,-0.994889,0.188962,0.041217
0.243110,-1.007177,0.769768,0.022302,0.084365,0.696099,-0.712623,0.152716,-0.120688,0.063639,0.298641,-0.366285,0.029167,-0.351692,-0.247014,-0.157517,0.750369,-0.241467,0.161701,-0.031817,-0.096822,0.180736,0.024020,0.084698,-0.331097,0.956987,0.749585,0.151528,0.173497,0.220308,-0.206571,0.203851,0.672590,-0.994807,0.194642,0.066903
0.242620,-0.984092,0.771744,0.024082,0.085935,0.699562,-0.708977,0.118753,-0.117299,0.076268,0.305876,-0.342170,0.027532,-0.315887,-0.249754,-0.132843,0.862817,-0.273334,0.157869,-0.027814,-0.097376,0.181389,0.067589,0.100514,-0.346895,0.998321,0.765485,0.158556,0.127767,0.193110,-0.212448,0.186193,0.675474,-0.981537,0.195625,0.062592
0.241972,-0.961344,0.772828,0.024826,0.087404,0.702250,-0.706108,0.086132,-0.115174,0.086501,0.308178,-0.314935,0.026397,-0.268687,-0.260703,-0.118269,0.954048,-0.297480,0.148403,-0.021267,-0.098165,0.180387,0.102987,0.118948,-0.372166,1.030589,0.791662,0.169922,0.072833,0.172368,-0.208320,0.161843,0.675460,-0.961576,0.199915,0.032533
0.240918,-0.938775,0.772934,0.024252,0.089253,0.705010,-0.703141,0.051278,-0.113722,0.097188,0.313492,-0.288757,0.023008,-0.210873,-0.268318,-0.099723,1.015234,-0.319143,0.150549,-0.012255,-0.099587,0.177828,0.137027,0.145288,-0.393664,1.050427,0.820200,0.173519,0.026073,0.157630,-0.201589,0.140140,0.675645,-0.937376,0.200285,-0.004759
0.239550,-0.916271,0.772655,0.022965,0.090064,0.707689,-0.700383,0.016240,-0.110848,0.107550,0.314181,-0.259660,0.018450,-0.143505,-0.263123,-0.073361,1.038626,-0.325771,0.162190,-0.000632,-0.100653,0.173678,0.174920,0.175786,-0.394376,1.052522,0.835820,0.169336,0.001521,0.148984,-0.190957,0.120348,0.680015,-0.912159,0.194657,-0.032024
0.237727,-0.893609,0.772111,0.021317,0.089805,0.710288,-0.697833,-0.020626,-0.105485,0.117798,0.313780,-0.228909,0.013640,-0.069158,-0.242209,-0.038557,1.023121,-0.319136,0.188480,0.012880,-0.100318,0.168178,0.207016,0.200092,-0.368794,1.047581,0.834910,0.180480,-0.002657,0.132833,-0.184242,0.113297,0.696831,-0.881957,0.193687,-0.032593
0.235404,-0.870460,0.771363,0.019502,0.088016,0.712992,-0.695353,-0.062016,-0.096701,0.127274,0.315741,-0.197148,0.009816,0.007337,-0.215263,-0.004095,0.972221,-0.296165,0.228019,0.026934,-0.097994,0.161790,0.237502,0.217420,-0.313804,1.032806,0.811139,0.191080,0.016695,0.113597,-0.183656,0.122229,0.717272,-0.864634,0.190978,-0.012468
0.232625,-0.846662,0.770525,0.017902,0.084324,0.715543,-0.693230,-0.107956,-0.083877,0.134624,0.320086,-0.164313,0.006399,0.080420,-0.186057,0.024950,0.894510,-0.270460,0.238253,0.040390,-0.093653,0.154805,0.263472,0.229621,-0.242822,1.013074,0.772909,0.200163,0.042369,0.091575,-0.186875,0.145337,0.738804,-0.860208,0.180681,0.020707
0.229380,-0.822134,0.769655,0.016010,0.079231,0.717873,-0.691465,-0.159043,-0.068671,0.139158,0.327892,-0.130162,0.006012,0.140302,-0.162430,0.042942,0.796288,-0.260968,0.207016,0.051903,-0.087801,0.148672,0.280257,0.237808,-0.170687,0.992732,0.729336,0.204538,0.056116,0.066278,-0.189710,0.171764,0.758597,-0.857969,0.167940,0.059028
0.225707,-0.796972,0.768837,0.013772,0.072382,0.720196,-0.689847,-0.212282,-0.050404,0.141149,0.332822,-0.094728,0.001535,0.186552,-0.142743,0.045358,0.665672,-0.299185,0.150260,0.061419,-0.080741,0.144355,0.285862,0.244718,-0.108516,0.971196,0.688701,0.197058,0.050318,0.036086,-0.188980,0.197790,0.775104,-0.852386,0.158353,0.098852
0.221649,-0.771645,0.767360,0.013107,0.063316,0.722167,-0.688691,-0.263933,-0.026260,0.139068,0.330483,-0.060818,-0.016619,0.213664,-0.124442,0.022704,0.530719,-0.385347,0.105251,0.069297,-0.071674,0.143059,0.281609,0.256194,-0.066274,0.947520,0.666883,0.181482,0.037320,0.005252,-0.180936,0.219075,0.784446,-0.836816,0.152175,0.137563
0.217770,-0.745663,0.767812,0.013551,0.052681,0.722928,-0.688779,-0.313434,-0.001530,0.130851,0.309011,-0.039556,-0.037186,0.223841,-0.102829,-0.014228,0.415932,-0.439896,0.064345,0.074063,-0.059707,0.146059,0.268207,0.265693,-0.031058,0.920047,0.653619,0.165874,0.033218,-0.023538,-0.165205,0.226952,0.778785,-0.802995,0.140839,0.162406
0.214766,-0.720582,0.766371,0.014351,0.042243,0.722596,-0.689829,-0.347818,0.019503,0.121814,0.273841,-0.034923,-0.060555,0.221466,-0.079530,-0.037120,0.325288,-0.466981,0.046701,0.074622,-0.044276,0.153165,0.250431,0.264916,0.003535,0.888611,0.644072,0.149224,0.051841,-0.049826,-0.151945,0.232159,0.761203,-0.770056,0.129584,0.168839
0.212944,-0.696740,0.766408,0.018788,0.031652,0.721003,-0.691953,-0.366004,0.042759,0.115252,0.227538,-0.055252,-0.088650,0.212001,-0.052449,-0.045441,0.259665,-0.458797,0.052783,0.071705,-0.024719,0.162324,0.237416,0.248717,0.046368,0.853623,0.623768,0.134832,0.077968,-0.065799,-0.140553,0.244644,0.734065,-0.757381,0.117095,0.152082
0.212713,-0.673306,0.770751,0.025349,0.019639,0.720403,-0.692814,-0.375264,0.076285,0.135407,0.183609,-0.090464,-0.138837,0.182168,-0.023898,-0.051403,0.232246,-0.430902,0.065788,0.065769,-0.001439,0.171836,0.232807,0.220772,0.085177,0.812557,0.600183,0.118633,0.101968,-0.073186,-0.124141,0.252177,0.698694,-0.744596,0.098807,0.122659
0.213478,-0.650231,0.773728,0.028991,0.010869,0.721787,-0.691423,-0.380795,0.116745,0.207576,0.183047,-0.095886,-0.169958,0.133071,-0.005310,-0.050184,0.240369,-0.402927,0.067801,0.056970,0.019927,0.180842,0.236695,0.178540,0.109149,0.767499,0.583649,0.099994,0.125465,-0.074341,-0.106860,0.251023,0.664043,-0.720563,0.083399,0.097306
0.215112,-0.628110,0.776606,0.028397,0.007134,0.724638,-0.688507,-0.379464,0.134973,0.229817,0.210560,-0.094373,-0.141634,0.080465,-0.000506,-0.043572,0.258853,-0.374855,0.064101,0.052125,0.033302,0.188559,0.242027,0.140241,0.097531,0.725985,0.595986,0.076319,0.148908,-0.065535,-0.092872,0.244649,0.626640,-0.692106,0.074070,0.079155
0.217742,-0.607428,0.779095,0.025880,0.006853,0.727178,-0.685926,-0.378100,0.137110,0.213748,0.276650,-0.095742,-0.148594,0.032090,-0.005483,-0.036305,0.279603,-0.352019,0.065741,0.049738,0.039721,0.195466,0.244064,0.122560,0.046260,0.688944,0.651155,0.046269,0.173444,-0.044578,-0.081915,0.237004,0.578446,-0.668447,0.057713,0.058751
0.221079,-0.588283,0.781063,0.023759,0.008341,0.729275,-0.683757,-0.371390,0.128278,0.162692,0.362826,-0.105780,-0.163495,-0.007020,-0.013818,-0.029869,0.294603,-0.332705,0.071299,0.049050,0.041114,0.201742,0.242420,0.123511,-0.018302,0.649956,0.731004,0.012515,0.216502,-0.014287,-0.067791,0.227828,0.523933,-0.646146,0.042555,0.035972
0.224988,-0.570433,0.782639,0.022786,0.010916,0.732271,-0.680545,-0.354224,0.120794,0.115990,0.458398,-0.112923,-0.172086,-0.038730,-0.022505,-0.021571,0.304134,-0.312866,0.080398,0.047135,0.040915,0.207245,0.239967,0.133915,-0.076532,0.609532,0.811671,-0.019309,0.272881,0.016351,-0.053075,0.222140,0.472031,-0.627419,0.027201,0.021847
0.229266,-0.553674,0.783622,0.023479,0.013346,0.735288,-0.677216,-0.325771,0.120357,0.085469,0.551842,-0.141183,-0.157394,-0.064541,-0.028490,-0.013087,0.309277,-0.291595,0.090661,0.043301,0.040039,0.211598,0.233061,0.135431,-0.112202,0.569766,0.859719,-0.056777,0.340746,0.040802,-0.043879,0.229956,0.424325,-0.613293,0.017371,0.014915
0.233919,-0.537887,0.783603,0.025420,0.014857,0.738462,-0.673651,-0.286535,0.111895,0.039771,0.625703,-0.193507,-0.136709,-0.088979,-0.031005,-0.003796,0.316004,-0.271767,0.100698,0.038121,0.038631,0.214383,0.225009,0.134349,-0.135557,0.531826,0.891110,-0.094160,0.422608,0.054204,-0.040982,0.246261,0.384171,-0.609317,0.009252,0.007199
0.239028,-0.522804,0.782536,0.028329,0.015383,0.740128,-0.671692,-0.239698,0.097945,-0.011463,0.664807,-0.253398,-0.147027,-0.111990,-0.031997,0.002296,0.323658,-0.253640,0.109505,0.030741,0.037384,0.215740,0.215580,0.132972,-0.156976,0.495554,0.918972,-0.124969,0.509801,0.060189,-0.040194,0.261263,0.348193,-0.619090,0.001891,-0.014772
0.244746,-0.508151,0.780614,0.031990,0.015998,0.740237,-0.671394,-0.186974,0.079969,-0.065036,0.670820,-0.310905,-0.161285,-0.133793,-0.034246,0.005334,0.333470,-0.237023,0.117223,0.022455,0.036073,0.216525,0.203895,0.127955,-0.176140,0.462277,0.927271,-0.158560,0.590629,0.063621,-0.038343,0.270727,0.312073,-0.629502,-0.003523,-0.036223
0.250995,-0.493671,0.777728,0.035762,0.016480,0.739721,-0.671761,-0.134134,0.055959,-0.127946,0.650909,-0.362424,-0.149658,-0.157838,-0.036915,0.008125,0.347279,-0.220438,0.120587,0.015132,0.034458,0.217226,0.186625,0.127829,-0.197938,0.426794,0.928678,-0.190887,0.671313,0.063983,-0.031876,0.273923,0.271862,-0.624744,-0.013956,-0.044846
0.257811,-0.479215,0.772791,0.039781,0.016707,0.740047,-0.671169,-0.085588,0.034548,-0.185741,0.591591,-0.418180,-0.129394,-0.187448,-0.038425,0.014003,0.369591,-0.206818,0.121063,0.008822,0.032278,0.218186,0.164505,0.134511,-0.221744,0.379995,0.943335,-0.219961,0.758743,0.055360,-0.028666,0.276872,0.228983,-0.624204,-0.027041,-0.054368
0.265041,-0.465065,0.769222,0.041588,0.018847,0.741649,-0.669232,-0.059255,0.024789,-0.193749,0.522230,-0.449994,-0.095571,-0.221545,-0.043928,0.024940,0.397537,-0.193119,0.120550,0.002752,0.028838,0.220493,0.140238,0.142935,-0.245243,0.317693,0.979467,-0.250296,0.843360,0.035584,-0.036426,0.282679,0.179296,-0.646082,-0.038706,-0.069966
0.272152,-0.450596,0.766674,0.040665,0.025254,0.743592,-0.666918,-0.070495,0.001939,-0.187564,0.519869,-0.443452,-0.054345,-0.264048,-0.056924,0.041668,0.444323,-0.184711,0.118510,-0.000388,0.021553,0.227111,0.117328,0.145262,-0.262965,0.247419,1.023455,-0.279859,0.905882,0.016146,-0.049345,0.284632,0.115802,-0.681228,-0.049087,-0.090900
0.278965,-0.435741,0.763984,0.038682,0.031089,0.745218,-0.664971,-0.098580,-0.019069,-0.177730,0.539306,-0.433180,-0.049134,-0.302545,-0.070178,0.056753,0.477040,-0.172256,0.113542,-0.000768,0.009545,0.235099,0.099100,0.143009,-0.270440,0.173755,1.047137,-0.312051,0.939738,0.004523,-0.054169,0.286920,0.041689,-0.720452,-0.059868,-0.124587
0.285011,-0.421285,0.762425,0.037614,0.035768,0.745763,-0.664186,-0.127440,-0.031873,-0.165253,0.557632,-0.417026,-0.065016,-0.320426,-0.083072,0.062283,0.473397,-0.155838,0.105721,0.000804,-0.003242,0.241988,0.088110,0.153017,-0.268772,0.081743,1.085433,-0.337228,0.968722,0.004914,-0.043045,0.285939,-0.034197,-0.754195,-0.070147,-0.188539
0.290820,-0.407164,0.763848,0.037487,0.041142,0.745592,-0.664074,-0.149160,-0.045554,-0.155659,0.567666,-0.392089,-0.063494,-0.321415,-0.104353,0.054795,0.440014,-0.142242,0.121315,0.004304,-0.013255,0.246897,0.089221,0.162904,-0.257141,-0.040261,1.150199,-0.346033,0.983576,0.006776,-0.030354,0.291285,-0.109132,-0.802790,-0.084062,-0.287763
0.296022,-0.393720,0.764366,0.038844,0.046857,0.746032,-0.663123,-0.162862,-0.057956,-0.148175,0.569440,-0.362493,-0.053700,-0.311217,-0.129799,0.028386,0.407566,-0.115609,0.153727,0.009976,-0.020470,0.250612,0.082125,0.168292,-0.242864,-0.178481,1.209191,-0.352986,0.985401,0.008870,-0.027803,0.315787,-0.186138,-0.841190,-0.093255,-0.368409
0.300458,-0.379535,0.765328,0.041843,0.052553,0.747454,-0.660909,-0.172305,-0.064897,-0.139658,0.568469,-0.332721,-0.044257,-0.300733,-0.147087,-0.001705,0.413020,-0.092337,0.177219,0.016517,-0.026018,0.254182,0.057395,0.179617,-0.238092,-0.303431,1.257532,-0.354511,0.985609,0.006460,-0.051932,0.351264,-0.271591,-0.896063,-0.095248,-0.451262
0.304203,-0.364616,0.764786,0.045684,0.058236,0.749558,-0.657788,-0.183475,-0.067922,-0.129471,0.572213,-0.305106,-0.035539,-0.299663,-0.151373,-0.021034,0.469863,-0.110842,0.156761,0.022827,-0.030618,0.258047,0.013210,0.209213,-0.241458,-0.413528,1.282394,-0.341103,0.985589,-0.005800,-0.091247,0.388027,-0.351760,-0.948031,-0.095112,-0.549431
0.307631,-0.348447,0.763014,0.049170,0.064805,0.751643,-0.654534,-0.199032,-0.071509,-0.118315,0.581072,-0.276539,-0.028125,-0.303476,-0.153946,-0.043195,0.562263,-0.156773,0.126528,0.028928,-0.034263,0.262102,-0.025340,0.253471,-0.249921,-0.516589,1.304049,-0.325250,0.985601,-0.034869,-0.138712,0.431733,-0.416007,-0.990133,-0.091125,-0.647402
0.311292,-0.330641,0.760201,0.052908,0.071350,0.751299,-0.653957,-0.219660,-0.077884,-0.111970,0.592247,-0.245347,-0.023275,-0.305867,-0.147188,-0.048602,0.668714,-0.205082,0.112348,0.033428,-0.035634,0.266684,-0.083672,0.313712,-0.270390,-0.564611,1.306573,-0.298569,0.985600,-0.088669,-0.198602,0.470624,-0.455462,-1.022329,-0.082033,-0.726269
0.315280,-0.310867,0.756007,0.056052,0.078487,0.747499,-0.657224,-0.247742,-0.088917,-0.107542,0.607051,-0.210130,-0.022640,-0.305366,-0.134555,-0.043021,0.773392,-0.250366,0.109564,0.037546,-0.033001,0.272203,-0.165246,0.387153,-0.303277,-0.544778,1.285317,-0.273844,0.985586,-0.162985,-0.267818,0.506200,-0.466617,-1.032027,-0.065170,-0.778464
0.319927,-0.288900,0.750350,0.057508,0.084419,0.739956,-0.664855,-0.289958,-0.103496,-0.100607,0.627528,-0.166069,-0.026880,-0.307320,-0.121303,-0.035730,0.854961,-0.271493,0.070399,0.041101,-0.025033,0.279382,-0.284702,0.464479,-0.348095,-0.472456,1.267212,-0.259370,0.985559,-0.263508,-0.344116,0.534021,-0.448485,-1.022774,-0.050882,-0.814005
0.325489,-0.265036,0.742663,0.057901,0.088385,0.728807,-0.676517,-0.348691,-0.120732,-0.089459,0.658720,-0.105541,-0.036788,-0.312528,-0.129853,-0.041844,0.861607,-0.299254,0.049337,0.043556,-0.012697,0.288641,-0.441812,0.525812,-0.424018,-0.339532,1.184517,-0.238277,0.985418,-0.388326,-0.424631,0.549066,-0.393993,-0.990434,-0.032066,-0.841545
0.331767,-0.239472,0.734186,0.059425,0.093270,0.716565,-0.688697,-0.410837,-0.137986,-0.073055,0.697065,-0.042586,-0.076193,-0.329412,-0.152801,-0.054194,0.848124,-0.314247,0.040609,0.042247,0.002268,0.300826,-0.618589,0.555467,-0.524781,-0.172684,1.053795,-0.195977,0.984341,-0.524633,-0.493579,0.568319,-0.301080,-0.930870,-0.018003,-0.872884
0.339735,-0.212244,0.729049,0.062827,0.100190,0.708281,-0.695954,-0.473708,-0.134185,-0.032942,0.758198,-0.047768,-0.229827,-0.373249,-0.174341,-0.049281,0.881699,-0.291221,0.037427,0.036176,0.017333,0.316088,-0.822360,0.568663,-0.628922,-0.004398,1.002319,-0.151315,0.983553,-0.690959,-0.542544,0.602324,-0.169227,-0.860781,-0.000888,-0.893230
0.349661,-0.183614,0.720184,0.066828,0.109387,0.708820,-0.693645,-0.509249,-0.151191,-0.008367,0.880527,-0.149892,-0.247018,-0.423872,-0.184683,-0.021256,0.912629,-0.253996,0.040748,0.024570,0.027969,0.331545,-1.010802,0.553048,-0.723814,0.188465,0.997402,-0.095002,0.969616,-0.875479,-0.550793,0.657842,0.009858,-0.844774,0.033402,-0.874891
0.361862,-0.153411,0.711935,0.069615,0.115544,0.720875,-0.679811,-0.514918,-0.178221,-0.022935,1.039480,-0.266868,-0.247725,-0.473816,-0.170274,0.027117,0.905593,-0.196268,0.048956,0.009997,0.030313,0.345514,-1.149086,0.506009,-0.785677,0.409454,0.956505,-0.002541,0.947006,-1.060219,-0.489182,0.713428,0.231491,-0.873255,0.077893,-0.835717
0.375868,-0.121632,0.705393,0.067013,0.116561,0.746863,-0.651243,-0.484397,-0.229395,-0.052249,1.174342,-0.307562,-0.247512,-0.526434,-0.128619,0.088980,0.849947,-0.111400,0.056766,-0.005349,0.025303,0.357061,-1.259585,0.487879,-0.802060,0.623409,0.946850,0.109961,0.921399,-1.219379,-0.352055,0.733822,0.474364,-0.884217,0.125194,-0.792758
0.390834,-0.089266,0.698127,0.055405,0.111524,0.787494,-0.603610,-0.422752,-0.291809,-0.149048,1.211964,-0.335531,-0.241613,-0.589436,-0.073423,0.133374,0.758463,-0.043965,0.076584,-0.004249,0.012025,0.366511,-1.347002,0.507843,-0.783357,0.815893,0.958415,0.221747,0.905197,-1.352154,-0.180660,0.702393,0.690480,-0.859304,0.172894,-0.769317
0.404889,-0.053797,0.689249,0.040730,0.100418,0.829882,-0.547315,-0.390281,-0.241216,-0.151750,1.101046,-0.528730,-0.117919,-0.672575,-0.085016,0.036558,0.685851,-0.096376,0.094361,0.007387,-0.006000,0.375095,-1.425116,0.562819,-0.754140,0.965776,0.992396,0.289190,0.916679,-1.463238,-0.021734,0.651840,0.826068,-0.844862,0.187062,-0.803703
0.417907,-0.017744,0.680798,0.025998,0.091021,0.858733,-0.503603,-0.491872,-0.162486,-0.070690,1.125919,-0.524271,-0.077591,-0.726194,-0.204354,-0.221516,0.690171,-0.231374,0.090399,0.017150,-0.023090,0.390294,-1.466771,0.614638,-0.719653,1.039670,1.016663,0.316241,0.959660,-1.484646,0.054470,0.617721,0.816991,-0.909894,0.145561,-0.833906
0.430865,0.019105,0.674606,0.019199,0.079934,0.871449,-0.483548,-0.588372,-0.116272,-0.062686,1.144337,-0.465464,-0.099715,-0.786981,-0.280783,-0.259140,0.883074,-0.295625,0.049498,0.021821,-0.024457,0.409725,-1.483541,0.658473,-0.698275,1.065699,1.044445,0.307652,0.982929,-1.485596,0.078376,0.591345,0.741463,-1.008457,0.102925,-0.878338
0.441252,0.054925,0.670548,0.015921,0.084056,0.878627,-0.469782,-0.626818,-0.097121,-0.067355,1.112378,-0.431502,-0.131417,-0.822034,-0.349979,-0.144812,1.173559,-0.347029,0.065211,0.029018,-0.012330,0.421240,-1.479065,0.686394,-0.649620,1.070100,1.035231,0.287641,0.985182,-1.485589,0.089691,0.566336,0.693419,-1.050794,0.042195,-0.908943
0.450573,0.091875,0.668051,0.015192,0.091119,0.880280,-0.465375,-0.654418,-0.084791,-0.075360,1.061969,-0.361119,-0.163497,-0.787618,-0.473743,-0.036066,1.409415,-0.398314,0.038662,0.033482,0.003285,0.426143,-1.445887,0.688323,-0.586876,1.077713,0.994502,0.261228,0.984865,-1.485500,0.094166,0.554818,0.715405,-1.050822,0.002663,-0.907587
0.458663,0.130554,0.668192,0.010525,0.096550,0.877450,-0.469732,-0.669165,-0.078715,-0.091867,0.961132,-0.263636,-0.199836,-0.698207,-0.577951,0.073214,1.523082,-0.393556,-0.000813,0.030774,0.017824,0.426305,-1.401372,0.692316,-0.579302,1.081347,0.998883,0.217002,0.984739,-1.485240,0.086565,0.565167,0.760091,-1.081297,0.003468,-0.921568
0.465082,0.170548,0.671159,0.001225,0.094640,0.876818,-0.471415,-0.679146,-0.054028,-0.111304,0.831792,-0.166502,-0.243815,-0.566033,-0.589519,0.159869,1.503907,-0.291853,0.029911,0.027014,0.027333,0.422655,-1.371571,0.722412,-0.598484,1.079003,1.017975,0.169339,0.985304,-1.485148,0.089597,0.554223,0.803354,-1.076575,0.011741,-0.930101
0.470754,0.212254,0.679179,-0.010346,0.087831,0.882807,-0.461335,-0.702826,0.015200,-0.101436,0.712289,-0.118682,-0.245476,-0.419674,-0.485390,0.212338,1.356173,-0.411410,0.236940,0.030394,0.031712,0.416565,-1.347162,0.767785,-0.594683,1.058030,1.031316,0.135560,0.985426,-1.484041,0.112950,0.518496,0.827899,-1.035886,0.011809,-0.924078
0.477088,0.252293,0.687412,-0.017720,0.072204,0.895821,-0.438151,-0.714940,0.118627,-0.090080,0.603067,-0.149504,-0.199100,-0.370832,-0.405923,0.190769,1.180530,-0.671979,0.247238,0.041509,0.036940,0.414625,-1.316252,0.851034,-0.579338,1.003109,1.038666,0.088516,0.985306,-1.477529,0.127890,0.496505,0.812914,-0.995265,-0.024016,-0.911754
0.484458,0.288334,0.686813,-0.020861,0.053182,0.912226,-0.405684,-0.720367,0.200135,-0.086462,0.545977,-0.205649,-0.101347,-0.452134,-0.349432,0.172792,1.151146,-0.716766,0.247523,0.046823,0.042214,0.423624,-1.263962,0.966502,-0.537179,0.907865,1.029506,0.042164,0.985411,-1.464341,0.129570,0.503614,0.763847,-0.968267,-0.066556,-0.853358
0.491485,0.321972,0.687279,-0.019271,0.039896,0.923958,-0.379920,-0.732714,0.254652,-0.059350,0.586634,-0.207047,-0.134736,-0.544005,-0.284044,0.167746,1.181796,-0.656579,0.244390,0.042686,0.044391,0.438524,-1.171859,1.062045,-0.455603,0.794524,0.973990,-0.008675,0.985596,-1.417667,0.104854,0.526670,0.678915,-0.940801,-0.117383,-0.795430
0.497529,0.353585,0.690703,-0.009868,0.029288,0.928731,-0.369463,-0.742289,0.276309,-0.006258,0.754053,-0.220024,-0.221837,-0.566526,-0.233268,0.127639,1.159483,-0.629885,0.223497,0.032099,0.047333,0.449328,-1.041058,1.103946,-0.347099,0.676423,0.890160,-0.042651,0.985558,-1.323648,0.047050,0.553641,0.581223,-0.926595,-0.144747,-0.732125
0.503152,0.384405,0.695907,0.002576,0.021856,0.931977,-0.361848,-0.729977,0.298201,0.066458,0.977254,-0.265049,-0.223822,-0.569465,-0.172576,0.098590,1.123804,-0.592733,0.190519,0.016600,0.050997,0.454540,-0.884130,1.089581,-0.229740,0.553992,0.832612,-0.062072,0.985623,-1.193361,-0.011918,0.574548,0.491331,-0.918845,-0.130409,-0.645418
0.508907,0.413207,0.701860,0.013499,0.014786,0.937267,-0.348036,-0.676408,0.305271,0.142276,1.166008,-0.321873,-0.206353,-0.572710,-0.111949,0.075667,1.078992,-0.535524,0.160528,-0.000934,0.051504,0.455920,-0.700142,1.071900,-0.146712,0.438902,0.851159,-0.073541,0.985499,-1.041963,-0.047361,0.586541,0.410254,-0.878033,-0.109027,-0.559085
0.515040,0.440295,0.708039,0.021618,0.005902,0.942185,-0.334342,-0.594762,0.256205,0.187324,1.271562,-0.353133,-0.210416,-0.573603,-0.060289,0.047277,1.019947,-0.469243,0.138053,-0.016379,0.046342,0.453281,-0.522680,1.047209,-0.085499,0.346030,0.909833,-0.072621,0.985341,-0.888504,-0.071711,0.592942,0.330282,-0.847898,-0.078200,-0.473107
0.521197,0.466725,0.713282,0.026418,-0.005097,0.947346,-0.319079,-0.499871,0.183384,0.209147,1.276484,-0.390798,-0.201589,-0.577583,-0.019207,0.003874,0.954487,-0.413457,0.133538,-0.029611,0.034567,0.446678,-0.366027,1.000845,-0.003251,0.256435,0.949625,-0.072652,0.985257,-0.737648,-0.084226,0.588615,0.241938,-0.843395,-0.050141,-0.390820
0.527068,0.493718,0.718537,0.029526,-0.017979,0.952910,-0.301276,-0.403394,0.153399,0.229420,1.182641,-0.494309,-0.026017,-0.587863,-0.009709,-0.081442,0.900879,-0.394324,0.154359,-0.038581,0.018622,0.436001,-0.218950,0.932534,0.091045,0.157929,0.929183,-0.083459,0.985033,-0.588235,-0.084188,0.581044,0.150208,-0.855598,-0.035091,-0.303879
0.532709,0.520821,0.719695,0.029738,-0.029380,0.957444,-0.285574,-0.340502,0.185210,0.250355,1.034337,-0.673378,0.046810,-0.579785,-0.066319,-0.257174,0.864848,-0.413050,0.118542,-0.043581,0.000811,0.422395,-0.084232,0.863725,0.161132,0.049548,0.880648,-0.112993,0.984817,-0.444002,-0.087132,0.569312,0.050623,-0.874408,-0.036731,-0.220140
0.538234,0.548550,0.719681,0.027755,-0.038815,0.958524,-0.280990,-0.383119,0.226194,0.221319,1.034714,-0.696786,0.061906,-0.538040,-0.182714,-0.509912,0.857201,-0.454483,0.102641,-0.042182,-0.018132,0.411858,0.013139,0.827717,0.187201,-0.058222,0.883516,-0.153816,0.984812,-0.301177,-0.095657,0.542414,-0.061736,-0.899547,-0.044785,-0.165616
0.543838,0.576340,0.719320,0.027923,-0.046631,0.954585,-0.292938,-0.447415,0.270709,0.183015,1.059069,-0.648707,0.013245,-0.533309,-0.253001,-0.569073,0.942801,-0.445546,0.052848,-0.045970,-0.028737,0.408294,0.077899,0.797492,0.179695,-0.142510,0.913524,-0.192578,0.985229,-0.148953,-0.085147,0.511485,-0.161731,-0.885622,-0.060697,-0.166867
0.548127,0.602589,0.718247,0.027181,-0.039367,0.952661,-0.300248,-0.476417,0.282341,0.163223,1.050742,-0.616094,-0.027316,-0.523372,-0.345853,-0.530945,1.085034,-0.448026,0.094033,-0.044746,-0.033359,0.400031,0.123941,0.730332,0.153361,-0.201774,0.936513,-0.225949,0.985185,-0.021174,-0.087093,0.498498,-0.214115,-0.839173,-0.067852,-0.183769
0.552543,0.627863,0.716731,0.029708,-0.033834,0.949633,-0.310113,-0.505922,0.292076,0.139576,1.046512,-0.574747,-0.057712,-0.472973,-0.449284,-0.483214,1.194154,-0.449289,0.105840,-0.039798,-0.036261,0.389273,0.171324,0.649231,0.122923,-0.237337,0.969167,-0.238156,0.984725,0.078335,-0.088358,0.502549,-0.218595,-0.758740,-0.063611,-0.188592
0.556780,0.652676,0.715785,0.030253,-0.028005,0.945987,-0.321572,-0.531744,0.291199,0.114421,1.024809,-0.527065,-0.083766,-0.391091,-0.538930,-0.436925,1.225872,-0.451229,0.108674,-0.032144,-0.036864,0.375207,0.214191,0.549470,0.092533,-0.258209,1.022035,-0.244449,0.983867,0.143386,-0.102454,0.517664,-0.207287,-0.701142,-0.055191,-0.165747
0.561043,0.677375,0.714565,0.027851,-0.021143,0.943903,-0.328366,-0.554744,0.286332,0.093459,0.994390,-0.480205,-0.106910,-0.305424,-0.592550,-0.374119,1.189659,-0.418388,0.119964,-0.021774,-0.036809,0.358837,0.261350,0.436965,0.080573,-0.280160,1.063230,-0.252877,0.977803,0.161632,-0.135670,0.538517,-0.191671,-0.709431,-0.054870,-0.138245
0.565081,0.702097,0.712165,0.024082,-0.014492,0.942174,-0.333943,-0.580530,0.285163,0.076746,0.966315,-0.438057,-0.136177,-0.215404,-0.593276,-0.285029,1.093190,-0.350498,0.172567,-0.009222,-0.036094,0.341035,0.307064,0.329339,0.086872,-0.305280,1.094022,-0.264311,0.952952,0.153851,-0.167948,0.565486,-0.179421,-0.751146,-0.066630,-0.084274
0.568749,0.726921,0.708383,0.020505,-0.008014,0.940474,-0.339152,-0.611650,0.290270,0.063222,0.948663,-0.398086,-0.172556,-0.114982,-0.538921,-0.172185,0.955879,-0.279100,0.243795,0.006379,-0.033298,0.322696,0.353469,0.233548,0.103471,-0.333067,1.115956,-0.277988,0.908084,0.148301,-0.183018,0.578977,-0.180921,-0.777649,-0.094260,-0.004753
0.572331,0.751828,0.703583,0.019090,-0.003349,0.940956,-0.337972,-0.650888,0.311340,0.050324,0.953646,-0.363796,-0.210676,-0.012596,-0.432812,-0.083791,0.808106,-0.367573,0.247527,0.030765,-0.025736,0.305972,0.390932,0.156630,0.124591,-0.365240,1.120801,-0.282202,0.867471,0.124152,-0.193716,0.589362,-0.189180,-0.778830,-0.119782,0.067087
0.576338,0.775530,0.697059,0.019575,-0.001883,0.942596,-0.333355,-0.691118,0.341328,0.037181,0.963907,-0.336268,-0.237012,0.065645,-0.365951,-0.033576,0.681159,-0.550588,0.247694,0.057238,-0.012625,0.292204,0.402236,0.105743,0.140213,-0.396463,1.109132,-0.276219,0.824991,0.071793,-0.199539,0.596440,-0.197645,-0.774136,-0.139279,0.109827
0.581134,0.798198,0.691811,0.022683,-0.003898,0.944991,-0.326286,-0.737946,0.380357,0.019843,0.973413,-0.319597,-0.246024,0.077266,-0.344005,-0.052868,0.643741,-0.710043,0.247725,0.082667,0.003994,0.284938,0.424216,0.084523,0.162709,-0.445926,1.068637,-0.273241,0.779051,-0.015007,-0.200112,0.606541,-0.192951,-0.760298,-0.145733,0.111995
0.586222,0.817707,0.686204,0.027371,-0.005708,0.947366,-0.318929,-0.764985,0.408215,0.000229,0.966720,-0.306130,-0.246439,0.015051,-0.332923,-0.040960,0.733858,-0.768796,0.247762,0.096822,0.022860,0.286922,0.439299,0.064277,0.187185,-0.482925,1.018568,-0.261516,0.747991,-0.105476,-0.195897,0.617306,-0.178395,-0.751088,-0.145777,0.092534
0.590420,0.834998,0.682308,0.032287,-0.003236,0.949115,-0.313253,-0.766997,0.424651,-0.006872,0.938586,-0.304825,-0.246932,-0.045921,-0.323323,-0.022040,0.831814,-0.797498,0.247755,0.098893,0.040145,0.288753,0.465590,0.035469,0.200083,-0.486778,0.988715,-0.246543,0.729808,-0.190411,-0.196844,0.628329,-0.152111,-0.759726,-0.139833,0.063441
0.593427,0.847071,0.682921,0.036644,0.000533,0.948141,-0.315732,-0.741423,0.439190,0.019932,0.887519,-0.307384,-0.247495,-0.058335,-0.320562,-0.022317,0.857325,-0.805931,0.247754,0.094781,0.053703,0.283652,0.490673,0.017400,0.175947,-0.458027,0.948680,-0.237601,0.705331,-0.242984,-0.191111,0.627922,-0.123305,-0.781680,-0.122159,0.020868
0.595894,0.855419,0.686750,0.040186,0.005291,0.945664,-0.322609,-0.701669,0.460217,0.076887,0.826446,-0.308264,-0.247660,-0.048714,-0.324653,-0.031720,0.847500,-0.794739,0.247749,0.087160,0.065386,0.273848,0.496796,0.022569,0.138189,-0.418183,0.884433,-0.235162,0.696793,-0.259476,-0.172889,0.620704,-0.098250,-0.791731,-0.098584,-0.031679
0.597863,0.860252,0.692683,0.041933,0.011163,0.942813,-0.330485,-0.649351,0.484176,0.158206,0.759854,-0.307912,-0.247542,-0.023600,-0.337980,-0.049046,0.808690,-0.770018,0.247747,0.078678,0.075774,0.259528,0.490882,0.046197,0.119022,-0.382893,0.852120,-0.228971,0.719958,-0.256833,-0.143733,0.611831,-0.076638,-0.780564,-0.081324,-0.079881
0.599311,0.862727,0.698698,0.042419,0.015812,0.940268,-0.337412,-0.596301,0.513444,0.248915,0.699620,-0.292104,-0.244711,0.005547,-0.350109,-0.068212,0.760104,-0.743654,0.247744,0.071745,0.084615,0.243798,0.471526,0.074626,0.124947,-0.367905,0.868649,-0.231991,0.796531,-0.262793,-0.116878,0.607316,-0.061112,-0.775298,-0.073785,-0.111717
0.600888,0.863637,0.703469,0.042703,0.018385,0.939010,-0.340734,-0.552005,0.541500,0.336891,0.657017,-0.271884,-0.224407,0.027457,-0.356500,-0.082037,0.718735,-0.722974,0.247743,0.067719,0.093587,0.227584,0.441550,0.105236,0.141611,-0.367605,0.892419,-0.236879,0.894347,-0.295089,-0.087782,0.613728,-0.047186,-0.767483,-0.064239,-0.133957
0.602521,0.863367,0.706367,0.043682,0.019773,0.939251,-0.339866,-0.520766,0.563722,0.400560,0.635387,-0.257167,-0.224666,0.040245,-0.358959,-0.086856,0.691987,-0.710592,0.247745,0.067464,0.102666,0.212408,0.403247,0.142812,0.168866,-0.383468,0.912487,-0.240703,0.976301,-0.353758,-0.059514,0.623480,-0.028083,-0.766360,-0.059670,-0.150427
0.604168,0.862085,0.707316,0.045879,0.021207,0.940074,-0.337204,-0.503018,0.578833,0.435913,0.632526,-0.235444,-0.220505,0.046783,-0.361218,-0.085243,0.682380,-0.706781,0.247749,0.070200,0.111324,0.200016,0.352535,0.180728,0.211513,-0.417469,0.917384,-0.240400,0.985079,-0.437173,-0.024280,0.625556,0.003160,-0.776832,-0.037788,-0.171522
0.605813,0.859762,0.706622,0.048605,0.022311,0.940530,-0.335475,-0.501075,0.583770,0.438767,0.642372,-0.178806,-0.209683,0.048021,-0.363671,-0.080423,0.689580,-0.710969,0.247755,0.076155,0.118584,0.191207,0.297064,0.239689,0.244012,-0.437836,0.910628,-0.242170,0.985456,-0.527140,0.018275,0.619392,0.040560,-0.774327,-0.019725,-0.210112
0.607219,0.855722,0.705542,0.051230,0.025188,0.941076,-0.333343,-0.529274,0.547673,0.338475,0.661608,-0.060613,-0.211237,0.048255,-0.370216,-0.072129,0.703834,-0.719223,0.247753,0.087145,0.121519,0.186117,0.240339,0.312507,0.255715,-0.434383,0.875034,-0.240694,0.985326,-0.615806,0.058385,0.605672,0.085427,-0.758223,0.000730,-0.262844
0.608493,0.849323,0.699172,0.053738,0.026258,0.940563,-0.334311,-0.568545,0.478313,0.182447,0.704183,0.011425,-0.238439,0.051225,-0.378652,-0.069154,0.723511,-0.733320,0.247750,0.096135,0.121623,0.183981,0.182958,0.401057,0.260092,-0.424947,0.839130,-0.239740,0.984762,-0.707620,0.095056,0.585063,0.133454,-0.736733,0.024540,-0.322603
0.610765,0.840405,0.694805,0.056928,0.020982,0.938109,-0.340985,-0.616931,0.455792,0.120394,0.767841,-0.006888,-0.247315,0.060867,-0.378723,-0.080594,0.736837,-0.745535,0.247759,0.093619,0.123751,0.182594,0.137392,0.486095,0.264650,-0.423864,0.816496,-0.241460,0.981759,-0.807394,0.134645,0.548713,0.178875,-0.696125,0.050947,-0.372971
0.612434,0.828522,0.694538,0.058181,0.014524,0.936924,-0.344351,-0.655485,0.448568,0.029033,0.793636,-0.026665,-0.247552,0.075174,-0.376215,-0.090628,0.728071,-0.744104,0.247765,0.094367,0.124314,0.180892,0.105734,0.570440,0.260650,-0.427713,0.776092,-0.244676,0.971520,-0.892701,0.163655,0.521134,0.227050,-0.657911,0.077017,-0.415629
