-0.577108,-0.007199,0.758889,-0.018978,0.021549,0.999254,0.025819,-0.335951,0.083246,-0.116357,0.528089,-0.331286,-0.194308,-0.331272,-0.164237,0.079600,0.636351,-0.413789,0.151903,0.008906,-0.031101,0.162096,-0.187820,0.084551,0.908826,1.067003,-0.390759,-0.033031,0.260443,0.188455,-0.087364,0.006559,-0.683654,-0.162015,-0.322462,-0.140241
-0.575615,-0.006438,0.761542,-0.023184,0.019755,0.999246,0.024095,-0.330267,0.087560,-0.120858,0.492069,-0.311461,-0.196233,-0.323827,-0.161592,0.071171,0.601961,-0.395224,0.150118,0.005484,-0.032453,0.160916,-0.176413,0.054404,0.932103,1.075025,-0.378442,-0.035588,0.267763,0.221701,-0.030970,0.030866,-0.667913,-0.157810,-0.358684,-0.148431
-0.573986,-0.005983,0.762877,-0.027640,0.017907,0.999174,0.023815,-0.332008,0.092493,-0.122994,0.470973,-0.298348,-0.197070,-0.325785,-0.157916,0.066655,0.582541,-0.382094,0.149439,0.001481,-0.033679,0.161136,-0.161898,0.025721,0.955201,1.076508,-0.373254,-0.039624,0.278149,0.230991,-0.008027,0.053865,-0.647585,-0.136569,-0.367171,-0.157074
-0.572151,-0.005764,0.761891,-0.030765,0.016525,0.999079,0.024938,-0.345110,0.096699,-0.122699,0.479160,-0.299348,-0.197644,-0.342218,-0.153835,0.067687,0.594146,-0.381495,0.149989,-0.001444,-0.035864,0.163732,-0.149836,-0.000684,0.980287,1.071504,-0.375398,-0.051559,0.278323,0.228872,-0.016357,0.067259,-0.632451,-0.124398,-0.364103,-0.160741
-0.570247,-0.005507,0.758144,-0.032140,0.016015,0.998997,0.026750,-0.372505,0.099633,-0.120790,0.523643,-0.317514,-0.199233,-0.372102,-0.149985,0.072998,0.638391,-0.396894,0.150969,-0.002905,-0.038755,0.167827,-0.143546,-0.025969,1.009855,1.058840,-0.392638,-0.068652,0.263461,0.216466,-0.045927,0.073582,-0.627038,-0.120248,-0.355916,-0.163204
-0.568681,-0.005244,0.752279,-0.031892,0.016413,0.998945,0.028690,-0.406516,0.101100,-0.117860,0.589660,-0.346446,-0.201265,-0.407995,-0.147641,0.080280,0.702348,-0.424179,0.152742,-0.002130,-0.042746,0.172075,-0.144943,-0.051487,1.044303,1.027767,-0.432164,-0.106214,0.235539,0.195660,-0.085399,0.078925,-0.629850,-0.118778,-0.348875,-0.156929
-0.567825,-0.004957,0.745896,-0.029429,0.016701,0.998981,0.029856,-0.435932,0.102478,-0.115761,0.657793,-0.377555,-0.203650,-0.436160,-0.146389,0.085566,0.764371,-0.452363,0.154963,0.000727,-0.046438,0.175040,-0.157125,-0.075387,1.074394,0.977055,-0.497326,-0.152158,0.198855,0.171156,-0.123882,0.080694,-0.634133,-0.119719,-0.338964,-0.150059
-0.567592,-0.004664,0.740718,-0.025384,0.017156,0.999080,0.030012,-0.452602,0.102052,-0.115300,0.708580,-0.401591,-0.205162,-0.451766,-0.146966,0.088564,0.811375,-0.474756,0.155883,0.005966,-0.049735,0.176323,-0.174830,-0.094127,1.084860,0.906838,-0.576258,-0.195097,0.187406,0.151797,-0.154774,0.079525,-0.631692,-0.122795,-0.325844,-0.144806
-0.567832,-0.004222,0.737885,-0.021159,0.017892,0.999213,0.028377,-0.456367,0.098465,-0.117798,0.734561,-0.414732,-0.204833,-0.454106,-0.149092,0.089245,0.836671,-0.488174,0.155392,0.013156,-0.052764,0.176133,-0.185471,-0.104203,1.053137,0.825782,-0.642929,-0.227797,0.166759,0.144217,-0.175049,0.080246,-0.624865,-0.120317,-0.310778,-0.142459
-0.568262,-0.003386,0.737853,-0.017879,0.018543,0.999338,0.025701,-0.448937,0.094624,-0.122205,0.733211,-0.415377,-0.205299,-0.445081,-0.150189,0.087658,0.837958,-0.490940,0.152373,0.019872,-0.055866,0.173385,-0.185790,-0.101258,0.996241,0.756501,-0.691615,-0.233627,0.151937,0.148622,-0.184641,0.085185,-0.615084,-0.110359,-0.298742,-0.148246
-0.568681,-0.002353,0.740294,-0.015519,0.018905,0.999454,0.022228,-0.431741,0.091550,-0.127354,0.706813,-0.403756,-0.205760,-0.426377,-0.151378,0.082719,0.816905,-0.483583,0.148224,0.025013,-0.059297,0.168307,-0.185601,-0.084183,0.944024,0.703490,-0.727829,-0.240456,0.156144,0.157491,-0.186862,0.093604,-0.608022,-0.098977,-0.291438,-0.152500
-0.568912,-0.001268,0.743744,-0.013738,0.018604,0.999558,0.018676,-0.411401,0.090778,-0.132593,0.670381,-0.386978,-0.206939,-0.403663,-0.152061,0.075016,0.784481,-0.470853,0.144008,0.028392,-0.062504,0.161621,-0.192432,-0.057837,0.910170,0.673206,-0.759101,-0.250881,0.183057,0.163791,-0.184415,0.101736,-0.602853,-0.092310,-0.290102,-0.152801
-0.568822,-0.000297,0.746525,-0.012609,0.017858,0.999627,0.016376,-0.395962,0.092700,-0.136041,0.640717,-0.373293,-0.209330,-0.386431,-0.151797,0.067549,0.757417,-0.460138,0.141164,0.030240,-0.065222,0.154075,-0.202585,-0.022352,0.887545,0.672919,-0.773295,-0.253452,0.219372,0.162489,-0.181972,0.104440,-0.599860,-0.097611,-0.293574,-0.150613
-0.568531,0.000376,0.747858,-0.012127,0.017441,0.999644,0.016148,-0.388724,0.095954,-0.135446,0.626387,-0.368742,-0.212871,-0.379401,-0.151603,0.063631,0.745413,-0.457286,0.142169,0.030983,-0.067541,0.147093,-0.212922,0.020575,0.876260,0.704244,-0.764585,-0.258884,0.263998,0.151964,-0.182333,0.105700,-0.597969,-0.105901,-0.298499,-0.146405
-0.567912,0.000822,0.748179,-0.011051,0.017566,0.999615,0.018407,-0.393204,0.101567,-0.130254,0.635466,-0.379449,-0.219017,-0.384061,-0.150297,0.065638,0.755738,-0.465214,0.145763,0.030852,-0.069866,0.141637,-0.229721,0.060449,0.886613,0.759468,-0.749671,-0.254563,0.300823,0.135392,-0.193030,0.105418,-0.596620,-0.104198,-0.305025,-0.142366
-0.567183,0.001077,0.744604,-0.010166,0.017648,0.999539,0.022514,-0.408134,0.109201,-0.122184,0.669287,-0.400873,-0.227751,-0.401477,-0.146841,0.072392,0.787858,-0.483113,0.149126,0.030196,-0.072363,0.138145,-0.238762,0.095197,0.907799,0.817979,-0.737322,-0.252634,0.329463,0.108997,-0.203058,0.105823,-0.594204,-0.104894,-0.308909,-0.141448
-0.566545,0.001042,0.738093,-0.008787,0.018233,0.999427,0.027137,-0.432980,0.116316,-0.113009,0.725847,-0.432007,-0.234800,-0.428581,-0.143853,0.082359,0.840971,-0.510347,0.152227,0.029045,-0.074879,0.136864,-0.243330,0.124170,0.933410,0.875246,-0.727581,-0.247956,0.351327,0.079609,-0.213702,0.105438,-0.591596,-0.105609,-0.311504,-0.141419
-0.566215,0.000927,0.729310,-0.006115,0.019001,0.999318,0.031074,-0.463008,0.123722,-0.104694,0.797837,-0.468012,-0.239428,-0.459381,-0.141141,0.092508,0.908588,-0.544003,0.154264,0.027261,-0.077204,0.138012,-0.248190,0.148374,0.964505,0.921219,-0.725018,-0.244958,0.373682,0.051423,-0.223982,0.104736,-0.589142,-0.105125,-0.313569,-0.142946
-0.566422,0.000532,0.719030,-0.001535,0.020079,0.999227,0.033752,-0.491971,0.129372,-0.097983,0.876158,-0.504434,-0.241238,-0.488116,-0.140968,0.101588,0.982796,-0.580670,0.157299,0.025654,-0.079014,0.140292,-0.252611,0.170768,0.991599,0.950985,-0.719758,-0.250692,0.404487,0.027783,-0.234922,0.105208,-0.585963,-0.102088,-0.312092,-0.143120
-0.567362,-0.000352,0.708124,0.004965,0.022260,0.999085,0.036174,-0.512961,0.131214,-0.091026,0.950584,-0.539302,-0.241993,-0.510441,-0.144338,0.112845,1.054183,-0.617448,0.163005,0.025004,-0.080165,0.143256,-0.259894,0.193317,1.008974,0.965790,-0.711011,-0.258712,0.442708,0.007227,-0.248940,0.106495,-0.581783,-0.098828,-0.307553,-0.142226
-0.569063,-0.001544,0.696703,0.013445,0.025599,0.998808,0.039316,-0.520556,0.129189,-0.082615,1.014465,-0.569884,-0.241252,-0.523633,-0.148725,0.127664,1.116992,-0.651587,0.168669,0.025102,-0.080609,0.146066,-0.268963,0.214618,1.016615,0.964246,-0.703464,-0.263628,0.466198,-0.011640,-0.267520,0.110923,-0.573823,-0.097226,-0.304349,-0.141701
-0.571173,-0.002896,0.689742,0.022631,0.029142,0.998427,0.042215,-0.517122,0.124127,-0.075400,1.058880,-0.595624,-0.237725,-0.523567,-0.152609,0.142657,1.159120,-0.676771,0.171388,0.026069,-0.079921,0.147057,-0.282001,0.236640,1.020793,0.952732,-0.706465,-0.257205,0.476589,-0.027159,-0.288738,0.116412,-0.562458,-0.095431,-0.303160,-0.144979
-0.573614,-0.004510,0.687847,0.030426,0.032842,0.997989,0.044882,-0.501209,0.115535,-0.067049,1.072651,-0.607508,-0.231083,-0.511166,-0.157170,0.156067,1.171306,-0.687852,0.172423,0.027276,-0.077902,0.145458,-0.295860,0.265709,1.019594,0.931840,-0.711413,-0.246420,0.486640,-0.037906,-0.310513,0.122508,-0.551087,-0.096032,-0.300893,-0.145861
-0.576484,-0.006160,0.691575,0.036418,0.036618,0.997539,0.047428,-0.471277,0.104367,-0.057319,1.051879,-0.603709,-0.222222,-0.485463,-0.162692,0.166434,1.150778,-0.683806,0.171552,0.028111,-0.074993,0.141007,-0.312920,0.301012,1.015133,0.896714,-0.722815,-0.239797,0.497100,-0.042399,-0.331353,0.125915,-0.539126,-0.100982,-0.298356,-0.147852
-0.579653,-0.007762,0.701371,0.040721,0.039925,0.997168,0.049030,-0.424782,0.091001,-0.048298,0.989321,-0.579697,-0.212558,-0.442311,-0.170466,0.170950,1.089361,-0.661260,0.169938,0.028289,-0.071550,0.133944,-0.336876,0.342443,1.010513,0.841384,-0.750985,-0.243056,0.509447,-0.040090,-0.350990,0.125484,-0.526148,-0.102950,-0.294036,-0.151734
-0.583060,-0.009097,0.715843,0.042953,0.041052,0.997029,0.049029,-0.366242,0.079695,-0.042982,0.891455,-0.536495,-0.202281,-0.381905,-0.177393,0.166389,0.988384,-0.625535,0.162175,0.027224,-0.067065,0.124040,-0.366864,0.392509,0.995194,0.759252,-0.792001,-0.258091,0.526986,-0.033401,-0.373111,0.122523,-0.510922,-0.100276,-0.286328,-0.152030
-0.586508,-0.009964,0.733070,0.043332,0.039885,0.997098,0.048234,-0.296230,0.073619,-0.040897,0.761917,-0.476984,-0.193204,-0.305643,-0.178397,0.156836,0.853469,-0.591940,0.142317,0.024603,-0.060904,0.111083,-0.394801,0.461814,0.954670,0.662183,-0.820717,-0.273924,0.543776,-0.027495,-0.398291,0.111622,-0.501458,-0.094806,-0.275856,-0.157593
-0.589535,-0.009937,0.747338,0.041613,0.036598,0.997383,0.046438,-0.231199,0.075074,-0.042655,0.630478,-0.415094,-0.188984,-0.229347,-0.162366,0.154621,0.718751,-0.579923,0.100084,0.019668,-0.053015,0.095586,-0.425047,0.555814,0.914155,0.565635,-0.845869,-0.284695,0.557186,-0.027083,-0.437101,0.092793,-0.501594,-0.077379,-0.261477,-0.170540
-0.590968,-0.009666,0.756449,0.037571,0.032567,0.997757,0.044815,-0.189587,0.082619,-0.044004,0.530628,-0.365005,-0.187660,-0.182083,-0.132244,0.152995,0.646470,-0.547502,0.165706,0.014121,-0.044087,0.081086,-0.468069,0.669781,0.859851,0.498823,-0.826336,-0.303254,0.576502,-0.040734,-0.489686,0.070724,-0.515247,-0.052537,-0.244857,-0.185637
-0.591159,-0.009197,0.761613,0.033110,0.030512,0.997889,0.046811,-0.175138,0.090993,-0.039753,0.482663,-0.337409,-0.185472,-0.173732,-0.080377,0.163864,0.686286,-0.492216,0.236088,0.008521,-0.035553,0.070555,-0.510325,0.795603,0.803625,0.507941,-0.757015,-0.304136,0.596327,-0.073256,-0.552384,0.052626,-0.536574,-0.019677,-0.230429,-0.199175
-0.591072,-0.009498,0.763215,0.030388,0.031599,0.997591,0.053765,-0.170778,0.093887,-0.027812,0.467500,-0.325920,-0.177658,-0.181363,-0.059675,0.135519,0.741604,-0.456649,0.132727,0.006672,-0.028566,0.063700,-0.582472,0.891380,0.782452,0.580905,-0.721588,-0.285596,0.673338,-0.122922,-0.618731,0.040604,-0.548363,0.016917,-0.212456,-0.207725
-0.591628,-0.010358,0.763716,0.029829,0.032963,0.997103,0.061720,-0.165994,0.094759,-0.013100,0.466968,-0.325689,-0.171487,-0.170385,-0.064197,0.107016,0.718496,-0.462165,0.039698,0.007883,-0.022496,0.059016,-0.663465,0.945680,0.779586,0.653950,-0.719748,-0.279823,0.756383,-0.177920,-0.672683,0.029937,-0.550442,0.039884,-0.197284,-0.216834
-0.591853,-0.011848,0.762214,0.030498,0.036854,0.996453,0.069226,-0.167982,0.090803,0.003699,0.484553,-0.332448,-0.166733,-0.162177,-0.064382,0.129310,0.703873,-0.485461,0.035433,0.009193,-0.015382,0.058412,-0.705993,0.961494,0.767790,0.685176,-0.725494,-0.294797,0.799469,-0.230987,-0.709555,0.021951,-0.548218,0.052140,-0.185827,-0.228858
-0.591451,-0.014188,0.761179,0.031507,0.040735,0.995577,0.078574,-0.173934,0.087717,0.025553,0.509731,-0.338172,-0.161702,-0.170377,-0.064955,0.161722,0.716432,-0.489811,0.051459,0.012701,-0.005726,0.062197,-0.696517,0.942992,0.746178,0.656639,-0.749339,-0.315639,0.789731,-0.276622,-0.733007,0.018196,-0.543440,0.057948,-0.181653,-0.239295
-0.590130,-0.016591,0.760575,0.032266,0.043865,0.994682,0.087417,-0.181374,0.087593,0.050335,0.531408,-0.336524,-0.156352,-0.189094,-0.069480,0.175461,0.742533,-0.478440,0.058465,0.017786,0.005320,0.070447,-0.632895,0.898362,0.723974,0.584152,-0.789127,-0.344363,0.779942,-0.303756,-0.746432,0.009804,-0.543705,0.052857,-0.183124,-0.244661
-0.587813,-0.019145,0.760735,0.031825,0.047490,0.993961,0.093671,-0.193650,0.085901,0.073920,0.549325,-0.326460,-0.149184,-0.209827,-0.073392,0.189282,0.768548,-0.468943,0.061658,0.021350,0.015819,0.082234,-0.558339,0.808849,0.691313,0.484159,-0.823416,-0.383577,0.767261,-0.309870,-0.757024,-0.006696,-0.548155,0.042693,-0.183108,-0.245063
-0.584247,-0.021845,0.760356,0.030058,0.051737,0.993577,0.096042,-0.214599,0.080974,0.091299,0.568414,-0.309913,-0.140266,-0.230733,-0.078828,0.200425,0.788350,-0.464447,0.063304,0.021853,0.025013,0.096589,-0.484917,0.692862,0.661458,0.388921,-0.847562,-0.411063,0.759743,-0.294508,-0.767732,-0.032580,-0.556628,0.041164,-0.175324,-0.245412
-0.579513,-0.025083,0.759972,0.027066,0.057120,0.993419,0.095512,-0.246937,0.070270,0.100516,0.595943,-0.286188,-0.130080,-0.255852,-0.088658,0.209411,0.808378,-0.460668,0.067247,0.019368,0.033055,0.112575,-0.424205,0.562135,0.620305,0.312427,-0.851939,-0.416872,0.760088,-0.265020,-0.783076,-0.067367,-0.569376,0.041487,-0.161210,-0.244292
-0.574094,-0.028990,0.761533,0.023137,0.063885,0.993356,0.092879,-0.287353,0.053603,0.100891,0.629794,-0.256474,-0.124404,-0.285450,-0.104263,0.217503,0.831035,-0.456518,0.075510,0.014328,0.039757,0.129395,-0.374974,0.437976,0.550565,0.265589,-0.821240,-0.393362,0.760592,-0.228185,-0.805717,-0.112408,-0.580589,0.032198,-0.143051,-0.243382
-0.567970,-0.033610,0.761305,0.018752,0.072203,0.993301,0.088252,-0.330799,0.030541,0.094953,0.661829,-0.225993,-0.139435,-0.317266,-0.125736,0.226164,0.853041,-0.454912,0.087872,0.006290,0.045081,0.147179,-0.339733,0.334753,0.444581,0.251113,-0.747829,-0.351190,0.749009,-0.189591,-0.837144,-0.167344,-0.584080,0.009075,-0.127278,-0.242200
-0.561331,-0.038800,0.761158,0.013806,0.080853,0.993193,0.082705,-0.375154,0.005093,0.083394,0.690798,-0.197249,-0.179924,-0.349489,-0.149698,0.235488,0.872088,-0.456179,0.101426,-0.006108,0.048386,0.165701,-0.327908,0.267926,0.295336,0.255575,-0.637638,-0.292291,0.718350,-0.155947,-0.877615,-0.221266,-0.586422,-0.029966,-0.107930,-0.244555
-0.554275,-0.044844,0.764613,0.008981,0.089154,0.993035,0.076506,-0.420027,-0.027272,0.052235,0.714035,-0.181871,-0.244441,-0.381191,-0.174672,0.244757,0.889007,-0.455770,0.115388,-0.023325,0.049712,0.184364,-0.349072,0.233370,0.117363,0.266476,-0.499898,-0.235247,0.669679,-0.124118,-0.924547,-0.270578,-0.587103,-0.078448,-0.086259,-0.249499
-0.546819,-0.051978,0.764768,0.004521,0.096881,0.992998,0.067440,-0.455449,-0.092430,0.024453,0.735292,-0.175267,-0.247586,-0.415610,-0.203378,0.251326,0.908216,-0.451160,0.130418,-0.049467,0.049565,0.202677,-0.410165,0.226921,-0.081234,0.272345,-0.297935,-0.201203,0.617484,-0.100067,-0.977558,-0.310355,-0.584482,-0.131159,-0.065788,-0.268787
-0.539014,-0.060259,0.763479,0.000432,0.105083,0.992758,0.058209,-0.481747,-0.140168,0.011218,0.763668,-0.173042,-0.247722,-0.452433,-0.235177,0.260239,0.927247,-0.443810,0.146437,-0.081114,0.047383,0.220526,-0.505954,0.218644,-0.273230,0.264161,-0.048843,-0.180304,0.577709,-0.087064,-1.036113,-0.325556,-0.575542,-0.172983,-0.050670,-0.298292
-0.530834,-0.069457,0.761606,-0.004172,0.115035,0.991935,0.053043,-0.503460,-0.131137,0.026659,0.798697,-0.151229,-0.247727,-0.488449,-0.266385,0.277934,0.934314,-0.437227,0.161785,-0.113587,0.043516,0.237639,-0.634522,0.178250,-0.430364,0.252051,0.166745,-0.183469,0.554493,-0.080175,-1.103761,-0.348365,-0.581309,-0.209151,-0.044359,-0.332332
-0.522443,-0.079604,0.758949,-0.010563,0.125367,0.990653,0.052709,-0.518360,-0.086112,0.049346,0.829185,-0.114054,-0.247727,-0.525838,-0.292112,0.305190,0.931209,-0.431780,0.176779,-0.142773,0.038951,0.253080,-0.782702,0.114544,-0.546902,0.242508,0.336724,-0.199506,0.542823,-0.077076,-1.177516,-0.389911,-0.601262,-0.264361,-0.039460,-0.371413
-0.514012,-0.090820,0.754452,-0.019119,0.134165,0.989159,0.056560,-0.525403,-0.033485,0.064268,0.848197,-0.063520,-0.247723,-0.563433,-0.310954,0.336352,0.915325,-0.427927,0.191800,-0.167446,0.034021,0.266493,-0.944075,0.043715,-0.624956,0.238995,0.481895,-0.216617,0.528596,-0.074938,-1.242682,-0.446717,-0.634649,-0.324147,-0.041958,-0.406989
-0.506113,-0.102645,0.752262,-0.029477,0.140863,0.987552,0.063484,-0.522606,0.018050,0.076962,0.850980,-0.023320,-0.247711,-0.603126,-0.323167,0.370298,0.896586,-0.421650,0.206610,-0.190993,0.029202,0.278117,-1.103115,-0.039234,-0.658588,0.234628,0.574792,-0.231617,0.544913,-0.075939,-1.295175,-0.513752,-0.674827,-0.370713,-0.049095,-0.447156
-0.498619,-0.115242,0.749902,-0.041364,0.145190,0.985957,0.071403,-0.511934,0.072125,0.097724,0.843716,-0.011735,-0.247708,-0.647566,-0.328359,0.405638,0.882225,-0.410382,0.222465,-0.215313,0.025322,0.288292,-1.255198,-0.109985,-0.670892,0.230904,0.642974,-0.253392,0.556418,-0.079444,-1.337512,-0.591625,-0.713683,-0.401360,-0.055842,-0.499514
-0.491600,-0.128335,0.747104,-0.054453,0.148303,0.984252,0.079299,-0.494817,0.126954,0.121311,0.827856,-0.011942,-0.247706,-0.693709,-0.330304,0.439890,0.867695,-0.397615,0.237309,-0.238813,0.022911,0.296813,-1.394203,-0.169309,-0.665282,0.231004,0.699731,-0.279410,0.577886,-0.079250,-1.368525,-0.673858,-0.749401,-0.404761,-0.073357,-0.547285
-0.485236,-0.141682,0.743917,-0.068184,0.149647,0.982475,0.087746,-0.470993,0.186200,0.146124,0.805251,-0.011398,-0.247711,-0.737859,-0.327812,0.470117,0.850803,-0.385130,0.246849,-0.259109,0.022150,0.303531,-1.481066,-0.233394,-0.657930,0.238357,0.699738,-0.316161,0.595325,-0.076344,-1.379597,-0.773355,-0.784224,-0.430970,-0.086359,-0.597260
-0.479509,-0.154879,0.740295,-0.080500,0.148945,0.980736,0.097425,-0.439391,0.250882,0.173318,0.781500,-0.015691,-0.247706,-0.776680,-0.317703,0.494706,0.836087,-0.373870,0.247647,-0.274304,0.023891,0.308229,-1.485420,-0.301410,-0.650342,0.235230,0.643665,-0.373760,0.600885,-0.073261,-1.356103,-0.903776,-0.828442,-0.534025,-0.107303,-0.634554
-0.474343,-0.168154,0.735891,-0.090729,0.146109,0.979302,0.106714,-0.402276,0.322326,0.217903,0.763578,-0.033739,-0.247681,-0.810246,-0.303729,0.515143,0.826591,-0.364902,0.247698,-0.284364,0.029779,0.311838,-1.485606,-0.331130,-0.650904,0.239076,0.627715,-0.397543,0.581395,-0.060081,-1.296231,-0.975608,-0.865890,-0.493383,-0.130372,-0.682807
-0.469583,-0.181765,0.730663,-0.098401,0.140104,0.978667,0.113575,-0.363496,0.401799,0.294475,0.761302,-0.076183,-0.247338,-0.836618,-0.289200,0.528176,0.822063,-0.357076,0.247708,-0.290725,0.039871,0.315583,-1.485618,-0.336014,-0.652906,0.224827,0.713070,-0.417560,0.578532,-0.058833,-1.225459,-1.020069,-0.895017,-0.380212,-0.142700,-0.726948
-0.464966,-0.195842,0.724713,-0.102749,0.131778,0.979038,0.116456,-0.329167,0.473596,0.394610,0.780668,-0.122306,-0.246907,-0.855145,-0.279341,0.532613,0.821927,-0.353203,0.247715,-0.295359,0.052862,0.319590,-1.485617,-0.339840,-0.667818,0.228520,0.764230,-0.429495,0.559259,-0.065084,-1.140705,-1.081510,-0.929099,-0.329047,-0.162212,-0.757423
-0.460338,-0.210593,0.718356,-0.103190,0.122393,0.980370,0.115094,-0.301318,0.539127,0.505853,0.825981,-0.150213,-0.244762,-0.864455,-0.277005,0.531065,0.823775,-0.349969,0.247716,-0.298970,0.068468,0.322880,-1.485611,-0.348777,-0.706034,0.261988,0.753626,-0.437793,0.521766,-0.121170,-1.017353,-1.086288,-0.963305,-0.264121,-0.193883,-0.766389
-0.455571,-0.226657,0.711499,-0.098886,0.113557,0.982701,0.107818,-0.289988,0.569417,0.603972,0.882611,-0.183423,-0.247576,-0.862832,-0.289779,0.525292,0.823102,-0.342555,0.247716,-0.300023,0.086145,0.325724,-1.485610,-0.348743,-0.753795,0.300883,0.749347,-0.437808,0.486609,-0.228005,-0.848174,-1.032745,-0.998737,-0.178346,-0.216941,-0.774554
-0.450630,-0.244345,0.702527,-0.089003,0.107512,0.986163,0.089454,-0.276221,0.584544,0.701709,0.931857,-0.273061,-0.247740,-0.842873,-0.332467,0.512161,0.809566,-0.328116,0.247694,-0.294542,0.108920,0.327497,-1.485610,-0.349584,-0.806965,0.343316,0.746746,-0.455323,0.456500,-0.342040,-0.643532,-0.993004,-1.028267,-0.137982,-0.248936,-0.764545
-0.446054,-0.263583,0.697078,-0.072340,0.108848,0.989705,0.058338,-0.275483,0.555206,0.712126,0.956944,-0.361802,-0.247627,-0.797895,-0.414521,0.495456,0.781267,-0.299367,0.247641,-0.275545,0.138319,0.326395,-1.485602,-0.364351,-0.863115,0.407813,0.679528,-0.481683,0.406636,-0.435580,-0.426649,-0.998080,-1.032454,-0.133934,-0.294209,-0.728647
-0.442095,-0.284490,0.696997,-0.046875,0.118453,0.991839,0.005108,-0.301108,0.455781,0.625972,0.964777,-0.411947,-0.246293,-0.714300,-0.548371,0.466163,0.745953,-0.246445,0.247565,-0.244991,0.174748,0.319019,-1.485474,-0.388302,-0.914763,0.484076,0.555652,-0.481452,0.310501,-0.514917,-0.214902,-1.034241,-1.032204,-0.091161,-0.341247,-0.728003
-0.440128,-0.307041,0.697278,-0.010312,0.135779,0.987682,-0.077080,-0.311367,0.308489,0.506361,0.961204,-0.440025,-0.225806,-0.564528,-0.727136,0.417920,0.716735,-0.149220,0.247487,-0.211239,0.216137,0.298629,-1.484517,-0.420463,-0.960705,0.577391,0.389255,-0.460042,0.150629,-0.582251,-0.022865,-1.115862,-1.030145,-0.020250,-0.396995,-0.779772
-0.440384,-0.329551,0.696267,0.031880,0.156838,0.970412,-0.180791,-0.285369,0.136187,0.373811,0.932269,-0.444731,-0.184256,-0.324982,-0.882290,0.348213,0.724390,0.007627,0.247351,-0.183608,0.252584,0.260918,-1.464029,-0.467853,-0.994233,0.693265,0.152198,-0.305848,-0.009982,-0.628069,0.152609,-1.180202,-0.996681,0.072498,-0.404657,-0.822389
-0.443832,-0.351450,0.696197,0.073809,0.176889,0.934156,-0.301023,-0.229361,-0.038813,0.209664,0.890607,-0.428871,-0.145512,-0.016386,-0.884410,0.304499,0.837157,0.139475,0.244127,-0.161122,0.270839,0.207403,-1.353254,-0.525532,-0.975862,0.831209,-0.056643,-0.018227,-0.056089,-0.642195,0.305310,-1.232277,-0.844465,0.106908,-0.337769,-0.841225
-0.448795,-0.371881,0.701949,0.110850,0.190510,0.881946,-0.416641,-0.147126,-0.182863,0.021885,0.843748,-0.397444,-0.119776,0.247799,-0.688204,0.257319,1.021459,0.203484,0.247493,-0.133634,0.268972,0.151968,-1.257077,-0.511048,-0.889924,0.972867,-0.142107,0.257211,0.060852,-0.640468,0.413956,-1.147996,-0.575258,0.180852,-0.138641,-0.693811
-0.453876,-0.391795,0.713002,0.140332,0.197136,0.825409,-0.510044,-0.037933,-0.278980,-0.162985,0.780024,-0.358989,-0.105234,0.368644,-0.501524,0.155733,1.131897,0.292510,0.247594,-0.107427,0.257056,0.103656,-1.172737,-0.404888,-0.723255,1.047312,-0.248082,0.424367,0.232390,-0.651403,0.386815,-0.955719,-0.195768,0.234663,0.158399,-0.517701
-0.459616,-0.411098,0.726371,0.154064,0.210440,0.776745,-0.573277,0.092221,-0.344268,-0.319169,0.682888,-0.314567,-0.096512,0.391350,-0.404097,0.092106,1.169779,0.386946,0.246255,-0.084787,0.234457,0.059783,-1.126513,-0.215283,-0.688017,1.009131,-0.270085,0.472492,0.248186,-0.694700,0.211456,-0.458818,0.269828,-0.044566,0.437860,-0.220076
-0.466279,-0.429286,0.739893,0.153380,0.224774,0.730019,-0.626915,0.213038,-0.388507,-0.465460,0.578415,-0.263003,-0.088330,0.404742,-0.312495,0.042069,1.178789,0.419868,0.243650,-0.040667,0.208275,0.017840,-1.058087,-0.039573,-0.557237,0.919593,-0.382451,0.482140,0.415531,-0.886989,0.077158,0.155904,0.624866,-0.408050,0.369410,0.134717
-0.473708,-0.445590,0.754241,0.155674,0.224682,0.667447,-0.692675,0.309847,-0.391668,-0.636993,0.503433,-0.214214,-0.079351,0.445149,-0.207634,-0.061967,1.149741,0.421223,0.247445,0.039599,0.170303,-0.024153,-0.989817,0.120260,-0.536796,0.598511,-0.479206,0.441854,0.488426,-1.049945,0.058483,0.244346,0.712841,-0.475724,0.295948,0.115338
-0.482035,-0.459046,0.769412,0.155436,0.207284,0.597517,-0.758845,0.351364,-0.363392,-0.782491,0.466254,-0.175747,-0.063070,0.476969,-0.090163,-0.182551,1.080160,0.417425,0.247662,0.126570,0.116665,-0.059985,-0.934029,0.313809,-0.500304,0.200640,-0.532439,0.384964,0.637200,-1.198137,0.085042,0.180498,0.682730,-0.424587,0.202680,0.004877
-0.490784,-0.470692,0.780716,0.144699,0.184139,0.531305,-0.814168,0.334971,-0.334192,-0.845591,0.449962,-0.146133,-0.035617,0.477298,0.006351,-0.282991,1.002420,0.413266,0.247694,0.198720,0.056647,-0.084407,-0.886514,0.490304,-0.372983,-0.164487,-0.502803,0.338316,0.833746,-1.374008,0.081056,0.266471,0.608296,-0.466829,0.044467,-0.004032
-0.499149,-0.481093,0.787406,0.122896,0.160253,0.477941,-0.854862,0.292027,-0.325734,-0.876331,0.436904,-0.122479,-0.009190,0.441124,0.083757,-0.319184,0.935088,0.413944,0.247703,0.257688,0.000568,-0.096250,-0.782565,0.632899,-0.206980,-0.473796,-0.369282,0.298407,0.959294,-1.480381,0.107611,0.334045,0.443690,-0.455637,-0.103934,0.022724
-0.506207,-0.490911,0.792912,0.098282,0.133599,0.435112,-0.884969,0.238045,-0.332884,-0.929808,0.431030,-0.108082,0.003460,0.385454,0.164008,-0.287988,0.869092,0.406070,0.247710,0.310365,-0.047817,-0.097756,-0.634464,0.665815,-0.027393,-0.742073,-0.110174,0.225237,0.984228,-1.485402,0.147826,0.398726,0.194328,-0.605763,-0.262821,-0.010621
-0.513036,-0.498634,0.799091,0.076354,0.105834,0.398293,-0.907927,0.180334,-0.343446,-0.967412,0.435347,-0.097100,0.014845,0.333958,0.240028,-0.230409,0.798580,0.398636,0.247717,0.356160,-0.087770,-0.093553,-0.509461,0.605048,0.145358,-0.964184,0.135628,0.138258,0.985493,-1.485619,0.222989,0.447850,-0.006146,-0.812442,-0.394692,0.004354
-0.518571,-0.504545,0.801884,0.059646,0.080805,0.364806,-0.925651,0.117981,-0.356670,-0.966853,0.452454,-0.088047,0.032081,0.302018,0.296631,-0.191023,0.722013,0.387708,0.247724,0.395862,-0.117911,-0.089714,-0.471750,0.556160,0.277194,-1.029731,0.317833,-0.023347,0.985567,-1.485634,0.306854,0.508999,-0.143943,-0.873072,-0.480954,0.010227
-0.522725,-0.508726,0.801967,0.045365,0.061627,0.338172,-0.937968,0.058326,-0.372756,-0.930825,0.473412,-0.083253,0.053791,0.287943,0.327648,-0.164132,0.652813,0.375268,0.247732,0.424144,-0.138403,-0.087975,-0.489423,0.523593,0.396782,-1.032704,0.440849,-0.197440,0.985621,-1.485647,0.349236,0.591041,-0.271363,-0.913880,-0.485477,-0.028009
-0.525807,-0.511291,0.799556,0.029746,0.048525,0.322068,-0.945004,0.010858,-0.392886,-0.897392,0.485301,-0.088439,0.066512,0.282904,0.350718,-0.110087,0.602690,0.352898,0.247734,0.439398,-0.152199,-0.086327,-0.506680,0.522088,0.501070,-1.032830,0.505134,-0.333797,0.985621,-1.485647,0.353895,0.660128,-0.370073,-0.985669,-0.485670,-0.083067
-0.527961,-0.512247,0.795007,0.013614,0.040428,0.316190,-0.947736,-0.017617,-0.413320,-0.887121,0.479402,-0.103474,0.066729,0.281552,0.368758,-0.025030,0.576837,0.329091,0.247733,0.443697,-0.161431,-0.084352,-0.511289,0.548636,0.580760,-1.032813,0.530456,-0.432915,0.985579,-1.485636,0.340332,0.714925,-0.433718,-1.035032,-0.485651,-0.149443
-0.529531,-0.511463,0.788239,-0.002251,0.036786,0.320475,-0.946540,-0.037807,-0.432483,-0.874016,0.465033,-0.112685,0.062408,0.277365,0.371024,0.058125,0.579929,0.301128,0.247736,0.440069,-0.166099,-0.082543,-0.499090,0.587866,0.628557,-1.032810,0.539458,-0.474160,0.985567,-1.485635,0.313363,0.752568,-0.459317,-1.019455,-0.485650,-0.174788
-0.530879,-0.509279,0.784429,-0.016312,0.037185,0.333158,-0.941996,-0.057304,-0.450305,-0.841972,0.455633,-0.111187,0.060911,0.270347,0.347978,0.110193,0.605123,0.268156,0.247737,0.430905,-0.165213,-0.080816,-0.466204,0.628450,0.620198,-1.032801,0.542982,-0.477108,0.985541,-1.485635,0.274143,0.747677,-0.476885,-1.023823,-0.485644,-0.194647
-0.532289,-0.505980,0.782556,-0.027411,0.039112,0.353409,-0.934249,-0.078282,-0.462649,-0.799677,0.452792,-0.105432,0.059426,0.261876,0.304635,0.120135,0.631665,0.240622,0.247739,0.418316,-0.159020,-0.079074,-0.447106,0.662280,0.581080,-1.032788,0.547329,-0.467984,0.985526,-1.485634,0.233602,0.722372,-0.475825,-1.022221,-0.485629,-0.201910
-0.533825,-0.501892,0.784223,-0.036065,0.041245,0.380408,-0.923195,-0.101503,-0.465885,-0.748048,0.452826,-0.098901,0.059138,0.257862,0.256501,0.125401,0.648534,0.211598,0.247738,0.401096,-0.149715,-0.077285,-0.438258,0.696482,0.531096,-1.032777,0.566091,-0.443392,0.985500,-1.485633,0.199035,0.697211,-0.459320,-0.985533,-0.485611,-0.184981
-0.535715,-0.496934,0.784459,-0.042565,0.042363,0.412989,-0.908754,-0.128604,-0.460029,-0.686888,0.453978,-0.094195,0.059740,0.258528,0.208757,0.134020,0.654866,0.169910,0.247736,0.380773,-0.138319,-0.075081,-0.436100,0.734831,0.464232,-1.032756,0.582770,-0.407103,0.985456,-1.485632,0.171201,0.668643,-0.446624,-0.936514,-0.485594,-0.149851
-0.538030,-0.491045,0.784368,-0.046821,0.042030,0.449175,-0.891225,-0.159705,-0.443713,-0.617517,0.456165,-0.091566,0.060438,0.258229,0.163681,0.145113,0.655839,0.123486,0.247730,0.358468,-0.125959,-0.071780,-0.444088,0.776942,0.385131,-1.032703,0.591784,-0.359845,0.985361,-1.485630,0.146802,0.622330,-0.432216,-0.898509,-0.485538,-0.119789
-0.540717,-0.484322,0.784404,-0.049344,0.040584,0.487373,-0.870853,-0.191383,-0.417832,-0.547163,0.457676,-0.089769,0.056059,0.253916,0.119075,0.152631,0.652710,0.086877,0.247713,0.335111,-0.113474,-0.067058,-0.463874,0.819207,0.306430,-1.032566,0.597559,-0.307216,0.985194,-1.485628,0.128461,0.571921,-0.406858,-0.853479,-0.485357,-0.103449
-0.543654,-0.476745,0.784584,-0.050311,0.037771,0.526001,-0.848154,-0.222924,-0.383881,-0.478458,0.460487,-0.090293,0.047593,0.246491,0.079571,0.157168,0.646196,0.050090,0.247701,0.311561,-0.101548,-0.060104,-0.488933,0.862014,0.227614,-1.032308,0.600755,-0.248697,0.985352,-1.485641,0.111690,0.525727,-0.368165,-0.792230,-0.485217,-0.085001
-0.546811,-0.468179,0.784763,-0.050346,0.034141,0.564744,-0.823021,-0.256060,-0.342563,-0.405379,0.468129,-0.093258,0.037548,0.234768,0.048160,0.164103,0.640188,0.007688,0.247491,0.287897,-0.089429,-0.050791,-0.519627,0.901508,0.143740,-1.026966,0.588409,-0.192944,0.984788,-1.485639,0.091080,0.484617,-0.330885,-0.737687,-0.482406,-0.069928
-0.550049,-0.458561,0.784937,-0.049119,0.029101,0.603360,-0.795423,-0.289977,-0.294259,-0.337034,0.480623,-0.097864,0.022924,0.218576,0.027010,0.162978,0.633785,-0.041419,0.247706,0.266781,-0.076740,-0.040307,-0.557393,0.931111,0.051160,-1.003868,0.549098,-0.139944,0.982379,-1.485636,0.066014,0.447543,-0.298171,-0.705355,-0.469085,-0.069775
-0.553072,-0.447982,0.785186,-0.046820,0.022275,0.642569,-0.764471,-0.321563,-0.237269,-0.273658,0.492368,-0.103465,0.004167,0.200323,0.019639,0.161686,0.623959,-0.097717,0.247742,0.248720,-0.062598,-0.029750,-0.603852,0.951613,-0.032678,-0.967061,0.497913,-0.103190,0.977288,-1.485632,0.038000,0.420271,-0.265025,-0.685807,-0.439400,-0.071827
-0.555738,-0.436601,0.785512,-0.043217,0.013518,0.681359,-0.730547,-0.351633,-0.171048,-0.212435,0.506159,-0.109465,-0.016262,0.179297,0.026807,0.163356,0.613428,-0.166883,0.247747,0.235334,-0.045589,-0.020210,-0.644551,0.963534,-0.103082,-0.921830,0.443328,-0.068841,0.958868,-1.485618,0.012209,0.403633,-0.218595,-0.654125,-0.407314,-0.080455
-0.557889,-0.424766,0.785910,-0.039516,0.003861,0.719489,-0.693368,-0.379795,-0.098168,-0.150961,0.522256,-0.114924,-0.035722,0.149373,0.036669,0.165969,0.611767,-0.260529,0.247741,0.226404,-0.026464,-0.011134,-0.672738,0.962138,-0.155657,-0.868118,0.387919,-0.034951,0.931543,-1.485468,-0.005256,0.397198,-0.150803,-0.593624,-0.362341,-0.091050
-0.559283,-0.413304,0.786735,-0.034633,-0.005270,0.755819,-0.653843,-0.395784,-0.022514,-0.092225,0.531701,-0.116839,-0.053005,0.100820,-0.036028,0.094562,0.607017,-0.328039,0.247732,0.222272,-0.008720,-0.001186,-0.688456,0.943149,-0.193768,-0.806360,0.329329,-0.006021,0.904429,-1.483709,-0.020602,0.395485,-0.072246,-0.548890,-0.305232,-0.110948
-0.560388,-0.402600,0.787562,-0.030630,-0.012218,0.786989,-0.616086,-0.399616,0.045676,-0.040534,0.531369,-0.112662,-0.069567,0.060619,-0.190138,-0.071440,0.571748,-0.338270,0.247680,0.217311,0.002013,0.009471,-0.680078,0.903458,-0.232396,-0.738844,0.264716,0.028010,0.868379,-1.454973,-0.026204,0.397792,0.006428,-0.525034,-0.247534,-0.136326
-0.561655,-0.392360,0.787530,-0.030361,-0.015385,0.812203,-0.582381,-0.396652,0.098154,0.004385,0.523003,-0.106178,-0.086626,0.053369,-0.335737,-0.256555,0.500325,-0.308893,0.246892,0.206578,0.004556,0.019695,-0.646876,0.849092,-0.268973,-0.664952,0.221106,0.058340,0.817687,-1.378519,-0.010363,0.404941,0.085793,-0.476926,-0.175926,-0.140999
-0.563523,-0.381963,0.785983,-0.032150,-0.014371,0.832671,-0.552646,-0.390744,0.138480,0.044899,0.515709,-0.105415,-0.105253,0.041731,-0.391514,-0.346468,0.425891,-0.245703,0.246093,0.189849,0.003610,0.031399,-0.599740,0.766582,-0.300071,-0.587578,0.172100,0.098364,0.770010,-1.291785,0.004111,0.410922,0.155524,-0.476179,-0.123279,-0.161257
-0.566213,-0.371191,0.782201,-0.032225,-0.012950,0.848919,-0.527381,-0.383390,0.177231,0.081001,0.510928,-0.108031,-0.124452,0.005777,-0.363140,-0.290072,0.376368,-0.173950,0.247618,0.168238,0.005104,0.044410,-0.547565,0.679101,-0.327836,-0.501440,0.139633,0.137201,0.733982,-1.195746,0.031319,0.415650,0.232918,-0.466884,-0.050610,-0.172652
-0.569881,-0.360053,0.780268,-0.031437,-0.011257,0.862696,-0.504620,-0.376653,0.217080,0.118710,0.511021,-0.111652,-0.140127,-0.021773,-0.338845,-0.217616,0.362073,-0.180503,0.247663,0.148510,0.007702,0.057653,-0.505738,0.579692,-0.365652,-0.393350,0.082541,0.168795,0.694874,-1.097110,0.055539,0.423241,0.308884,-0.451520,0.037842,-0.168728
-0.574801,-0.348457,0.776944,-0.030233,-0.008703,0.873449,-0.485898,-0.369498,0.254386,0.151548,0.509594,-0.112588,-0.155182,-0.037673,-0.320634,-0.182301,0.357953,-0.235850,0.247558,0.131771,0.008603,0.071273,-0.472010,0.484410,-0.405332,-0.285403,0.019549,0.183999,0.672472,-1.002451,0.064537,0.432892,0.368104,-0.467830,0.121165,-0.182670
-0.580438,-0.336756,0.773070,-0.028728,-0.006648,0.882264,-0.469831,-0.356839,0.288786,0.179559,0.495898,-0.104222,-0.169094,-0.048988,-0.305243,-0.175853,0.351303,-0.281371,0.245968,0.116350,0.008930,0.084650,-0.444962,0.414083,-0.456733,-0.172716,0.011907,0.190991,0.679321,-0.901643,0.080797,0.428702,0.419320,-0.466116,0.199022,-0.188339
-0.586880,-0.325349,0.772920,-0.025834,-0.005830,0.889990,-0.455211,-0.336592,0.322778,0.204453,0.470642,-0.080815,-0.180601,-0.060288,-0.279213,-0.154591,0.348630,-0.300999,0.232520,0.099708,0.011342,0.097804,-0.409829,0.334876,-0.508219,-0.059132,-0.029058,0.207085,0.672217,-0.792650,0.094231,0.413486,0.463760,-0.450508,0.265722,-0.203356
-0.593697,-0.314092,0.774217,-0.022090,-0.005748,0.897950,-0.439505,-0.310686,0.357680,0.231315,0.438821,-0.041776,-0.186438,-0.073073,-0.245464,-0.122447,0.349259,-0.305672,0.215223,0.082886,0.016461,0.110859,-0.370352,0.255727,-0.549758,0.054864,-0.091103,0.229011,0.639595,-0.684131,0.101210,0.396580,0.508265,-0.430212,0.335904,-0.215691
-0.600591,-0.303312,0.775844,-0.018780,-0.006566,0.906944,-0.420782,-0.278354,0.393252,0.264356,0.400096,0.004430,-0.185729,-0.092122,-0.207767,-0.082147,0.358295,-0.304816,0.196616,0.066278,0.021981,0.122835,-0.331219,0.185719,-0.576717,0.166144,-0.149269,0.261517,0.589335,-0.578839,0.108282,0.373958,0.544087,-0.389105,0.378858,-0.233774
-0.607553,-0.293240,0.777152,-0.015081,-0.008468,0.916897,-0.398750,-0.239476,0.431821,0.306098,0.361986,0.045583,-0.182380,-0.107382,-0.165813,-0.042634,0.362606,-0.304327,0.172597,0.049852,0.026354,0.133213,-0.290013,0.131863,-0.606142,0.267379,-0.186439,0.287952,0.548661,-0.486794,0.101667,0.384331,0.587019,-0.375318,0.405724,-0.247530
-0.614293,-0.284143,0.778004,-0.010947,-0.011091,0.927396,-0.373756,-0.193294,0.472536,0.363854,0.328813,0.075316,-0.181601,-0.117967,-0.121026,-0.000346,0.363298,-0.305516,0.147928,0.031376,0.029740,0.142251,-0.263452,0.097298,-0.657011,0.357691,-0.200431,0.307878,0.503812,-0.412206,0.086165,0.410763,0.632667,-0.369852,0.423518,-0.256157
-0.620453,-0.276210,0.778937,-0.006718,-0.013989,0.937790,-0.346855,-0.142045,0.515215,0.454599,0.309672,0.091013,-0.178478,-0.124701,-0.076328,0.044388,0.361846,-0.304991,0.126580,0.009208,0.033133,0.150283,-0.239371,0.072318,-0.710757,0.438143,-0.221051,0.321119,0.446240,-0.349488,0.067979,0.439950,0.678198,-0.355300,0.439859,-0.242148
-0.626059,-0.269056,0.781403,-0.003532,-0.017296,0.947240,-0.320040,-0.096534,0.550972,0.544911,0.313922,0.079046,-0.180860,-0.129393,-0.033774,0.088597,0.357759,-0.298932,0.108900,-0.013431,0.036602,0.157764,-0.228152,0.058948,-0.771809,0.510054,-0.237366,0.330881,0.378830,-0.301036,0.038674,0.484655,0.713886,-0.357920,0.452910,-0.220836
-0.630810,-0.262855,0.782457,-0.001256,-0.020218,0.955417,-0.294565,-0.061265,0.563024,0.597394,0.339351,0.034901,-0.183407,-0.133003,0.003659,0.130631,0.353880,-0.290912,0.094786,-0.032162,0.039768,0.164947,-0.234979,0.052293,-0.846969,0.573519,-0.227909,0.322402,0.315865,-0.262358,-0.000498,0.534620,0.727279,-0.370391,0.445622,-0.198656
-0.634798,-0.257475,0.783012,0.000292,-0.022594,0.962420,-0.270623,-0.044617,0.552302,0.595864,0.381821,-0.033948,-0.191077,-0.136573,0.036114,0.169911,0.351891,-0.282632,0.083369,-0.045989,0.042275,0.171598,-0.257488,0.050509,-0.943452,0.631356,-0.189271,0.311699,0.257220,-0.221196,-0.043498,0.571918,0.722421,-0.366228,0.426845,-0.173556
-0.638297,-0.252651,0.783294,0.001474,-0.024092,0.967747,-0.250765,-0.043874,0.522718,0.558316,0.430352,-0.110864,-0.198117,-0.140705,0.063030,0.201921,0.354798,-0.275880,0.073380,-0.056019,0.044566,0.177406,-0.293212,0.050240,-1.052327,0.677096,-0.132670,0.291255,0.185366,-0.172186,-0.101217,0.608202,0.690531,-0.353202,0.391769,-0.131936
-0.641611,-0.248247,0.783330,0.002519,-0.024463,0.971464,-0.235910,-0.048955,0.487814,0.521897,0.476922,-0.172912,-0.200535,-0.143441,0.083647,0.225015,0.358852,-0.269717,0.064156,-0.064636,0.047095,0.181665,-0.334725,0.058401,-1.164795,0.704149,-0.053272,0.249601,0.101825,-0.118317,-0.166337,0.625740,0.647070,-0.322680,0.343703,-0.096482
-0.645069,-0.244225,0.782543,0.002970,-0.024336,0.973530,-0.227242,-0.041147,0.476569,0.553323,0.506127,-0.196033,-0.195957,-0.143135,0.097813,0.237588,0.358591,-0.264682,0.055177,-0.075291,0.050303,0.183518,-0.379693,0.071240,-1.255519,0.716892,0.051731,0.185746,0.051891,-0.073427,-0.228457,0.627542,0.599007,-0.285277,0.308778,-0.077186
-0.648884,-0.240878,0.782961,0.003383,-0.023895,0.974300,-0.223956,-0.015957,0.487577,0.623713,0.494666,-0.190954,-0.180120,-0.137607,0.107073,0.241906,0.352647,-0.259694,0.045880,-0.084871,0.053841,0.183098,-0.414670,0.087893,-1.317011,0.714815,0.152815,0.117739,0.051154,-0.017998,-0.292118,0.626340,0.546796,-0.256969,0.288715,-0.084689
-0.653031,-0.237570,0.783541,0.005797,-0.023099,0.975120,-0.220393,0.006410,0.490966,0.639749,0.474589,-0.172893,-0.184969,-0.127163,0.116248,0.246600,0.347694,-0.257002,0.036783,-0.088252,0.056472,0.181613,-0.429720,0.103781,-1.342538,0.711087,0.241963,0.073117,0.081215,0.032718,-0.349204,0.619412,0.518579,-0.248609,0.286520,-0.108242
-0.657347,-0.234456,0.783849,0.009318,-0.022406,0.975370,-0.219237,0.021256,0.493699,0.623808,0.461872,-0.155134,-0.208375,-0.114209,0.124514,0.247949,0.344978,-0.257252,0.028141,-0.089294,0.058364,0.179015,-0.424520,0.118279,-1.335074,0.709251,0.294416,0.054890,0.108177,0.079659,-0.387972,0.602327,0.514448,-0.252089,0.298160,-0.136249
-0.661574,-0.231414,0.784107,0.012866,-0.021129,0.974706,-0.222116,0.028744,0.494129,0.592615,0.452613,-0.134280,-0.237936,-0.100154,0.128804,0.242804,0.342001,-0.259064,0.020313,-0.090118,0.059806,0.175633,-0.407049,0.130594,-1.306681,0.710750,0.313271,0.054080,0.126411,0.123492,-0.407009,0.567949,0.530968,-0.260978,0.324540,-0.165294
-0.665428,-0.228313,0.784303,0.015667,-0.019409,0.973013,-0.229400,0.027156,0.496421,0.571976,0.452009,-0.117014,-0.243562,-0.088590,0.129324,0.229958,0.340641,-0.262100,0.012802,-0.092348,0.060608,0.172007,-0.384592,0.141390,-1.267327,0.716705,0.308668,0.061022,0.137630,0.162325,-0.405963,0.515210,0.560586,-0.271098,0.360110,-0.197958
-0.668933,-0.225064,0.784613,0.017550,-0.017101,0.970510,-0.239813,0.019572,0.498420,0.559414,0.454000,-0.099478,-0.236612,-0.078161,0.126361,0.211490,0.337048,-0.264247,0.005409,-0.095038,0.061279,0.168342,-0.363437,0.151944,-1.228294,0.727922,0.296001,0.073700,0.144985,0.196462,-0.387599,0.445919,0.600732,-0.284059,0.389302,-0.227375
-0.672073,-0.221769,0.785046,0.019120,-0.014391,0.967527,-0.251633,0.009497,0.497626,0.547462,0.454917,-0.080999,-0.221746,-0.068155,0.121397,0.190123,0.331998,-0.265583,-0.001621,-0.096849,0.062134,0.165086,-0.342509,0.161490,-1.189687,0.743830,0.282031,0.093341,0.158653,0.227539,-0.353623,0.354022,0.645703,-0.296428,0.421533,-0.261932
-0.674849,-0.218413,0.785422,0.020890,-0.011469,0.964368,-0.263489,-0.000005,0.494075,0.529971,0.453482,-0.063697,-0.208901,-0.058956,0.116091,0.168111,0.327784,-0.266605,-0.008295,-0.096305,0.063231,0.162481,-0.321741,0.170078,-1.150100,0.763883,0.264581,0.118171,0.177944,0.253358,-0.305800,0.244502,0.686217,-0.301187,0.448311,-0.307097
-0.677274,-0.214956,0.785641,0.022767,-0.008968,0.961341,-0.274270,-0.011086,0.490018,0.501852,0.453513,-0.047145,-0.201065,-0.050967,0.112386,0.147329,0.324535,-0.267497,-0.014877,-0.093164,0.064230,0.160801,-0.304149,0.182113,-1.118871,0.787610,0.256972,0.141619,0.195730,0.271463,-0.251456,0.136328,0.718837,-0.297574,0.466227,-0.343354
-0.679241,-0.211372,0.785756,0.024060,-0.006991,0.958322,-0.284589,-0.025421,0.486781,0.470831,0.455595,-0.030761,-0.196460,-0.045125,0.109649,0.127154,0.321187,-0.267677,-0.020667,-0.088720,0.065347,0.159706,-0.289291,0.197956,-1.091541,0.813067,0.259820,0.165496,0.213451,0.279662,-0.200975,0.053943,0.742606,-0.297501,0.469930,-0.366754
-0.680607,-0.207728,0.785839,0.024597,-0.005314,0.955266,-0.294677,-0.042023,0.483117,0.442299,0.457968,-0.015503,-0.189766,-0.041498,0.106863,0.107386,0.317146,-0.266974,-0.025519,-0.083728,0.066431,0.158793,-0.273896,0.215960,-1.063955,0.836978,0.269005,0.188981,0.230417,0.279365,-0.164390,0.024122,0.761194,-0.319662,0.464070,-0.357807
-0.681238,-0.204128,0.785851,0.023902,-0.003630,0.952093,-0.304852,-0.058627,0.478275,0.425258,0.457396,-0.006318,-0.175286,-0.041354,0.102557,0.087743,0.313341,-0.265892,-0.028847,-0.078999,0.067645,0.158418,-0.256538,0.233889,-1.033026,0.858869,0.277378,0.207238,0.242757,0.272659,-0.143735,0.044038,0.772123,-0.366775,0.450621,-0.320906
-0.681045,-0.200812,0.785715,0.022220,-0.002148,0.948741,-0.315266,-0.071676,0.471919,0.425106,0.452429,-0.011688,-0.156820,-0.045390,0.096761,0.068023,0.312356,-0.266015,-0.030246,-0.074875,0.069459,0.158894,-0.237955,0.248999,-0.990775,0.879560,0.274323,0.219233,0.253705,0.262761,-0.131117,0.080641,0.769548,-0.414882,0.425297,-0.274752
-0.679934,-0.198086,0.785707,0.020496,-0.001350,0.945366,-0.325364,-0.079704,0.464513,0.442772,0.447199,-0.036370,-0.142254,-0.052365,0.090740,0.049485,0.315448,-0.268614,-0.029767,-0.071692,0.072134,0.159757,-0.218892,0.260362,-0.942828,0.900559,0.264753,0.234062,0.262626,0.249723,-0.123934,0.119261,0.756475,-0.453424,0.398284,-0.223324
-0.678251,-0.195431,0.787570,0.018884,-0.000235,0.942746,-0.332975,-0.090906,0.435946,0.424526,0.445689,-0.078995,-0.154340,-0.060595,0.084073,0.035751,0.320992,-0.270635,-0.027983,-0.066593,0.075114,0.161265,-0.200809,0.264319,-0.891075,0.919066,0.247920,0.250872,0.263098,0.232519,-0.120779,0.150411,0.733688,-0.479323,0.372576,-0.188689
-0.675937,-0.193198,0.788270,0.017369,0.000936,0.940328,-0.339825,-0.103268,0.392060,0.380067,0.452796,-0.124405,-0.173934,-0.069067,0.076398,0.023741,0.326806,-0.272250,-0.025198,-0.061322,0.078292,0.163092,-0.186489,0.263328,-0.843181,0.933605,0.233848,0.265094,0.263485,0.209997,-0.120910,0.176744,0.706231,-0.497341,0.347048,-0.175471
-0.673146,-0.191311,0.788767,0.015382,0.002451,0.937729,-0.347017,-0.111233,0.354282,0.360132,0.465372,-0.161442,-0.148732,-0.077049,0.066582,0.011618,0.329635,-0.271807,-0.021901,-0.058637,0.082086,0.164291,-0.173917,0.255640,-0.802692,0.943417,0.224491,0.280054,0.264521,0.184423,-0.124674,0.200327,0.679569,-0.513523,0.323146,-0.184895
-0.670047,-0.189828,0.789216,0.013391,0.004231,0.935361,-0.353415,-0.111592,0.322145,0.361780,0.472690,-0.188171,-0.125076,-0.083076,0.055818,0.001020,0.328542,-0.269229,-0.018388,-0.057238,0.086242,0.164614,-0.162321,0.246490,-0.781526,0.944375,0.232632,0.285132,0.268059,0.158249,-0.127973,0.219724,0.659137,-0.524059,0.306186,-0.197165
-0.666708,-0.188732,0.789226,0.011402,0.005899,0.933466,-0.358436,-0.106672,0.300070,0.386176,0.473275,-0.205170,-0.105651,-0.088912,0.045392,-0.007144,0.326461,-0.265728,-0.014668,-0.056036,0.090417,0.164803,-0.150146,0.239249,-0.777669,0.936019,0.253101,0.277808,0.264287,0.131999,-0.126834,0.230909,0.644900,-0.519898,0.292071,-0.203567
-0.663137,-0.187964,0.787667,0.009970,0.007272,0.932261,-0.361575,-0.103133,0.283363,0.403935,0.470828,-0.211683,-0.098504,-0.094895,0.036527,-0.011919,0.325849,-0.262872,-0.010747,-0.053765,0.093762,0.165261,-0.136179,0.235230,-0.786801,0.916993,0.279596,0.263695,0.249014,0.110513,-0.123740,0.234328,0.647594,-0.501995,0.269195,-0.206708
-0.659381,-0.187631,0.787491,0.009090,0.008723,0.931322,-0.363978,-0.109450,0.271082,0.391194,0.470556,-0.208560,-0.107849,-0.099981,0.027817,-0.015035,0.326886,-0.260713,-0.006561,-0.049949,0.095831,0.166135,-0.127362,0.233991,-0.809420,0.893352,0.314552,0.245694,0.222308,0.084670,-0.116045,0.237335,0.654970,-0.479662,0.257572,-0.208615
-0.655361,-0.187490,0.787435,0.008966,0.010077,0.930469,-0.366123,-0.128304,0.257483,0.341360,0.489716,-0.201949,-0.134013,-0.105400,0.019311,-0.017552,0.331855,-0.260388,-0.001870,-0.045356,0.096726,0.167828,-0.125831,0.236878,-0.845301,0.867588,0.364573,0.223280,0.196613,0.059396,-0.105782,0.243618,0.666079,-0.457284,0.252114,-0.206160
-0.651043,-0.187668,0.787313,0.009116,0.011678,0.929634,-0.368185,-0.153930,0.234190,0.252546,0.520541,-0.197983,-0.176157,-0.110397,0.009981,-0.019535,0.337366,-0.260219,0.003399,-0.041038,0.096321,0.170089,-0.133791,0.241735,-0.893695,0.844793,0.435347,0.205859,0.180970,0.036276,-0.091796,0.248330,0.679903,-0.432676,0.252526,-0.202995
-0.646352,-0.188338,0.787376,0.009374,0.013307,0.928480,-0.371025,-0.178968,0.202864,0.149767,0.556838,-0.202673,-0.228477,-0.115521,-0.001000,-0.022482,0.343770,-0.260286,0.009940,-0.038668,0.095122,0.172197,-0.146741,0.241099,-0.938764,0.825978,0.507448,0.196331,0.171394,0.016555,-0.074181,0.248420,0.695733,-0.401971,0.258493,-0.200643
-0.640959,-0.189366,0.789505,0.009623,0.014651,0.926773,-0.375212,-0.200621,0.163247,0.052978,0.596584,-0.221710,-0.246776,-0.121489,-0.013834,-0.027508,0.351276,-0.259701,0.018029,-0.038933,0.093519,0.173741,-0.155601,0.231462,-0.960190,0.810078,0.550941,0.189777,0.164908,0.001148,-0.054785,0.244956,0.711267,-0.362514,0.265987,-0.196058
-0.635212,-0.190827,0.790033,0.009227,0.016195,0.925495,-0.378301,-0.212328,0.132871,-0.018151,0.634378,-0.244004,-0.247563,-0.128285,-0.027650,-0.030092,0.356648,-0.257617,0.027258,-0.041020,0.091898,0.174241,-0.154448,0.211938,-0.951072,0.793870,0.550593,0.183247,0.150388,-0.016315,-0.045117,0.251667,0.727643,-0.335824,0.275204,-0.183713
-0.629306,-0.192780,0.790033,0.008885,0.016878,0.925774,-0.377595,-0.213950,0.128159,-0.057269,0.662594,-0.265721,-0.245736,-0.134892,-0.037481,-0.026033,0.358281,-0.252807,0.036414,-0.042822,0.090296,0.174013,-0.152296,0.191866,-0.935458,0.779004,0.531344,0.175073,0.135430,-0.035143,-0.039166,0.277602,0.743389,-0.326555,0.286589,-0.167786
-0.623264,-0.195337,0.789838,0.008951,0.016745,0.927513,-0.373309,-0.206750,0.126711,-0.088019,0.675937,-0.283587,-0.226393,-0.140392,-0.043321,-0.015370,0.356883,-0.246227,0.045898,-0.042949,0.088930,0.173225,-0.153264,0.177504,-0.930874,0.763468,0.517961,0.165329,0.118844,-0.053425,-0.036824,0.315834,0.756904,-0.329724,0.292869,-0.153012
-0.616955,-0.198545,0.789386,0.009550,0.015337,0.930116,-0.366821,-0.189605,0.115348,-0.136167,0.670973,-0.295659,-0.209123,-0.146313,-0.045703,-0.000672,0.356223,-0.239972,0.056447,-0.041007,0.087607,0.171740,-0.158002,0.170646,-0.939686,0.745305,0.520318,0.152478,0.112366,-0.068601,-0.035987,0.357746,0.767230,-0.336919,0.290784,-0.142249
-0.610317,-0.202302,0.788637,0.010592,0.012661,0.933406,-0.358441,-0.163496,0.097043,-0.202116,0.647101,-0.298119,-0.200587,-0.153180,-0.044789,0.017140,0.356398,-0.233734,0.067731,-0.038322,0.085825,0.169595,-0.162015,0.168949,-0.953144,0.725745,0.527179,0.138443,0.113619,-0.079089,-0.034958,0.396649,0.774271,-0.340617,0.283329,-0.133558
-0.603431,-0.206484,0.787538,0.011507,0.009519,0.937191,-0.348497,-0.128603,0.081888,-0.262159,0.602125,-0.277344,-0.180024,-0.160201,-0.041964,0.037768,0.354687,-0.226064,0.078514,-0.036256,0.083774,0.167088,-0.162080,0.168268,-0.961836,0.706283,0.523970,0.125237,0.116086,-0.085669,-0.032217,0.427631,0.778569,-0.337239,0.280079,-0.125660
-0.596070,-0.211052,0.784961,0.013182,0.005778,0.941155,-0.337670,-0.087944,0.077304,-0.298798,0.540377,-0.266368,-0.175439,-0.166110,-0.037421,0.059826,0.351597,-0.218074,0.089219,-0.036244,0.081798,0.164865,-0.158857,0.167700,-0.965029,0.692135,0.508934,0.115980,0.114151,-0.088630,-0.026080,0.449721,0.779725,-0.321724,0.281573,-0.110986
-0.587908,-0.215868,0.783684,0.015292,0.000950,0.945032,-0.326618,-0.052453,0.091841,-0.281347,0.478860,-0.289563,-0.182762,-0.175062,-0.031019,0.082221,0.352611,-0.209431,0.101040,-0.039831,0.079923,0.163922,-0.154168,0.165590,-0.961153,0.683839,0.484334,0.115413,0.113997,-0.093065,-0.020047,0.469871,0.778569,-0.298730,0.286738,-0.083760
-0.578793,-0.220713,0.782368,0.017219,-0.003245,0.948855,-0.315225,-0.021792,0.107673,-0.232366,0.424267,-0.316707,-0.167196,-0.186933,-0.025504,0.106197,0.355840,-0.198579,0.113263,-0.044084,0.077656,0.164847,-0.147530,0.157428,-0.947078,0.682586,0.442275,0.124958,0.117568,-0.099676,-0.017041,0.488381,0.774854,-0.271571,0.296105,-0.049641
-0.568394,-0.225494,0.781109,0.017573,-0.005081,0.952991,-0.302446,0.002975,0.112791,-0.179877,0.374311,-0.331264,-0.148502,-0.205608,-0.024385,0.134808,0.363318,-0.184525,0.126518,-0.047149,0.073761,0.167633,-0.139330,0.139309,-0.918142,0.689282,0.372978,0.144831,0.124889,-0.110966,-0.020719,0.512009,0.769203,-0.252922,0.310059,-0.018612
-0.556629,-0.230131,0.779282,0.015363,-0.004198,0.957728,-0.287233,0.017768,0.104256,-0.135600,0.332559,-0.334039,-0.130647,-0.237991,-0.026299,0.171791,0.383544,-0.169972,0.140054,-0.047577,0.066177,0.172224,-0.132307,0.118648,-0.878713,0.700510,0.284343,0.166529,0.139939,-0.128276,-0.028882,0.541011,0.763479,-0.245657,0.322488,0.007130
-0.544200,-0.234382,0.778072,0.011971,-0.000330,0.962918,-0.269529,0.025510,0.087815,-0.093121,0.302540,-0.333386,-0.115966,-0.283612,-0.028216,0.213870,0.422578,-0.156971,0.151925,-0.045472,0.053130,0.178574,-0.135877,0.096750,-0.850390,0.717826,0.201935,0.197260,0.165278,-0.141529,-0.040710,0.581330,0.753213,-0.250048,0.330955,0.018196
-0.531399,-0.238291,0.776725,0.008650,0.005399,0.968203,-0.249958,0.030738,0.067703,-0.049290,0.277690,-0.332286,-0.104243,-0.333159,-0.028952,0.254779,0.466066,-0.137380,0.161492,-0.040823,0.035993,0.185989,-0.141988,0.083338,-0.830118,0.728094,0.139566,0.225502,0.193354,-0.155363,-0.049873,0.617664,0.739675,-0.252979,0.340738,0.022436
-0.518548,-0.241720,0.775910,0.005017,0.011049,0.973054,-0.230259,0.030430,0.048309,-0.005117,0.257830,-0.329114,-0.095558,-0.378501,-0.029022,0.288353,0.495641,-0.106724,0.166995,-0.034017,0.017130,0.193838,-0.146975,0.072759,-0.807845,0.733762,0.085185,0.252363,0.216701,-0.167637,-0.054165,0.651365,0.724046,-0.247660,0.348078,0.029122
-0.505811,-0.244988,0.777450,0.001922,0.016012,0.977274,-0.211367,0.027577,0.030621,0.036622,0.239903,-0.322773,-0.088945,-0.408619,-0.035180,0.301772,0.494395,-0.073581,0.167700,-0.025661,-0.001095,0.200873,-0.149881,0.059815,-0.780966,0.740925,0.028020,0.272739,0.221437,-0.178867,-0.056264,0.684807,0.710174,-0.238326,0.359836,0.034214
-0.493723,-0.247694,0.778377,-0.001686,0.020150,0.981117,-0.192354,0.020471,0.016275,0.077232,0.225293,-0.312817,-0.083631,-0.419739,-0.060032,0.261214,0.448970,-0.047130,0.167891,-0.015639,-0.018891,0.206182,-0.151522,0.043947,-0.744377,0.754900,-0.031359,0.298997,0.217018,-0.190039,-0.052287,0.713632,0.700229,-0.221132,0.369877,0.030367
-0.482203,-0.249495,0.781393,-0.005117,0.024558,0.984456,-0.173832,0.009863,0.003733,0.115884,0.216316,-0.300591,-0.077077,-0.416066,-0.110753,0.138172,0.371537,-0.048135,0.140805,-0.003706,-0.036904,0.209066,-0.150563,0.025051,-0.700737,0.771745,-0.088745,0.316495,0.220057,-0.198467,-0.040723,0.729416,0.698096,-0.187524,0.383932,0.013066
-0.471354,-0.250556,0.782594,-0.008176,0.025431,0.986778,-0.159860,-0.004096,-0.000641,0.145245,0.209424,-0.286979,-0.070623,-0.393474,-0.139655,0.053019,0.287464,-0.070902,0.108510,0.002936,-0.051737,0.209841,-0.153365,0.009042,-0.667255,0.790754,-0.130479,0.333823,0.231859,-0.207557,-0.019484,0.730706,0.707464,-0.134027,0.408182,-0.014928
-0.461216,-0.250895,0.783058,-0.011673,0.025082,0.988733,-0.147113,-0.023504,-0.000043,0.171423,0.211461,-0.277270,-0.064888,-0.373971,-0.157277,-0.002082,0.212302,-0.097818,0.119026,0.007658,-0.062717,0.210213,-0.150177,-0.004310,-0.634952,0.801117,-0.171884,0.339506,0.245300,-0.213140,0.002641,0.724505,0.720993,-0.077001,0.429947,-0.045765
-0.452011,-0.250543,0.782858,-0.013859,0.026586,0.990862,-0.131504,-0.045789,0.003043,0.202345,0.231424,-0.278343,-0.060697,-0.370550,-0.188691,-0.097039,0.190512,-0.146720,0.134936,0.015814,-0.071593,0.211674,-0.143042,-0.015620,-0.603574,0.804095,-0.216676,0.338049,0.255002,-0.216426,0.020010,0.718466,0.732899,-0.021471,0.443241,-0.078090
-0.443542,-0.249950,0.783110,-0.014646,0.025806,0.993119,-0.113288,-0.058958,0.012391,0.236408,0.240936,-0.275600,-0.057173,-0.370832,-0.230805,-0.225037,0.207021,-0.152275,0.157113,0.025833,-0.078339,0.213426,-0.137190,-0.020950,-0.579305,0.800600,-0.255866,0.337329,0.265898,-0.219715,0.034394,0.720648,0.743517,0.025877,0.441063,-0.119058
-0.435909,-0.248951,0.783704,-0.013457,0.023833,0.994891,-0.097176,-0.065779,0.024856,0.265929,0.246702,-0.271202,-0.054710,-0.378227,-0.265339,-0.290316,0.271705,-0.139234,0.135827,0.030993,-0.081126,0.216432,-0.136386,-0.020730,-0.570917,0.793906,-0.278252,0.343698,0.283591,-0.224259,0.043061,0.732261,0.753390,0.062231,0.432006,-0.165884
-0.429246,-0.247298,0.784135,-0.010374,0.022732,0.996007,-0.085704,-0.069651,0.036389,0.287098,0.255545,-0.268752,-0.054870,-0.386985,-0.287830,-0.281566,0.357187,-0.135978,0.134451,0.030912,-0.081638,0.220444,-0.141123,-0.018272,-0.581293,0.786987,-0.281925,0.354027,0.307794,-0.229389,0.045473,0.743626,0.762183,0.094388,0.424982,-0.207658
-0.423232,-0.245065,0.784280,-0.006496,0.022637,0.996648,-0.078347,-0.072216,0.045223,0.300766,0.263950,-0.265765,-0.056728,-0.394257,-0.297510,-0.223974,0.449899,-0.150973,0.141673,0.027138,-0.081258,0.224643,-0.150843,-0.017616,-0.600548,0.782071,-0.277207,0.369383,0.338502,-0.232519,0.043351,0.747957,0.767212,0.122654,0.417574,-0.240992
-0.417613,-0.242305,0.784031,-0.003058,0.023640,0.996969,-0.074058,-0.077502,0.051527,0.309033,0.274687,-0.263171,-0.059529,-0.397612,-0.299168,-0.151256,0.538837,-0.171124,0.157647,0.022193,-0.080688,0.228434,-0.164205,-0.021036,-0.623851,0.780419,-0.271351,0.385440,0.367624,-0.235240,0.036110,0.746296,0.770731,0.141371,0.413766,-0.266549
-0.412295,-0.239094,0.783402,-0.000607,0.025488,0.997150,-0.071009,-0.085580,0.056347,0.315034,0.287121,-0.261319,-0.063263,-0.393917,-0.304339,-0.097640,0.615307,-0.193368,0.174130,0.018536,-0.080745,0.231446,-0.177265,-0.030348,-0.645652,0.782319,-0.271011,0.402511,0.388044,-0.231836,0.028471,0.725200,0.774006,0.159960,0.408886,-0.297501
-0.407233,-0.235485,0.782492,0.000845,0.028132,0.997250,-0.068561,-0.094807,0.059640,0.320231,0.298488,-0.259280,-0.067703,-0.382086,-0.317922,-0.068729,0.671269,-0.219757,0.181967,0.016762,-0.081071,0.233297,-0.192653,-0.043880,-0.660711,0.789336,-0.278635,0.421449,0.404666,-0.232777,0.025739,0.695615,0.781508,0.177856,0.407453,-0.339459
-0.402354,-0.231492,0.781548,0.000831,0.031041,0.997369,-0.065510,-0.103624,0.062198,0.326479,0.303995,-0.254689,-0.072382,-0.361717,-0.336647,-0.060299,0.694244,-0.248482,0.189076,0.016521,-0.081300,0.233771,-0.203492,-0.061403,-0.670504,0.795792,-0.295647,0.436843,0.416527,-0.235317,0.023014,0.667352,0.791317,0.185278,0.402730,-0.383497
-0.397659,-0.227008,0.780582,-0.000296,0.034441,0.997513,-0.061502,-0.112889,0.064919,0.334319,0.307813,-0.249447,-0.077515,-0.335160,-0.351635,-0.057778,0.682007,-0.280467,0.192503,0.017022,-0.081555,0.233801,-0.210247,-0.078012,-0.682832,0.798995,-0.314562,0.445866,0.423459,-0.242279,0.020174,0.653340,0.806172,0.178455,0.403506,-0.411131
-0.393056,-0.221985,0.779736,-0.002301,0.037765,0.997701,-0.056219,-0.122242,0.069368,0.344059,0.309958,-0.243742,-0.083840,-0.303070,-0.347468,-0.035710,0.637931,-0.293239,0.218279,0.016995,-0.081439,0.234391,-0.213939,-0.090190,-0.699829,0.797111,-0.332338,0.450451,0.421329,-0.253360,0.018859,0.646136,0.825557,0.166914,0.408401,-0.419926
-0.388346,-0.216496,0.778887,-0.005113,0.040155,0.997889,-0.050780,-0.131817,0.075921,0.353812,0.308541,-0.237035,-0.090623,-0.269202,-0.317844,0.015571,0.576599,-0.274361,0.242575,0.016688,-0.079769,0.235945,-0.216372,-0.098813,-0.727181,0.791596,-0.346365,0.459668,0.400392,-0.262508,0.016575,0.636475,0.844990,0.155190,0.411635,-0.415565
-0.383224,-0.210404,0.776390,-0.009603,0.041900,0.998007,-0.046200,-0.149681,0.085504,0.361675,0.313547,-0.230703,-0.095969,-0.237130,-0.288774,0.055349,0.500693,-0.281930,0.215088,0.017663,-0.076178,0.238263,-0.223842,-0.100805,-0.762757,0.787014,-0.353985,0.473021,0.363437,-0.271083,0.019792,0.620929,0.863937,0.143961,0.412737,-0.410683
-0.378270,-0.203607,0.776545,-0.015246,0.041961,0.998106,-0.042311,-0.179532,0.102140,0.364879,0.335998,-0.225619,-0.098775,-0.220453,-0.280536,0.039676,0.431388,-0.289288,0.214366,0.022486,-0.070623,0.241827,-0.235346,-0.099710,-0.804709,0.789310,-0.354304,0.482373,0.324120,-0.278978,0.028837,0.601536,0.882936,0.128697,0.407945,-0.419910
-0.372644,-0.196464,0.776493,-0.022335,0.038254,0.998147,-0.041719,-0.233212,0.130009,0.354194,0.392372,-0.224710,-0.100313,-0.223754,-0.263608,0.025575,0.393494,-0.279716,0.201031,0.025449,-0.061580,0.246815,-0.245935,-0.097590,-0.837467,0.793890,-0.354598,0.484331,0.304281,-0.287185,0.046781,0.573436,0.903173,0.123069,0.403803,-0.423489
-0.366932,-0.189298,0.775870,-0.029073,0.031948,0.998073,-0.044549,-0.314290,0.167473,0.323982,0.494639,-0.205820,-0.117313,-0.235474,-0.242589,0.011746,0.376241,-0.271391,0.195552,0.026303,-0.049084,0.252793,-0.249830,-0.099673,-0.850386,0.790878,-0.363719,0.484303,0.313347,-0.294906,0.068543,0.540070,0.921330,0.130184,0.402210,-0.403675
-0.362338,-0.182973,0.776933,-0.032775,0.025732,0.997958,-0.048404,-0.407330,0.200135,0.262768,0.621551,-0.159695,-0.173692,-0.245818,-0.224042,-0.001834,0.374502,-0.270684,0.198933,0.025766,-0.035180,0.259093,-0.247645,-0.113175,-0.848235,0.779605,-0.389614,0.484040,0.348693,-0.305073,0.082145,0.520587,0.937521,0.129525,0.407078,-0.360455
-0.358723,-0.178428,0.777335,-0.034898,0.019582,0.997825,-0.052381,-0.491580,0.204856,0.171912,0.730425,-0.108742,-0.244372,-0.249561,-0.208894,-0.017133,0.368276,-0.266113,0.200731,0.022288,-0.022277,0.265157,-0.246148,-0.125436,-0.848694,0.770920,-0.417243,0.485119,0.400403,-0.323974,0.085380,0.538491,0.956481,0.094673,0.424038,-0.301600
-0.355792,-0.175652,0.780597,-0.036590,0.014497,0.997518,-0.058381,-0.561880,0.166454,0.098301,0.816788,-0.089916,-0.247593,-0.250646,-0.199952,-0.033755,0.360803,-0.258030,0.201962,0.009400,-0.010756,0.269157,-0.245282,-0.139733,-0.848547,0.758060,-0.445626,0.484388,0.465670,-0.344784,0.087759,0.528352,0.978438,0.074363,0.453695,-0.275427
-0.353253,-0.174650,0.781542,-0.038803,0.013107,0.997208,-0.062435,-0.604026,0.136631,0.033487,0.887096,-0.111457,-0.247716,-0.255911,-0.200020,-0.043272,0.356160,-0.250837,0.203310,-0.005595,-0.002743,0.270570,-0.248375,-0.142708,-0.874630,0.745647,-0.464072,0.482531,0.495148,-0.354526,0.088266,0.491815,0.994509,0.072408,0.471096,-0.274064
-0.351125,-0.174981,0.782036,-0.041912,0.015085,0.996957,-0.063972,-0.626279,0.158186,0.010571,0.930284,-0.147075,-0.247713,-0.263541,-0.205916,-0.044757,0.350159,-0.242168,0.204222,-0.016066,0.002534,0.269964,-0.248981,-0.139553,-0.886782,0.728536,-0.493819,0.478841,0.509639,-0.356397,0.089690,0.449488,1.002242,0.077681,0.478719,-0.272775
-0.349776,-0.176764,0.782088,-0.044755,0.017104,0.997009,-0.060637,-0.631703,0.199348,0.000812,0.940649,-0.174990,-0.247693,-0.272554,-0.210172,-0.037048,0.347097,-0.235718,0.205171,-0.018657,0.006227,0.268175,-0.251011,-0.131312,-0.900464,0.713665,-0.521843,0.474812,0.514563,-0.357145,0.091176,0.428848,1.008470,0.071050,0.482092,-0.261745
-0.349210,-0.180049,0.781468,-0.047241,0.016897,0.997204,-0.055384,-0.617950,0.215516,-0.023174,0.904861,-0.197445,-0.247661,-0.282314,-0.210760,-0.025503,0.349415,-0.233271,0.206902,-0.015813,0.009863,0.264877,-0.257775,-0.119181,-0.925770,0.704668,-0.538778,0.476659,0.513810,-0.356345,0.093451,0.423268,1.014994,0.055020,0.483344,-0.246564
-0.349320,-0.184644,0.780291,-0.049403,0.015100,0.997428,-0.049680,-0.584004,0.190569,-0.080160,0.822464,-0.210585,-0.247676,-0.291265,-0.209579,-0.013181,0.354274,-0.233690,0.209972,-0.011558,0.013499,0.260182,-0.265059,-0.109942,-0.946129,0.698731,-0.553388,0.476871,0.518260,-0.354363,0.098313,0.407211,1.018015,0.044106,0.483489,-0.248837
-0.349865,-0.190476,0.778558,-0.051181,0.011906,0.997685,-0.043163,-0.530759,0.154387,-0.162232,0.708509,-0.205278,-0.247680,-0.299682,-0.206896,0.000336,0.360818,-0.236228,0.215313,-0.007336,0.016584,0.254480,-0.271134,-0.103220,-0.961225,0.695513,-0.565730,0.475575,0.526274,-0.352086,0.105512,0.383334,1.018522,0.037126,0.483338,-0.261026
-0.350484,-0.197312,0.776258,-0.052857,0.008416,0.997971,-0.034492,-0.464484,0.125727,-0.242292,0.586784,-0.157391,-0.247661,-0.306622,-0.203245,0.016965,0.362408,-0.236313,0.222664,-0.003903,0.019039,0.248648,-0.274723,-0.096667,-0.969864,0.692144,-0.576919,0.472940,0.534841,-0.351247,0.112953,0.362996,1.016738,0.028323,0.482814,-0.271082
-0.350653,-0.204997,0.771623,-0.052996,0.003644,0.998320,-0.023120,-0.404339,0.141366,-0.254772,0.498503,-0.178429,-0.246980,-0.312615,-0.196376,0.036778,0.362482,-0.234482,0.229224,-0.001937,0.021983,0.244511,-0.274892,-0.089237,-0.971906,0.687274,-0.588216,0.466591,0.539102,-0.353136,0.118568,0.356500,1.015295,0.011174,0.482369,-0.271095
-0.350088,-0.213080,0.768090,-0.053657,-0.001881,0.998502,-0.010536,-0.363642,0.176055,-0.188515,0.434519,-0.224648,-0.235392,-0.322082,-0.186745,0.058164,0.362164,-0.227699,0.234736,-0.004100,0.024654,0.242903,-0.277079,-0.081112,-0.972583,0.683384,-0.595658,0.452856,0.530558,-0.362031,0.120747,0.359859,1.015054,-0.012100,0.482956,-0.262956
-0.348623,-0.221588,0.767121,-0.056090,-0.004831,0.998410,0.003006,-0.345327,0.190686,-0.143677,0.404034,-0.248252,-0.218318,-0.343688,-0.179971,0.085323,0.372648,-0.215912,0.239380,-0.005382,0.022730,0.244437,-0.286985,-0.072678,-0.973112,0.685860,-0.595052,0.435391,0.507257,-0.375712,0.119528,0.358358,1.006340,-0.031850,0.482962,-0.253294
-0.346058,-0.229790,0.766131,-0.060046,-0.004293,0.998096,0.013402,-0.350035,0.190054,-0.117245,0.403685,-0.257884,-0.215198,-0.382759,-0.179688,0.111897,0.407772,-0.203540,0.241597,-0.005997,0.015521,0.247882,-0.300548,-0.067946,-0.956064,0.694485,-0.596067,0.410891,0.495757,-0.392860,0.116281,0.344076,0.988546,-0.043611,0.482428,-0.248935
-0.342929,-0.237623,0.765221,-0.064546,-0.002858,0.997676,0.021620,-0.365711,0.185344,-0.096320,0.417134,-0.266576,-0.219292,-0.430844,-0.181298,0.133218,0.455483,-0.180021,0.244581,-0.006737,0.005446,0.251831,-0.311124,-0.067658,-0.927428,0.701482,-0.605273,0.386943,0.486085,-0.409544,0.114046,0.323315,0.969053,-0.049406,0.482111,-0.247028
-0.339900,-0.244932,0.766035,-0.069386,-0.000889,0.997171,0.028891,-0.383836,0.178381,-0.077321,0.433311,-0.273557,-0.216612,-0.480298,-0.182313,0.148987,0.503026,-0.148499,0.247265,-0.005865,-0.004662,0.255309,-0.325133,-0.068078,-0.903943,0.708308,-0.609627,0.373970,0.475951,-0.423784,0.113212,0.302710,0.951700,-0.054486,0.481908,-0.250237
-0.337023,-0.250812,0.766140,-0.073517,0.000640,0.996678,0.035034,-0.400476,0.172433,-0.063234,0.447805,-0.279302,-0.210056,-0.521027,-0.180412,0.151151,0.539681,-0.119431,0.247659,-0.001597,-0.013316,0.258333,-0.343266,-0.069497,-0.887873,0.717953,-0.607145,0.378844,0.471050,-0.434184,0.114333,0.287049,0.939596,-0.062320,0.481425,-0.253829
-0.334374,-0.254926,0.765990,-0.076820,0.001807,0.996228,0.040310,-0.415837,0.169248,-0.052287,0.461994,-0.284622,-0.205123,-0.551861,-0.181430,0.128358,0.566259,-0.112432,0.247680,0.006400,-0.021119,0.261304,-0.361993,-0.074073,-0.874976,0.730204,-0.601090,0.398547,0.473240,-0.442273,0.115805,0.279384,0.939271,-0.074396,0.482529,-0.248519
-0.332159,-0.257919,0.767269,-0.079781,0.002596,0.995879,0.043038,-0.428321,0.167091,-0.045649,0.471011,-0.287642,-0.205004,-0.569372,-0.184842,0.119151,0.571453,-0.144098,0.247705,0.013365,-0.027290,0.263617,-0.379422,-0.081254,-0.864286,0.741408,-0.589869,0.428941,0.478157,-0.448450,0.118831,0.272106,0.946554,-0.087364,0.483283,-0.240860
-0.330242,-0.259482,0.767061,-0.083332,0.003681,0.995597,0.042774,-0.438488,0.163570,-0.043880,0.470490,-0.285940,-0.205851,-0.569250,-0.192903,0.121414,0.544702,-0.185614,0.247701,0.017798,-0.032087,0.264617,-0.393971,-0.088574,-0.856516,0.749044,-0.567646,0.454774,0.471169,-0.454677,0.121685,0.268048,0.957771,-0.104874,0.483638,-0.228096
-0.328645,-0.259742,0.766158,-0.087342,0.005065,0.995363,0.039983,-0.448698,0.158384,-0.046676,0.466800,-0.281909,-0.207037,-0.556696,-0.196118,0.131435,0.493231,-0.213096,0.247697,0.020555,-0.035838,0.264412,-0.399912,-0.088582,-0.850371,0.757297,-0.537785,0.465597,0.447009,-0.461708,0.129426,0.264870,0.974496,-0.125961,0.484364,-0.218857
-0.327297,-0.258576,0.763961,-0.090670,0.007174,0.995183,0.036570,-0.458466,0.153504,-0.050888,0.465446,-0.279538,-0.209376,-0.533350,-0.171733,0.166550,0.441435,-0.222831,0.247707,0.022403,-0.038059,0.263542,-0.397773,-0.093799,-0.835992,0.764576,-0.508859,0.471369,0.429315,-0.468892,0.134752,0.260276,0.989354,-0.147745,0.484513,-0.214634
-0.326509,-0.255744,0.763243,-0.093242,0.009025,0.995057,0.032957,-0.469333,0.150781,-0.056772,0.471134,-0.280147,-0.213086,-0.509170,-0.142361,0.220603,0.409882,-0.220726,0.247711,0.024325,-0.038468,0.262657,-0.388181,-0.099399,-0.816590,0.765916,-0.483125,0.471110,0.417535,-0.476747,0.138972,0.259542,1.001767,-0.171631,0.484530,-0.209444
-0.325532,-0.253255,0.760599,-0.095960,0.009346,0.995001,0.026040,-0.485871,0.147652,-0.069402,0.481476,-0.278034,-0.216470,-0.495371,-0.144355,0.262846,0.393775,-0.227871,0.247638,0.023374,-0.037365,0.263056,-0.375798,-0.104022,-0.791003,0.763067,-0.468479,0.472084,0.408932,-0.481019,0.143415,0.255323,1.005774,-0.187506,0.484059,-0.199889
-0.324198,-0.249505,0.759519,-0.098390,0.009676,0.994933,0.018303,-0.506644,0.145210,-0.082608,0.498293,-0.271616,-0.224532,-0.497611,-0.152315,0.248362,0.391284,-0.221672,0.247598,0.024514,-0.036014,0.264541,-0.366239,-0.109692,-0.765199,0.757251,-0.458481,0.472063,0.410999,-0.482441,0.147139,0.242526,1.002862,-0.198952,0.483626,-0.205744
-0.322772,-0.245074,0.758124,-0.099778,0.009604,0.994894,0.011787,-0.534691,0.145449,-0.093373,0.532392,-0.263371,-0.233624,-0.512358,-0.153095,0.231433,0.415386,-0.224869,0.247618,0.025789,-0.031936,0.266906,-0.359321,-0.115787,-0.742879,0.750283,-0.448871,0.471467,0.419248,-0.483229,0.150461,0.228036,0.997335,-0.210756,0.483081,-0.222620
-0.321416,-0.240860,0.756744,-0.101088,0.008242,0.994824,0.006199,-0.573560,0.146023,-0.103769,0.585652,-0.247212,-0.246492,-0.527723,-0.149716,0.215790,0.441609,-0.233300,0.247613,0.025366,-0.026599,0.268888,-0.353911,-0.122435,-0.721820,0.746510,-0.438178,0.472223,0.430681,-0.483484,0.154146,0.211633,0.991350,-0.220846,0.482258,-0.245726
-0.320574,-0.238008,0.757525,-0.102580,0.004500,0.994713,-0.001965,-0.618051,0.134279,-0.113581,0.646974,-0.232417,-0.247624,-0.536334,-0.147184,0.196460,0.459309,-0.239690,0.247529,0.019399,-0.021104,0.269439,-0.346456,-0.129221,-0.696509,0.743233,-0.430487,0.468663,0.441729,-0.484025,0.158447,0.199315,0.986828,-0.232349,0.481114,-0.261269
